doi,modality,split,label
10.3892/mmr.2019.9805,text,internal,paper_mill
10.1155/2022/9288476,text,internal,paper_mill
10.1177/1533033818797587,text,internal,paper_mill
10.3892/ol.2017.6210,text,internal,paper_mill
10.1016/j.cellsig.2021.110029,text,internal,paper_mill
10.1042/bsr20190283,text,internal,paper_mill
10.1155/2021/8371996,text,internal,paper_mill
10.1155/2022/9180216,text,internal,paper_mill
10.2147/ott.s213231,text,internal,paper_mill
10.1155/2022/1121312,text,internal,paper_mill
10.3892/ol.2018.8128,text,internal,paper_mill
10.1002/jcb.27036,text,internal,paper_mill
10.3892/ijo.2014.2577,text,internal,paper_mill
10.3233/cbm-170317,text,internal,paper_mill
10.1080/24701556.2020.1727516,text,internal,paper_mill
10.1039/c8ra05855e,text,internal,paper_mill
10.3892/etm.2018.5710,text,internal,paper_mill
10.3892/mmr.2017.6658,text,internal,paper_mill
10.1155/2022/4539125,text,internal,paper_mill
10.3892/mmr.2020.11634,text,internal,paper_mill
10.1155/2022/7065845,text,internal,paper_mill
10.1002/cbf.3349,text,internal,paper_mill
10.1155/2022/6890790,text,internal,paper_mill
10.3892/ol.2018.9335,text,internal,paper_mill
10.1155/2020/5459209,text,internal,paper_mill
10.26355/eurrev_201908_18650,text,internal,paper_mill
10.1155/2022/2832739,text,internal,paper_mill
10.1155/2022/4622877,text,internal,paper_mill
10.26355/eurrev_201907_18431,text,internal,paper_mill
10.1002/jcb.26537,text,internal,paper_mill
10.1002/cam4.2586,text,internal,paper_mill
10.1155/2020/9825073,text,internal,paper_mill
10.1155/2022/2335443,text,internal,paper_mill
10.3892/mmr.2016.4901,text,internal,paper_mill
10.3892/or.2017.5810,text,internal,paper_mill
10.1155/2022/6716143,text,internal,paper_mill
10.3892/ijo.2017.3928,text,internal,paper_mill
10.3727/096504016x14719078133366,text,internal,paper_mill
10.1155/2022/5113447,text,internal,paper_mill
10.1177/09603271241293119,text,internal,paper_mill
10.1155/2021/5005459,text,internal,paper_mill
10.1155/2022/6883739,text,internal,paper_mill
10.1155/2021/1001446,text,internal,paper_mill
10.1155/2022/2240605,text,internal,paper_mill
10.26355/eurrev_201907_18296,text,internal,paper_mill
10.1155/2022/1864116,text,internal,paper_mill
10.1155/2022/8308192,text,internal,paper_mill
10.3892/or.2015.3832,text,internal,paper_mill
10.1159/000491718,text,internal,paper_mill
10.26355/eurrev_202001_19893,text,internal,paper_mill
10.1186/s12881-019-0940-6,text,internal,paper_mill
10.1088/1742-6596/1879/2/022088,text,internal,paper_mill
10.1002/zaac.201700190,text,internal,paper_mill
10.1038/aps.2017.154,text,internal,paper_mill
10.1371/journal.pone.0092230,text,internal,paper_mill
10.1002/jcb.26720,text,internal,paper_mill
10.1002/jcb.27444,text,internal,paper_mill
10.3892/mmr.2016.5127,text,internal,paper_mill
10.1042/bsr20191050,text,internal,paper_mill
10.3892/ijo.2015.2959,text,internal,paper_mill
10.1155/2022/8447083,text,internal,paper_mill
10.26355/eurrev_201903_17380,text,internal,paper_mill
10.2147/rmhp.s260113,text,internal,paper_mill
10.1080/24701556.2021.1952236,text,internal,paper_mill
10.3892/ijmm.2020.4826,text,internal,paper_mill
10.1002/jcb.28611,text,internal,paper_mill
10.1177/2058739219845534,text,internal,paper_mill
10.1080/21691401.2019.1648279,text,internal,paper_mill
10.1155/2022/5061112,text,internal,paper_mill
10.1155/2022/9693746,text,internal,paper_mill
10.3233/cbm-201518,text,internal,paper_mill
10.1155/2022/6989583,text,internal,paper_mill
10.1089/cbr.2014.1728,text,internal,paper_mill
10.1155/2022/3719857,text,internal,paper_mill
10.1002/ar.24024,text,internal,paper_mill
10.1155/2022/4326728,text,internal,paper_mill
10.3892/or.2016.4700,text,internal,paper_mill
10.1155/2022/4519982,text,internal,paper_mill
10.1155/2021/7773163,text,internal,paper_mill
10.3892/mmr.2017.8350,text,internal,paper_mill
10.1155/2022/7595230,text,internal,paper_mill
10.1080/15384101.2018.1475826,text,internal,paper_mill
10.26355/eurrev_202001_19909,text,internal,paper_mill
10.1002/jcb.29431,text,internal,paper_mill
10.2147/dddt.s146925,text,internal,paper_mill
10.3892/etm.2017.4655,text,internal,paper_mill
10.1159/000484118,text,internal,paper_mill
10.3892/or.2017.5604,text,internal,paper_mill
10.26355/eurrev_202002_20158,text,internal,paper_mill
10.3892/mmr.2016.5572,text,internal,paper_mill
10.1155/2022/3140070,text,internal,paper_mill
10.1155/2022/5188202,text,internal,paper_mill
10.26355/eurrev_201906_18069,text,internal,paper_mill
10.1155/2022/9294634,text,internal,paper_mill
10.1155/2022/6441179,text,internal,paper_mill
10.1016/j.lfs.2020.118794,text,internal,paper_mill
10.1002/ar.24324,text,internal,paper_mill
10.1186/1471-2091-13-25,text,internal,paper_mill
10.1155/2020/4637109,text,internal,paper_mill
10.1155/2022/2338622,text,internal,paper_mill
10.1155/2022/9490827,text,internal,paper_mill
10.1155/2022/1790104,text,internal,paper_mill
10.1155/2022/1133332,text,internal,paper_mill
10.1042/bsr20170186,text,internal,paper_mill
10.1155/2021/9935451,text,internal,paper_mill
10.1155/2022/7350489,text,internal,paper_mill
10.1039/c9ra06188f,text,internal,paper_mill
10.1155/2022/1475871,text,internal,paper_mill
10.3892/mmr.2017.6995,text,internal,paper_mill
10.1155/2021/3520034,text,internal,paper_mill
10.1155/2022/7171126,text,internal,paper_mill
10.1155/2022/2032895,text,internal,paper_mill
10.1016/j.omtn.2019.10.047,text,internal,paper_mill
10.3892/mmr.2014.2684,text,internal,paper_mill
10.1155/2022/2476126,text,internal,paper_mill
10.3892/mmr.2017.6816,text,internal,paper_mill
10.1159/000481839,text,internal,paper_mill
10.3233/jifs-231176,text,internal,paper_mill
10.1042/bsr20194496,text,internal,paper_mill
10.1155/2022/9995962,text,internal,paper_mill
10.1155/2021/4609256,text,internal,paper_mill
10.1155/2022/4247631,text,internal,paper_mill
10.1002/jcb.27873,text,internal,paper_mill
10.1155/2022/8381559,text,internal,paper_mill
10.1039/c8ra09546a,text,internal,paper_mill
10.1155/2022/6940715,text,internal,paper_mill
10.1038/s41401-018-0159-7,text,internal,paper_mill
10.26355/eurrev_201908_18620,text,internal,paper_mill
10.1111/cas.13575,text,internal,paper_mill
10.1039/c7ra12520h,text,internal,paper_mill
10.3892/or.2016.5146,text,internal,paper_mill
10.1016/j.jinorgbio.2021.111655,text,internal,paper_mill
10.1155/2022/2813521,text,internal,paper_mill
10.1177/0300060519870915,text,internal,paper_mill
10.3892/etm.2019.7676,text,internal,paper_mill
10.1080/24701556.2017.1357599,text,internal,paper_mill
10.1080/24701556.2020.1748057,text,internal,paper_mill
10.1155/2022/7051643,text,internal,paper_mill
10.18632/oncotarget.23048,text,internal,paper_mill
10.3892/or.2015.4485,text,internal,paper_mill
10.1155/2022/4552356,text,internal,paper_mill
10.1039/c9ra07900a,text,internal,paper_mill
10.26355/eurrev_202002_20347,text,internal,paper_mill
10.1080/24701556.2019.1569056,text,internal,paper_mill
10.1155/2022/3877984,text,internal,paper_mill
10.1155/2022/6426763,text,internal,paper_mill
10.1155/2022/6507865,text,internal,paper_mill
10.1155/2022/4041550,text,internal,paper_mill
10.1155/2021/9921195,text,internal,paper_mill
10.1080/24701556.2020.1852421,text,internal,paper_mill
10.2147/ott.s183940,text,internal,paper_mill
10.1155/2022/3317624,text,internal,paper_mill
10.26355/eurrev_201911_19570,text,internal,paper_mill
10.26355/eurrev_202004_21014,text,internal,paper_mill
10.1155/2021/8985721,text,internal,paper_mill
10.1155/2021/1068090,text,internal,paper_mill
10.1002/ar.24350,text,internal,paper_mill
10.2147/ott.s257001,text,internal,paper_mill
10.1155/2021/2360717,text,internal,paper_mill
10.1042/bsr20191571,text,internal,paper_mill
10.1155/2021/4883509,text,internal,paper_mill
10.26355/eurrev_201912_19778,text,internal,paper_mill
10.1155/2019/9258075,text,internal,paper_mill
10.1155/2022/3726351,text,internal,paper_mill
10.1155/2022/2368155,text,internal,paper_mill
10.1155/2022/7587398,text,internal,paper_mill
10.26355/eurrev_201803_14481,text,internal,paper_mill
10.1155/2022/4376960,text,internal,paper_mill
10.1186/s12935-020-01365-x,text,internal,paper_mill
10.1371/journal.pone.0115300,text,internal,paper_mill
10.26355/eurrev_202003_20688,text,internal,paper_mill
10.1155/2022/2223149,text,internal,paper_mill
10.1155/2022/4071081,text,internal,paper_mill
10.1002/ar.24464,text,internal,paper_mill
10.3892/mmr.2017.7103,text,internal,paper_mill
10.1155/2022/2105332,text,internal,paper_mill
10.26355/eurrev_201911_19436,text,internal,paper_mill
10.1159/000491963,text,internal,paper_mill
10.1155/2022/4640849,text,internal,paper_mill
10.1007/s13277-015-4369-z,text,internal,paper_mill
10.1155/2022/4774195,text,internal,paper_mill
10.2147/ott.s232839,text,internal,paper_mill
10.3233/jifs-233546,text,internal,paper_mill
10.1155/2022/4082121,text,internal,paper_mill
10.1002/jcp.29284,text,internal,paper_mill
10.3389/fimmu.2021.681984,text,internal,paper_mill
10.1155/2022/6835625,text,internal,paper_mill
10.1155/2020/2748219,text,internal,paper_mill
10.1002/jcb.28729,text,internal,paper_mill
10.3892/mmr.2016.5769,text,internal,paper_mill
10.1155/2022/5800575,text,internal,paper_mill
10.3892/or.2018.6302,text,internal,paper_mill
10.1155/2022/1693824,text,internal,paper_mill
10.1155/2022/5032172,text,internal,paper_mill
10.1155/2022/3293054,text,internal,paper_mill
10.1155/2022/2513263,text,internal,paper_mill
10.1002/jcb.28777,text,internal,paper_mill
10.3892/mmr.2018.8682,text,internal,paper_mill
10.1155/2022/7469041,text,internal,paper_mill
10.1155/2022/6293816,text,internal,paper_mill
10.1155/2022/1032503,text,internal,paper_mill
10.1155/2022/1008652,text,internal,paper_mill
10.1002/jcp.28574,text,internal,paper_mill
10.1039/c9ra01491h,text,internal,paper_mill
10.3892/etm.2017.5624,text,internal,paper_mill
10.26355/eurrev_202005_21331,text,internal,paper_mill
10.3892/etm.2020.9046,text,internal,paper_mill
10.1039/c8ra02291g,text,internal,paper_mill
10.1155/2022/8024700,text,internal,paper_mill
10.1039/c9ra07332a,text,internal,paper_mill
10.1007/s11010-018-3490-x,text,internal,paper_mill
10.1155/2022/8974859,text,internal,paper_mill
10.3892/ol.2016.4364,text,internal,paper_mill
10.26355/eurrev_201912_19661,text,internal,paper_mill
10.1155/2022/4703524,text,internal,paper_mill
10.26355/eurrev_202006_21640,text,internal,paper_mill
10.3233/cbm-170310,text,internal,paper_mill
10.3892/etm.2017.4435,text,internal,paper_mill
10.1159/000494015,text,internal,paper_mill
10.1080/21691401.2019.1640233,text,internal,paper_mill
10.1039/c8ra02090f,text,internal,paper_mill
10.1155/2021/9999268,text,internal,paper_mill
10.1002/biof.1618,text,internal,paper_mill
10.3892/ol.2018.8049,text,internal,paper_mill
10.1155/2022/6428796,text,internal,paper_mill
10.2147/ott.s213371,text,internal,paper_mill
10.1155/2021/2252705,text,internal,paper_mill
10.3892/or.2017.6142,text,internal,paper_mill
10.1038/s41419-022-04750-8,text,internal,paper_mill
10.1039/c9ra06378a,text,internal,paper_mill
10.3892/ol.2018.8727,text,internal,paper_mill
10.1155/2021/2804521,text,internal,paper_mill
10.1155/2022/7957121,text,internal,paper_mill
10.1155/2021/6673712,text,internal,paper_mill
10.1155/2022/6910126,text,internal,paper_mill
10.3892/mmr.2014.2021,text,internal,paper_mill
10.1155/2022/6587884,text,internal,paper_mill
10.26355/eurrev_202004_20818,text,internal,paper_mill
10.1159/000489365,text,internal,paper_mill
10.1042/bsr20160048,text,internal,paper_mill
10.26355/eurrev_201911_19421,text,internal,paper_mill
10.1155/2022/3127058,text,internal,paper_mill
10.1155/2021/9174055,text,internal,paper_mill
10.1039/c9ra08872e,text,internal,paper_mill
10.1155/2021/8814843,text,internal,paper_mill
10.3892/mmr.2018.9020,text,internal,paper_mill
10.1155/2022/8979404,text,internal,paper_mill
10.1002/jcb.26297,text,internal,paper_mill
10.26355/eurrev_201908_18721,text,internal,paper_mill
10.1159/000489111,text,internal,paper_mill
10.3892/mmr.2017.8229,text,internal,paper_mill
10.26355/eurrev_201908_18729,text,internal,paper_mill
10.1155/2022/1635446,text,internal,paper_mill
10.1155/2022/2309339,text,internal,paper_mill
10.1155/2022/2880087,text,internal,paper_mill
10.1155/2022/8450673,text,internal,paper_mill
10.1155/2022/5892463,text,internal,paper_mill
10.3892/mmr.2015.3937,text,internal,paper_mill
10.3892/ijo.2018.4412,text,internal,paper_mill
10.1155/2022/6451770,text,internal,paper_mill
10.3892/ol.2021.12526,text,internal,paper_mill
10.1155/2022/9205150,text,internal,paper_mill
10.1155/2022/2980691,text,internal,paper_mill
10.1155/2022/1947504,text,internal,paper_mill
10.1155/2022/4491573,text,internal,paper_mill
10.1155/2022/9292538,text,internal,paper_mill
10.1155/2020/8824519,text,internal,paper_mill
10.1155/2022/2786567,text,internal,paper_mill
10.1155/2022/1548155,text,internal,paper_mill
10.1155/2022/4404406,text,internal,paper_mill
10.1155/2022/9366223,text,internal,paper_mill
10.1155/2022/7095423,text,internal,paper_mill
10.1002/jcb.26252,text,internal,paper_mill
10.1155/2021/5516819,text,internal,paper_mill
10.1002/2211-5463.13025,text,internal,paper_mill
10.1155/2022/9231641,text,internal,paper_mill
10.3892/ijo.2019.4875,text,internal,paper_mill
10.1155/2022/2311471,text,internal,paper_mill
10.1155/2022/1854473,text,internal,paper_mill
10.3892/ol.2020.11271,text,internal,paper_mill
10.1155/2021/6299472,text,internal,paper_mill
10.3892/or.2012.1788,text,internal,paper_mill
10.1155/2022/7642511,text,internal,paper_mill
10.1155/2023/9969437,text,internal,paper_mill
10.3892/or.2017.5745,text,internal,paper_mill
10.18632/aging.103036,text,internal,paper_mill
10.1155/2022/2641239,text,internal,paper_mill
10.1155/2021/3291762,text,internal,paper_mill
10.1002/mc.22764,text,internal,paper_mill
10.1007/s00210-019-01687-2,text,internal,paper_mill
10.3892/ijo.2016.3628,text,internal,paper_mill
10.1155/2021/6640652,text,internal,paper_mill
10.1155/2022/9570900,text,internal,paper_mill
10.1155/2022/9603492,text,internal,paper_mill
10.1002/jcb.26716,text,internal,paper_mill
10.1002/biof.1613,text,internal,paper_mill
10.1016/j.omtn.2019.10.035,text,internal,paper_mill
10.1155/2022/3751400,text,internal,paper_mill
10.1155/2021/4896106,text,internal,paper_mill
10.1080/21691401.2019.1699825,text,internal,paper_mill
10.1155/2022/4217529,text,internal,paper_mill
10.1155/2022/3268773,text,internal,paper_mill
10.1155/2022/4903323,text,internal,paper_mill
10.1155/2021/6635947,text,internal,paper_mill
10.3892/mmr.2018.9295,text,internal,paper_mill
10.3892/mmr.2017.7077,text,internal,paper_mill
10.1155/2020/8386936,text,internal,paper_mill
10.1155/2022/4416439,text,internal,paper_mill
10.1002/bab.1310,text,internal,paper_mill
10.1007/s11010-020-03814-7,text,internal,paper_mill
10.1002/jcb.27680,text,internal,paper_mill
10.1155/2022/5417753,text,internal,paper_mill
10.1159/000479610,text,internal,paper_mill
10.1002/jcp.28259,text,internal,paper_mill
10.3892/or.2021.8093,text,internal,paper_mill
10.3389/fonc.2021.622727,text,internal,paper_mill
10.3892/ijo.2018.4467,text,internal,paper_mill
10.1155/2022/1338214,text,internal,paper_mill
10.3892/etm.2015.2306,text,internal,paper_mill
10.3892/mmr.2015.3545,text,internal,paper_mill
10.3233/jifs-231480,text,internal,paper_mill
10.1080/24701556.2020.1814333,text,internal,paper_mill
10.1186/1471-2407-14-243,text,internal,paper_mill
10.1371/journal.pone.0249375,text,internal,paper_mill
10.1155/2022/8691835,text,internal,paper_mill
10.1371/journal.pone.0122851,text,internal,paper_mill
10.1186/s12943-018-0783-3,text,internal,paper_mill
10.3389/fimmu.2021.699746,text,internal,paper_mill
10.1177/09603271241229140,text,internal,paper_mill
10.1155/2021/6686158,text,internal,paper_mill
10.1155/2022/3398156,text,internal,paper_mill
10.1371/journal.pone.0088779,text,internal,paper_mill
10.1016/j.omtn.2020.09.020,text,internal,paper_mill
10.1155/2022/9381203,text,internal,paper_mill
10.3892/mmr.2017.7345,text,internal,paper_mill
10.1155/2022/1418232,text,internal,paper_mill
10.1155/2022/1231446,text,internal,paper_mill
10.1155/2022/8598046,text,internal,paper_mill
10.1155/2022/5492602,text,internal,paper_mill
10.1177/2058739219858553,text,internal,paper_mill
10.1155/2022/6370766,text,internal,paper_mill
10.1002/jcb.26880,text,internal,paper_mill
10.1155/2022/4933401,text,internal,paper_mill
10.1155/2021/6697597,text,internal,paper_mill
10.1155/2022/6958806,text,internal,paper_mill
10.1155/2023/6905216,text,internal,paper_mill
10.1039/c8ra00296g,text,internal,paper_mill
10.3892/mmr.2015.3425,text,internal,paper_mill
10.1042/bsr20191348,text,internal,paper_mill
10.26355/eurrev_201810_16140,text,internal,paper_mill
10.3892/ol.2019.10040,text,internal,paper_mill
10.1155/2022/6952304,text,internal,paper_mill
10.12659/msm.910702,text,internal,paper_mill
10.2147/cmar.s269774,text,internal,paper_mill
10.1155/2022/2756459,text,internal,paper_mill
10.1038/s41417-020-00247-8,text,internal,paper_mill
10.1155/2022/2419454,text,internal,paper_mill
10.1186/s11671-020-03416-8,text,internal,paper_mill
10.1515/med-2022-0418,text,internal,paper_mill
10.1155/2022/4968016,text,internal,paper_mill
10.1155/2022/6881932,text,internal,paper_mill
10.1155/2022/9993393,text,internal,paper_mill
10.3892/ijmm.2015.2217,text,internal,paper_mill
10.26355/eurrev_201911_19544,text,internal,paper_mill
10.1177/00207209211013478,text,internal,paper_mill
10.1186/s13046-018-0875-3,text,internal,paper_mill
10.3892/mmr.2018.9750,text,internal,paper_mill
10.1155/2022/1940846,text,internal,paper_mill
10.1042/bsr20192298,text,internal,paper_mill
10.1038/s41389-018-0078-y,text,internal,paper_mill
10.1155/2021/8936820,text,internal,paper_mill
10.1155/2022/7352489,text,internal,paper_mill
10.3892/or.2017.5835,text,internal,paper_mill
10.2147/ott.s168654,text,internal,paper_mill
10.1155/2022/3235238,text,internal,paper_mill
10.1080/24701556.2017.1357617,text,internal,paper_mill
10.1002/jcp.26863,text,internal,paper_mill
10.3389/fbioe.2021.775309,text,internal,paper_mill
10.1155/2022/8666724,text,internal,paper_mill
10.1155/2022/5499298,text,internal,paper_mill
10.1155/2021/8996673,text,internal,paper_mill
10.1042/bsr20190421,text,internal,paper_mill
10.1155/2022/4082196,text,internal,paper_mill
10.1155/2021/5906855,text,internal,paper_mill
10.1177/2058739218792322,text,internal,paper_mill
10.1155/2021/6733341,text,internal,paper_mill
10.18632/oncotarget.13747,text,internal,paper_mill
10.1002/jcb.26230,text,internal,paper_mill
10.1002/jcb.29429,text,internal,paper_mill
10.1134/s0022476620070161,text,internal,paper_mill
10.1002/jcp.28911,text,internal,paper_mill
10.1155/2022/5178122,text,internal,paper_mill
10.1155/2022/1787854,text,internal,paper_mill
10.1155/2021/6674988,text,internal,paper_mill
10.3892/etm.2021.10528,text,internal,paper_mill
10.1155/2022/4857814,text,internal,paper_mill
10.2147/ott.s160428,text,internal,paper_mill
10.1038/s41419-020-03170-w,text,internal,paper_mill
10.1155/2022/6107940,text,internal,paper_mill
10.3892/mmr.2015.4728,text,internal,paper_mill
10.1155/2022/2593844,text,internal,paper_mill
10.1039/c9ra04962b,text,internal,paper_mill
10.1016/j.arabjc.2020.102921,text,internal,paper_mill
10.2147/cmar.s276290,text,internal,paper_mill
10.3892/mmr.2015.4506,text,internal,paper_mill
10.3892/mmr.2021.12099,text,internal,paper_mill
10.1155/2022/5751903,text,internal,paper_mill
10.1155/2022/9578307,text,internal,paper_mill
10.26355/eurrev_201804_14711,text,internal,paper_mill
10.1155/2022/5049116,text,internal,paper_mill
10.1155/2020/1039312,text,internal,paper_mill
10.1016/j.biocel.2021.105967,text,internal,paper_mill
10.1155/2022/4010947,text,internal,paper_mill
10.1155/2022/7102500,text,internal,paper_mill
10.1155/2022/2842066,text,internal,paper_mill
10.1002/jcb.26894,text,internal,paper_mill
10.1042/bsr20200392,text,internal,paper_mill
10.2147/ott.s249392,text,internal,paper_mill
10.1155/2022/4513208,text,internal,paper_mill
10.3233/cbm-170802,text,internal,paper_mill
10.1177/2058739220934604,text,internal,paper_mill
10.1080/21691401.2019.1642903,text,internal,paper_mill
10.3892/or.2017.5916,text,internal,paper_mill
10.3727/096504016x14791726591124,text,internal,paper_mill
10.1080/24701556.2021.1916759,text,internal,paper_mill
10.2147/ijn.s136378,text,internal,paper_mill
10.3892/ijmm.2019.4429,text,internal,paper_mill
10.3389/fchem.2021.722990,text,internal,paper_mill
10.3233/jifs-236636,text,internal,paper_mill
10.1016/j.omtn.2019.04.030,text,internal,paper_mill
10.1155/2022/6468773,text,internal,paper_mill
10.1038/cgt.2015.27,text,internal,paper_mill
10.1155/2021/8666498,text,internal,paper_mill
10.1042/bsr20160165,text,internal,paper_mill
10.26355/eurrev_201906_18059,text,internal,paper_mill
10.3892/ijmm.2018.3464,text,internal,paper_mill
10.1089/cbr.2019.3520,text,internal,paper_mill
10.26355/eurrev_201907_18305,text,internal,paper_mill
10.1016/j.biopha.2019.108844,text,internal,paper_mill
10.1177/0300060518817171,text,internal,paper_mill
10.1155/2022/9529814,text,internal,paper_mill
10.1155/2021/2895893,text,internal,paper_mill
10.1155/2022/3158956,text,internal,paper_mill
10.1016/j.biopha.2017.08.048,text,internal,paper_mill
10.26355/eurrev_202002_20350,text,internal,paper_mill
10.26355/eurrev_202003_20658,text,internal,paper_mill
10.3892/ol.2019.10331,text,internal,paper_mill
10.1155/2022/5794422,text,internal,paper_mill
10.26355/eurrev_201909_18841,text,internal,paper_mill
10.1155/2022/2771869,text,internal,paper_mill
10.1002/jcb.26606,text,internal,paper_mill
10.1002/jcp.26955,text,internal,paper_mill
10.1155/2022/9554223,text,internal,paper_mill
10.1155/2022/9339905,text,internal,paper_mill
10.1016/j.biopha.2017.09.086,text,internal,paper_mill
10.2147/ott.s214881,text,internal,paper_mill
10.26355/eurrev_201906_18060,text,internal,paper_mill
10.1016/j.pharep.2017.06.005,text,internal,paper_mill
10.1039/c9ra01785b,text,internal,paper_mill
10.1155/2022/6044676,text,internal,paper_mill
10.1155/2022/2021613,text,internal,paper_mill
10.1016/j.omtn.2019.10.041,text,internal,paper_mill
10.1155/2022/9367919,text,internal,paper_mill
10.1016/j.omtn.2019.10.036,text,internal,paper_mill
10.1155/2021/3210494,text,internal,paper_mill
10.1007/s13205-021-02981-8,text,internal,paper_mill
10.1139/bcb-2019-0019,text,internal,paper_mill
10.3892/or.2017.6157,text,internal,paper_mill
10.1155/2022/2645528,text,internal,paper_mill
10.2147/ott.s219440,text,internal,paper_mill
10.1155/2021/1732176,text,internal,paper_mill
10.1155/2021/9968691,text,internal,paper_mill
10.1155/2022/2204981,text,internal,paper_mill
10.3892/mmr.2017.7282,text,internal,paper_mill
10.1177/2058739219838396,text,internal,paper_mill
10.1080/21691401.2019.1666863,text,internal,paper_mill
10.1155/2022/3188992,text,internal,paper_mill
10.1155/2021/5514726,text,internal,paper_mill
10.1080/24701556.2020.1727513,text,internal,paper_mill
10.1002/jcp.26573,text,internal,paper_mill
10.1155/2022/3722703,text,internal,paper_mill
10.1089/cbr.2018.2545,text,internal,paper_mill
10.1089/cbr.2017.2386,text,internal,paper_mill
10.1155/2022/9580991,text,internal,paper_mill
10.1155/2021/8635381,text,internal,paper_mill
10.1186/s12935-021-01885-0,text,internal,paper_mill
10.1155/2022/9051678,text,internal,paper_mill
10.1039/c9ra09887a,text,internal,paper_mill
10.1042/bsr20181882,text,internal,paper_mill
10.1155/2022/9690401,text,internal,paper_mill
10.1155/2023/9196583,text,internal,paper_mill
10.3892/ijo.2019.4759,text,internal,paper_mill
10.1002/ar.24415,text,internal,paper_mill
10.1002/2211-5463.12676,text,internal,paper_mill
10.26355/eurrev_201904_17689,text,internal,paper_mill
10.2147/cmar.s229083,text,internal,paper_mill
10.3892/mmr.2018.9652,text,internal,paper_mill
10.1177/1533033819870209,text,internal,paper_mill
10.3892/or.2020.7905,text,internal,paper_mill
10.2147/ott.s241816,text,internal,paper_mill
10.1002/2211-5463.12869,text,internal,paper_mill
10.3892/etm.2017.5467,text,internal,paper_mill
10.1177/2058739219846346,text,internal,paper_mill
10.1155/2020/9567846,text,internal,paper_mill
10.1155/2022/6730024,text,internal,paper_mill
10.1080/21691401.2018.1436065,text,internal,paper_mill
10.3892/mmr.2017.7195,text,internal,paper_mill
10.1155/2021/2464269,text,internal,paper_mill
10.1002/jcp.29202,text,internal,paper_mill
10.1002/mgg3.991,text,internal,paper_mill
10.1159/000494472,text,internal,paper_mill
10.1177/2058739220959904,text,internal,paper_mill
10.1159/000437379,text,internal,paper_mill
10.1155/2022/3255403,text,internal,paper_mill
10.1039/c9ra05572j,text,internal,paper_mill
10.1016/j.omtn.2019.12.029,text,internal,paper_mill
10.2147/cmar.s246166,text,internal,paper_mill
10.1155/2022/7896218,text,internal,paper_mill
10.2147/ott.s154339,text,internal,paper_mill
10.1371/journal.pone.0104510,text,internal,paper_mill
10.1042/bsr20180532,text,internal,paper_mill
10.18632/aging.102157,text,internal,paper_mill
10.3892/mmr.2015.4560,text,internal,paper_mill
10.1155/2022/8749999,text,internal,paper_mill
10.1155/2022/8575305,text,internal,paper_mill
10.1155/2022/8670534,text,internal,paper_mill
10.1155/2021/3207328,text,internal,paper_mill
10.1002/ar.24410,text,internal,paper_mill
10.1002/jcp.27893,text,internal,paper_mill
10.1155/2022/7806659,text,internal,paper_mill
10.1155/2022/2459013,text,internal,paper_mill
10.1177/2058739218794531,text,internal,paper_mill
10.1155/2021/3533608,text,internal,paper_mill
10.18632/aging.103564,text,internal,paper_mill
10.3233/cbm-170732,text,internal,paper_mill
10.26355/eurrev_201906_18044,text,internal,paper_mill
10.1155/2022/4557346,text,internal,paper_mill
10.1042/bsr20181196,text,internal,paper_mill
10.1007/s13277-016-4858-8,text,internal,paper_mill
10.3892/ol.2020.11397,text,internal,paper_mill
10.3892/or.2015.3986,text,internal,paper_mill
10.1007/s13577-019-00256-2,text,internal,paper_mill
10.1155/2022/7784921,text,internal,paper_mill
10.1002/cam4.3285,text,internal,paper_mill
10.2147/cmar.s244573,text,internal,paper_mill
10.1155/2022/1849969,text,internal,paper_mill
10.26355/eurrev_201801_14176,text,internal,paper_mill
10.3892/ijo.2019.4765,text,internal,paper_mill
10.1155/2022/7502185,text,internal,paper_mill
10.3892/ol.2018.9439,text,internal,paper_mill
10.3892/etm.2017.4477,text,internal,paper_mill
10.2147/cmar.s211856,text,internal,paper_mill
10.1155/2021/9972057,text,internal,paper_mill
10.1155/2022/1954099,text,internal,paper_mill
10.1155/2022/8131531,text,internal,paper_mill
10.1098/rsob.190173,text,internal,paper_mill
10.1155/2022/9374774,text,internal,paper_mill
10.1002/biof.1586,text,internal,paper_mill
10.3892/mmr.2017.7660,text,internal,paper_mill
10.1155/2022/7995385,text,internal,paper_mill
10.3892/ijmm.2019.4245,text,internal,paper_mill
10.3892/or.2014.3657,text,internal,paper_mill
10.26355/eurrev_202002_20178,text,internal,paper_mill
10.1159/000495868,text,internal,paper_mill
10.1155/2022/4893859,text,internal,paper_mill
10.26355/eurrev_201903_17382,text,internal,paper_mill
10.1155/2022/7858477,text,internal,paper_mill
10.1155/2022/4168937,text,internal,paper_mill
10.3892/ijo.2015.2900,text,internal,paper_mill
10.26355/eurrev_201909_19010,text,internal,paper_mill
10.1155/2020/1459368,text,internal,paper_mill
10.1155/2021/9939065,text,internal,paper_mill
10.1002/ar.24367,text,internal,paper_mill
10.1155/2022/2043880,text,internal,paper_mill
10.1038/srep12460,text,internal,paper_mill
10.1155/2021/7561645,text,internal,paper_mill
10.1080/15384101.2020.1816280,text,internal,paper_mill
10.1002/jcb.26469,text,internal,paper_mill
10.1002/jcb.29415,text,internal,paper_mill
10.2147/cmar.s293322,text,internal,paper_mill
10.1002/iub.2029,text,internal,paper_mill
10.1155/2022/4132989,text,internal,paper_mill
10.26355/eurrev_202005_21188,text,internal,paper_mill
10.1177/2058738418812349,text,internal,paper_mill
10.1155/2022/6589651,text,internal,paper_mill
10.3892/ijo.2018.4586,text,internal,paper_mill
10.3892/etm.2019.7812,text,internal,paper_mill
10.1155/2022/7376844,text,internal,paper_mill
10.3892/etm.2021.9949,text,internal,paper_mill
10.1155/2022/3585540,text,internal,paper_mill
10.1155/2022/6878783,text,internal,paper_mill
10.3892/ol.2019.11222,text,internal,paper_mill
10.1155/2022/1279961,text,internal,paper_mill
10.1002/jcb.26889,text,internal,paper_mill
10.1155/2022/4486104,text,internal,paper_mill
10.3389/fonc.2021.673276,text,internal,paper_mill
10.3389/fphar.2019.01700,text,internal,paper_mill
10.1155/2020/2953598,text,internal,paper_mill
10.1155/2021/6289337,text,internal,paper_mill
10.1155/2022/7781686,text,internal,paper_mill
10.1155/2022/5787808,text,internal,paper_mill
10.1002/ar.24308,text,internal,paper_mill
10.1155/2022/8307865,text,internal,paper_mill
10.1042/bsr20171563,text,internal,paper_mill
10.3892/ijmm.2016.2754,text,internal,paper_mill
10.1155/2022/4600751,text,internal,paper_mill
10.1002/jcb.27307,text,internal,paper_mill
10.1002/2211-5463.12620,text,internal,paper_mill
10.3892/mmr.2019.9990,text,internal,paper_mill
10.1177/1559325820918052,text,internal,paper_mill
10.1155/2022/5248230,text,internal,paper_mill
10.1039/c9ra04380b,text,internal,paper_mill
10.1155/2022/7168929,text,internal,paper_mill
10.3727/096504017x15132494420120,text,internal,paper_mill
10.1002/biof.1616,text,internal,paper_mill
10.1007/s13277-015-4389-8,text,internal,paper_mill
10.2147/ott.s229739,text,internal,paper_mill
10.1155/2022/2048095,text,internal,paper_mill
10.1155/2022/6862463,text,internal,paper_mill
10.3892/ol.2015.3077,text,internal,paper_mill
10.1016/j.biopha.2018.07.119,text,internal,paper_mill
10.1177/09603271221084671,text,internal,paper_mill
10.1039/c4tb00960f,text,internal,paper_mill
10.26355/eurrev_202005_21314,text,internal,paper_mill
10.1155/2022/6257536,text,internal,paper_mill
10.1155/2022/3163230,text,internal,paper_mill
10.1155/2022/3737137,text,internal,paper_mill
10.1155/2022/6128845,text,internal,paper_mill
10.2147/ott.s248338,text,internal,paper_mill
10.1155/2022/7495418,text,internal,paper_mill
10.1159/000492279,text,internal,paper_mill
10.3233/jifs-233510,text,internal,paper_mill
10.1155/2022/8576768,text,internal,paper_mill
10.1177/00369330231187655,text,internal,paper_mill
10.1155/2022/4764720,text,internal,paper_mill
10.1159/000487178,text,internal,paper_mill
10.1155/2021/6662114,text,internal,paper_mill
10.1016/j.pharep.2016.09.012,text,internal,paper_mill
10.1155/2021/9299001,text,internal,paper_mill
10.3892/ol.2019.10985,text,internal,paper_mill
10.1155/2022/2672033,text,internal,paper_mill
10.26355/eurrev_201911_19444,text,internal,paper_mill
10.5114/aoms.2019.83512,text,internal,paper_mill
10.1155/2022/9168441,text,internal,paper_mill
10.3892/etm.2017.4828,text,internal,paper_mill
10.1155/2022/8953807,text,internal,paper_mill
10.1016/j.yexmp.2018.08.011,text,internal,paper_mill
10.1016/j.cellsig.2021.109982,text,internal,paper_mill
10.1155/2023/5803661,text,internal,paper_mill
10.1155/2022/9747880,text,internal,paper_mill
10.3892/mmr.2016.6059,text,internal,paper_mill
10.1155/2021/8715823,text,internal,paper_mill
10.3892/or.2017.5423,text,internal,paper_mill
10.26355/eurrev_201801_14112,text,internal,paper_mill
10.1155/2021/6631533,text,internal,paper_mill
10.1177/1559325820907536,text,internal,paper_mill
10.1177/1533033819874803,text,internal,paper_mill
10.3892/or.2017.5979,text,internal,paper_mill
10.3892/ijmm.2021.4932,text,internal,paper_mill
10.2147/ott.s193675,text,internal,paper_mill
10.1155/2022/4357088,text,internal,paper_mill
10.1155/2021/5573469,text,internal,paper_mill
10.1155/2022/2244228,text,internal,paper_mill
10.3892/ijmm.2020.4581,text,internal,paper_mill
10.1155/2022/8616535,text,internal,paper_mill
10.1155/2021/5557309,text,internal,paper_mill
10.1002/jcp.29069,text,internal,paper_mill
10.1002/jcb.27344,text,internal,paper_mill
10.1155/2021/9957161,text,internal,paper_mill
10.1155/2022/5509129,text,internal,paper_mill
10.1155/2022/4477099,text,internal,paper_mill
10.3892/or.2020.7456,text,internal,paper_mill
10.1042/bsr20171607,text,internal,paper_mill
10.1155/2021/4256347,text,internal,paper_mill
10.3389/fmolb.2020.603701,text,internal,paper_mill
10.1155/2021/4757668,text,internal,paper_mill
10.1155/2022/7247549,text,internal,paper_mill
10.1155/2022/6187275,text,internal,paper_mill
10.1155/2022/2218140,text,internal,paper_mill
10.1155/2023/3560340,text,internal,paper_mill
10.1002/jcb.26556,text,internal,paper_mill
10.3892/etm.2020.9548,text,internal,paper_mill
10.3892/mmr.2017.6841,text,internal,paper_mill
10.1177/09544119221113180,text,internal,paper_mill
10.1002/cam4.2839,text,internal,paper_mill
10.3892/or.2016.5257,text,internal,paper_mill
10.3892/mmr.2017.8361,text,internal,paper_mill
10.1155/2022/7799812,text,internal,paper_mill
10.1155/2021/2488804,text,internal,paper_mill
10.1016/j.lfs.2017.09.026,text,internal,paper_mill
10.1155/2022/4968754,text,internal,paper_mill
10.3892/or.2017.5815,text,internal,paper_mill
10.1155/2022/5358030,text,internal,paper_mill
10.1155/2022/3050199,text,internal,paper_mill
10.1155/2022/7214904,text,internal,paper_mill
10.3892/or.2016.4810,text,internal,paper_mill
10.3892/ijo.2018.4637,text,internal,paper_mill
10.1155/2021/7377299,text,internal,paper_mill
10.1155/2022/7037497,text,internal,paper_mill
10.3892/mmr.2017.7664,text,internal,paper_mill
10.3892/or.2017.6119,text,internal,paper_mill
10.1155/2021/6650791,text,internal,paper_mill
10.1155/2022/9089365,text,internal,paper_mill
10.1155/2022/5467712,text,internal,paper_mill
10.1155/2021/1221899,text,internal,paper_mill
10.1155/2022/2587120,text,internal,paper_mill
10.1155/2021/8893652,text,internal,paper_mill
10.1155/2021/8032209,text,internal,paper_mill
10.1039/c9ra07854a,text,internal,paper_mill
10.1007/s12253-017-0334-z,text,internal,paper_mill
10.1002/jcb.26459,text,internal,paper_mill
10.3892/or.2015.4175,text,internal,paper_mill
10.1177/15353702211041029,text,internal,paper_mill
10.26355/eurrev_202001_20037,text,internal,paper_mill
10.3892/ol.2017.6558,text,internal,paper_mill
10.1155/2021/5953881,text,internal,paper_mill
10.1155/2021/9984357,text,internal,paper_mill
10.3892/ijo.2016.3398,text,internal,paper_mill
10.1155/2022/2415129,text,internal,paper_mill
10.1159/000481871,text,internal,paper_mill
10.26355/eurrev_201905_17785,text,internal,paper_mill
10.1155/2022/9304392,text,internal,paper_mill
10.1155/2021/6636891,text,internal,paper_mill
10.1155/2022/2702328,text,internal,paper_mill
10.26355/eurrev_201811_16251,text,internal,paper_mill
10.1155/2022/2731744,text,internal,paper_mill
10.2147/cmar.s200566,text,internal,paper_mill
10.3389/fcell.2021.686453,text,internal,paper_mill
10.1155/2022/6716937,text,internal,paper_mill
10.1371/journal.pone.0114585,text,internal,paper_mill
10.2147/ott.s240022,text,internal,paper_mill
10.1155/2022/8100325,text,internal,paper_mill
10.1155/2021/4242646,text,internal,paper_mill
10.2147/ott.s245537,text,internal,paper_mill
10.1042/bsr20160542,text,internal,paper_mill
10.1155/2021/5888432,text,internal,paper_mill
10.3892/ol.2016.4577,text,internal,paper_mill
10.1155/2022/5378963,text,internal,paper_mill
10.1155/2022/4237040,text,internal,paper_mill
10.1155/2022/9448144,text,internal,paper_mill
10.1002/jcb.27403,text,internal,paper_mill
10.1155/2022/2608633,text,internal,paper_mill
10.1002/jcp.28716,text,internal,paper_mill
10.1155/2022/6365485,text,internal,paper_mill
10.1155/2022/3618197,text,internal,paper_mill
10.3892/etm.2018.6825,text,internal,paper_mill
10.1186/s12885-019-5425-7,text,internal,paper_mill
10.1002/2211-5463.12933,text,internal,paper_mill
10.26355/eurrev_201912_19790,text,internal,paper_mill
10.1002/jcp.27093,text,internal,paper_mill
10.1155/2022/9054266,text,internal,paper_mill
10.1155/2022/7386516,text,internal,paper_mill
10.1021/acsomega.0c06270,text,internal,paper_mill
10.1002/jcb.28692,text,internal,paper_mill
10.1155/2022/2901189,text,internal,paper_mill
10.1002/cam4.1329,text,internal,paper_mill
10.1155/2021/1090698,text,internal,paper_mill
10.1007/s11010-022-04406-3,text,internal,paper_mill
10.1155/2021/5771101,text,internal,paper_mill
10.1155/2022/9694425,text,internal,paper_mill
10.1002/jcb.27208,text,internal,paper_mill
10.3892/ol.2020.12253,text,internal,paper_mill
10.1155/2022/9557061,text,internal,paper_mill
10.1155/2022/5160748,text,internal,paper_mill
10.1155/2020/3589871,text,internal,paper_mill
10.1186/s13046-018-0846-8,text,internal,paper_mill
10.1155/2022/5707504,text,internal,paper_mill
10.1155/2023/6412679,text,internal,paper_mill
10.1155/2021/6241469,text,internal,paper_mill
10.26355/eurrev_202003_20509,text,internal,paper_mill
10.1159/000493712,text,internal,paper_mill
10.2147/cmar.s270646,text,internal,paper_mill
10.2147/cmar.s269572,text,internal,paper_mill
10.26355/eurrev_201801_14179,text,internal,paper_mill
10.1155/2021/5538535,text,internal,paper_mill
10.1155/2021/8700506,text,internal,paper_mill
10.26355/eurrev_201905_17926,text,internal,paper_mill
10.1042/bsr20170109,text,internal,paper_mill
10.1039/c9ra08248d,text,internal,paper_mill
10.1155/2022/9556880,text,internal,paper_mill
10.1002/ar.24363,text,internal,paper_mill
10.1155/2021/8522417,text,internal,paper_mill
10.1155/2022/4299919,text,internal,paper_mill
10.1111/jcmm.16909,text,internal,paper_mill
10.26355/eurrev_201911_19419,text,internal,paper_mill
10.1002/jcb.27280,text,internal,paper_mill
10.1155/2022/6602648,text,internal,paper_mill
10.1186/s12885-019-5750-x,text,internal,paper_mill
10.1080/15384101.2020.1749404,text,internal,paper_mill
10.1155/2021/4452500,text,internal,paper_mill
10.1155/2022/7514898,text,internal,paper_mill
10.1155/2022/4456987,text,internal,paper_mill
10.26355/eurrev_202002_20153,text,internal,paper_mill
10.1155/2021/2840043,text,internal,paper_mill
10.1080/21691401.2020.1725532,text,internal,paper_mill
10.26355/eurrev_201907_18294,text,internal,paper_mill
10.1155/2022/2629509,text,internal,paper_mill
10.3892/ol.2013.1546,text,internal,paper_mill
10.1155/2022/2805607,text,internal,paper_mill
10.1155/2022/4931210,text,internal,paper_mill
10.1155/2022/4119912,text,internal,paper_mill
10.3892/etm.2014.1501,text,internal,paper_mill
10.1155/2021/5528982,text,internal,paper_mill
10.1002/2211-5463.12500,text,internal,paper_mill
10.1155/2021/6248793,text,internal,paper_mill
10.1155/2020/3208391,text,internal,paper_mill
10.1155/2022/8615242,text,internal,paper_mill
10.1155/2022/3546455,text,internal,paper_mill
10.1155/2022/6830366,text,internal,paper_mill
10.1016/j.yexmp.2019.104285,text,internal,paper_mill
10.1002/jcp.28853,text,internal,paper_mill
10.1177/1533033820957000,text,internal,paper_mill
10.1155/2021/1522250,text,internal,paper_mill
10.1002/jcb.26451,text,internal,paper_mill
10.1155/2022/5648195,text,internal,paper_mill
10.1080/21691401.2019.1645151,text,internal,paper_mill
10.1155/2022/4411054,text,internal,paper_mill
10.1155/2021/1808081,text,internal,paper_mill
10.1155/2022/7445042,text,internal,paper_mill
10.1155/2022/1084853,text,internal,paper_mill
10.1155/2023/7550317,text,internal,paper_mill
10.1155/2014/837543,text,internal,paper_mill
10.1042/bsr20170021,text,internal,paper_mill
10.26355/eurrev_201908_18540,text,internal,paper_mill
10.1155/2022/3233004,text,internal,paper_mill
10.1155/2020/2547902,text,internal,paper_mill
10.1007/s13277-015-4603-8,text,internal,paper_mill
10.1002/jcb.26431,text,internal,paper_mill
10.1080/15384101.2021.2022845,text,internal,paper_mill
10.1155/2022/9000331,text,internal,paper_mill
10.1002/2211-5463.12142,text,internal,paper_mill
10.1080/15384101.2020.1731652,text,internal,paper_mill
10.1155/2021/3761858,text,internal,paper_mill
10.3892/ol.2019.9901,text,internal,paper_mill
10.1159/000453189,text,internal,paper_mill
10.3892/or.2015.4321,text,internal,paper_mill
10.1155/2022/5642529,text,internal,paper_mill
10.2147/ott.s180850,text,internal,paper_mill
10.1155/2022/6914157,text,internal,paper_mill
10.3727/096504017x15061926356644,text,internal,paper_mill
10.3892/etm.2019.7226,text,internal,paper_mill
10.1155/2022/7963146,text,internal,paper_mill
10.3892/ijmm.2014.1822,text,internal,paper_mill
10.1155/2021/1951364,text,internal,paper_mill
10.3892/or.2014.3623,text,internal,paper_mill
10.3892/or.2017.5812,text,internal,paper_mill
10.1159/000485360,text,internal,paper_mill
10.1155/2022/1091042,text,internal,paper_mill
10.1155/2021/6627562,text,internal,paper_mill
10.1016/j.febslet.2013.04.029,text,internal,paper_mill
10.2147/ott.s234144,text,internal,paper_mill
10.1155/2022/8776565,text,internal,paper_mill
10.1002/zaac.201900072,text,internal,paper_mill
10.31083/j.fbe1401002,text,internal,paper_mill
10.1002/jcb.26763,text,internal,paper_mill
10.1002/1878-0261.12760,text,internal,paper_mill
10.1177/2058739219847830,text,internal,paper_mill
10.1155/2022/8926221,text,internal,paper_mill
10.1155/2022/2184867,text,internal,paper_mill
10.1002/2211-5463.12642,text,internal,paper_mill
10.1002/jcb.26658,text,internal,paper_mill
10.1177/1533034618756784,text,internal,paper_mill
10.1177/2058739218781125,text,internal,paper_mill
10.1002/ar.24307,text,internal,paper_mill
10.1155/2022/2271788,text,internal,paper_mill
10.1155/2022/7745227,text,internal,paper_mill
10.2147/ott.s239648,text,internal,paper_mill
10.1155/2021/6653747,text,internal,paper_mill
10.1177/09544119221122028,text,internal,paper_mill
10.1155/2022/4899555,text,internal,paper_mill
10.1080/24701556.2020.1862208,text,internal,paper_mill
10.1155/2022/1493847,text,internal,paper_mill
10.1155/2021/5868501,text,internal,paper_mill
10.1155/2022/8003525,text,internal,paper_mill
10.1155/2022/4668774,text,internal,paper_mill
10.1155/2022/8495159,text,internal,paper_mill
10.1155/2021/2342784,text,internal,paper_mill
10.1155/2021/6622342,text,internal,paper_mill
10.3892/ol.2017.5941,text,internal,paper_mill
10.1155/2021/6091585,text,internal,paper_mill
10.3892/ijo.2016.3708,text,internal,paper_mill
10.3233/cbm-181459,text,internal,paper_mill
10.26355/eurrev_202004_20994,text,internal,paper_mill
10.1039/c8ra10030f,text,internal,paper_mill
10.1155/2020/3740418,text,internal,paper_mill
10.1002/jcb.29458,text,internal,paper_mill
10.1155/2022/2605592,text,internal,paper_mill
10.3892/or.2015.4495,text,internal,paper_mill
10.1155/2021/2709461,text,internal,paper_mill
10.1155/2022/4880151,text,internal,paper_mill
10.1155/2021/6683708,text,internal,paper_mill
10.1155/2022/2805645,text,internal,paper_mill
10.1155/2021/2057782,text,internal,paper_mill
10.1002/jcp.29301,text,internal,paper_mill
10.26355/eurrev_202001_20053,text,internal,paper_mill
10.1155/2022/4704107,text,internal,paper_mill
10.1155/2022/5472446,text,internal,paper_mill
10.1177/0300060519896154,text,internal,paper_mill
10.1155/2023/5746940,text,internal,paper_mill
10.3892/or.2014.3626,text,internal,paper_mill
10.3389/fonc.2020.571914,text,internal,paper_mill
10.1177/2058739218819283,text,internal,paper_mill
10.1155/2022/6879035,text,internal,paper_mill
10.3892/ol.2015.4018,text,internal,paper_mill
10.1155/2023/6970256,text,internal,paper_mill
10.1080/24701556.2019.1709505,text,internal,paper_mill
10.1155/2023/3164166,text,internal,paper_mill
10.1002/jcb.26671,text,internal,paper_mill
10.3892/mmr.2018.9090,text,internal,paper_mill
10.1155/2022/4752782,text,internal,paper_mill
10.2147/cmar.s318980,text,internal,paper_mill
10.1155/2022/5792866,text,internal,paper_mill
10.1002/zaac.201800522,text,internal,paper_mill
10.1002/jcp.29050,text,internal,paper_mill
10.1155/2022/4797454,text,internal,paper_mill
10.3892/ijmm.2020.4704,text,internal,paper_mill
10.1155/2022/5162225,text,internal,paper_mill
10.1042/bsr20194026,text,internal,paper_mill
10.1155/2020/2539150,text,internal,paper_mill
10.1155/2023/9477442,text,internal,paper_mill
10.1155/2022/6336700,text,internal,paper_mill
10.18632/oncotarget.20455,text,internal,paper_mill
10.1177/2058739220942339,text,internal,paper_mill
10.2147/cmar.s211122,text,internal,paper_mill
10.1155/2022/5746761,text,internal,paper_mill
10.1177/1533033819874808,text,internal,paper_mill
10.2147/ott.s199196,text,internal,paper_mill
10.1155/2022/7386946,text,internal,paper_mill
10.3892/or.2016.5029,text,internal,paper_mill
10.26355/eurrev_201903_17395,text,internal,paper_mill
10.3892/ol.2019.11241,text,internal,paper_mill
10.26355/eurrev_202001_20052,text,internal,paper_mill
10.1080/24701556.2019.1706568,text,internal,paper_mill
10.1155/2021/6835963,text,internal,paper_mill
10.1590/1414-431x20198385,text,internal,paper_mill
10.3892/mmr.2015.4074,text,internal,paper_mill
10.1155/2022/4235316,text,internal,paper_mill
10.1155/2021/6968194,text,internal,paper_mill
10.2147/ott.s184118,text,internal,paper_mill
10.1177/1533033820917978,text,internal,paper_mill
10.1155/2021/3334065,text,internal,paper_mill
10.1155/2022/6600403,text,internal,paper_mill
10.1080/24701556.2017.1357616,text,internal,paper_mill
10.3892/etm.2017.4595,text,internal,paper_mill
10.1155/2022/8263986,text,internal,paper_mill
10.1177/1533033818816061,text,internal,paper_mill
10.1155/2020/4965670,text,internal,paper_mill
10.1155/2022/7052066,text,internal,paper_mill
10.26355/eurrev_201903_17393,text,internal,paper_mill
10.1155/2022/7629012,text,internal,paper_mill
10.1155/2022/5194566,text,internal,paper_mill
10.3892/mmr.2017.8145,text,internal,paper_mill
10.26355/eurrev_201804_14815,text,internal,paper_mill
10.1155/2022/4094132,text,internal,paper_mill
10.1186/s12885-018-5130-y,text,internal,paper_mill
10.1155/2022/3374655,text,internal,paper_mill
10.1155/2021/2362195,text,internal,paper_mill
10.1042/bsr20182433,text,internal,paper_mill
10.1155/2022/9223400,text,internal,paper_mill
10.1155/2022/5775696,text,internal,paper_mill
10.1155/2021/1124055,text,internal,paper_mill
10.26355/eurrev_201903_17235,text,internal,paper_mill
10.1042/bsr20180571,text,internal,paper_mill
10.1016/j.omtn.2018.12.006,text,internal,paper_mill
10.1155/2022/8636527,text,internal,paper_mill
10.1155/2022/5261285,text,internal,paper_mill
10.1155/2022/2807354,text,internal,paper_mill
10.1155/2022/9896490,text,internal,paper_mill
10.1002/biof.1607,text,internal,paper_mill
10.1155/2022/2484418,text,internal,paper_mill
10.2147/ott.s249770,text,internal,paper_mill
10.3892/or.2017.5505,text,internal,paper_mill
10.1155/2021/8853269,text,internal,paper_mill
10.1155/2022/4147753,text,internal,paper_mill
10.1042/bsr20160576,text,internal,paper_mill
10.1155/2022/1833195,text,internal,paper_mill
10.1590/1414-431x202010222,text,internal,paper_mill
10.1155/2022/1948657,text,internal,paper_mill
10.1155/2022/6149884,text,internal,paper_mill
10.1159/000488821,text,internal,paper_mill
10.3892/ol.2016.4688,text,internal,paper_mill
10.1155/2021/5566001,text,internal,paper_mill
10.1155/2021/9995384,text,internal,paper_mill
10.1155/2022/9602725,text,internal,paper_mill
10.18632/aging.103761,text,internal,paper_mill
10.1016/j.lfs.2018.12.023,text,internal,paper_mill
10.1155/2022/2929605,text,internal,paper_mill
10.1155/2022/3546795,text,internal,paper_mill
10.1155/2021/9059116,text,internal,paper_mill
10.1080/15384101.2020.1749465,text,internal,paper_mill
10.1039/c8ra09229j,text,internal,paper_mill
10.1155/2021/2281327,text,internal,paper_mill
10.3892/ol.2015.3242,text,internal,paper_mill
10.3892/ol.2020.12347,text,internal,paper_mill
10.1155/2022/8281558,text,internal,paper_mill
10.3892/mmr.2013.1501,text,internal,paper_mill
10.1155/2022/2502010,text,internal,paper_mill
10.1155/2022/6106914,text,internal,paper_mill
10.1155/2022/2256690,text,internal,paper_mill
10.1155/2022/1747470,text,internal,paper_mill
10.1155/2022/1779337,text,internal,paper_mill
10.3892/etm.2015.2633,text,internal,paper_mill
10.1155/2022/4648784,text,internal,paper_mill
10.3892/or.2020.7670,text,internal,paper_mill
10.1155/2022/8060026,text,internal,paper_mill
10.1155/2022/8741989,text,internal,paper_mill
10.1155/2021/1395131,text,internal,paper_mill
10.1155/2023/7278231,text,internal,paper_mill
10.3892/ijmm.2019.4333,text,internal,paper_mill
10.1155/2022/3087681,text,internal,paper_mill
10.1177/2058739218781291,text,internal,paper_mill
10.1155/2022/9811905,text,internal,paper_mill
10.1155/2022/3655225,text,internal,paper_mill
10.1080/15384101.2020.1731645,text,internal,paper_mill
10.26355/eurrev_201907_18320,text,internal,paper_mill
10.1155/2022/7348344,text,internal,paper_mill
10.1155/2022/9223954,text,internal,paper_mill
10.1155/2022/1948766,text,internal,paper_mill
10.3233/jifs-235116,text,internal,paper_mill
10.2147/cmar.s291778,text,internal,paper_mill
10.1080/24701556.2020.1727514,text,internal,paper_mill
10.2147/cmar.s198615,text,internal,paper_mill
10.26355/eurrev_201910_19285,text,internal,paper_mill
10.1155/2022/1941077,text,internal,paper_mill
10.3892/etm.2016.3085,text,internal,paper_mill
10.1155/2022/2466007,text,internal,paper_mill
10.1155/2022/5721630,text,internal,paper_mill
10.1016/j.lfs.2018.08.052,text,internal,paper_mill
10.1155/2022/6716324,text,internal,paper_mill
10.1134/s0022476620060189,text,internal,paper_mill
10.1042/bsr20171546,text,internal,paper_mill
10.1155/2021/9549287,text,internal,paper_mill
10.1155/2021/1971048,text,internal,paper_mill
10.1155/2022/2810379,text,internal,paper_mill
10.1186/s12935-019-0812-3,text,internal,paper_mill
10.1155/2022/9498109,text,internal,paper_mill
10.1155/2022/5845870,text,internal,paper_mill
10.1002/jcb.27177,text,internal,paper_mill
10.1155/2022/9112587,text,internal,paper_mill
10.1155/2022/6181448,text,internal,paper_mill
10.12659/msm.898740,text,internal,paper_mill
10.3389/fbioe.2021.705886,text,internal,paper_mill
10.2147/ott.s208263,text,internal,paper_mill
10.1155/2021/6618519,text,internal,paper_mill
10.1002/jcb.26390,text,internal,paper_mill
10.3892/etm.2014.2149,text,internal,paper_mill
10.1155/2021/3001131,text,internal,paper_mill
10.1155/2022/2864170,text,internal,paper_mill
10.3892/mmr.2017.6257,text,internal,paper_mill
10.1155/2022/1859222,text,internal,paper_mill
10.1042/bsr20150002,text,internal,paper_mill
10.26355/eurrev_201909_18836,text,internal,paper_mill
10.1155/2021/3426080,text,internal,paper_mill
10.1155/2022/5201354,text,internal,paper_mill
10.1155/2021/4630934,text,internal,paper_mill
10.3892/ol.2021.12988,text,internal,paper_mill
10.3892/ol.2016.5044,text,internal,paper_mill
10.1155/2022/6232264,text,internal,paper_mill
10.1155/2022/5215748,text,internal,paper_mill
10.1155/2022/9714140,text,internal,paper_mill
10.1155/2022/2166605,text,internal,paper_mill
10.2147/ott.s207593,text,internal,paper_mill
10.1002/jcb.28614,text,internal,paper_mill
10.3892/ijo.2018.4647,text,internal,paper_mill
10.1155/2021/5542822,text,internal,paper_mill
10.1177/0300060519883731,text,internal,paper_mill
10.1038/s41598-018-26496-0,text,internal,paper_mill
10.1155/2021/6431007,text,internal,paper_mill
10.1177/1535370220916709,text,internal,paper_mill
10.3892/or.2018.6825,text,internal,paper_mill
10.3892/or.2017.6018,text,internal,paper_mill
10.1155/2021/2677696,text,internal,paper_mill
10.1177/09544119211055870,text,internal,paper_mill
10.3892/or.2017.6074,text,internal,paper_mill
10.1177/1559325820928687,text,internal,paper_mill
10.1155/2022/5268554,text,internal,paper_mill
10.1186/s40001-019-0378-5,text,internal,paper_mill
10.26355/eurrev_202002_20175,text,internal,paper_mill
10.26355/eurrev_202001_20039,text,internal,paper_mill
10.1155/2022/1707914,text,internal,paper_mill
10.26355/eurrev_201912_19663,text,internal,paper_mill
10.1080/24701556.2020.1841236,text,internal,paper_mill
10.1080/21691401.2019.1623229,text,internal,paper_mill
10.1155/2022/8429659,text,internal,paper_mill
10.3892/etm.2017.5528,text,internal,paper_mill
10.1155/2022/1032557,text,internal,paper_mill
10.1002/jcb.25999,text,internal,paper_mill
10.1042/bsr20191611,text,internal,paper_mill
10.1002/jcb.26400,text,internal,paper_mill
10.1039/c8ra05684f,text,internal,paper_mill
10.2147/ott.s254662,text,internal,paper_mill
10.1155/2022/9046507,text,internal,paper_mill
10.1155/2022/6449607,text,internal,paper_mill
10.3892/ol.2018.8636,text,internal,paper_mill
10.1080/21691401.2019.1637884,text,internal,paper_mill
10.3892/mmr.2016.5421,text,internal,paper_mill
10.1155/2022/9578788,text,internal,paper_mill
10.1002/jcp.28703,text,internal,paper_mill
10.1186/s12890-021-01521-7,text,internal,paper_mill
10.18632/oncotarget.9480,text,internal,paper_mill
10.3892/etm.2021.11088,text,internal,paper_mill
10.1039/c8ra07209d,text,internal,paper_mill
10.3892/etm.2017.4702,text,internal,paper_mill
10.3892/mmr.2017.7814,text,internal,paper_mill
10.1155/2022/4464056,text,internal,paper_mill
10.26355/eurrev_201904_17547,text,internal,paper_mill
10.1177/2058739219828628,text,internal,paper_mill
10.1080/21691401.2019.1699806,text,internal,paper_mill
10.1155/2021/4763944,text,internal,paper_mill
10.3892/ol.2015.4001,text,internal,paper_mill
10.3892/ol.2017.5709,text,internal,paper_mill
10.1155/2022/8752375,text,internal,paper_mill
10.3389/fgene.2021.703883,text,internal,paper_mill
10.3892/ijo.2018.4615,text,internal,paper_mill
10.1155/2021/6959557,text,internal,paper_mill
10.1155/2021/1643788,text,internal,paper_mill
10.1155/2022/7509620,text,internal,paper_mill
10.1002/jcp.29557,text,internal,paper_mill
10.1039/c8ra05583a,text,internal,paper_mill
10.2147/cmar.s273687,text,internal,paper_mill
10.26355/eurrev_201904_17591,text,internal,paper_mill
10.1155/2022/5914344,text,internal,paper_mill
10.1155/2022/9774219,text,internal,paper_mill
10.1080/24701556.2020.1721022,text,internal,paper_mill
10.18632/oncotarget.22952,text,internal,paper_mill
10.1155/2022/2197071,text,internal,paper_mill
10.1155/2022/6431164,text,internal,paper_mill
10.1155/2022/1566441,text,internal,paper_mill
10.2147/cmar.s332640,text,internal,paper_mill
10.1159/000495554,text,internal,paper_mill
10.26355/eurrev_201903_17385,text,internal,paper_mill
10.1186/s13046-018-1012-z,text,internal,paper_mill
10.1155/2022/1926605,text,internal,paper_mill
10.1089/cbr.2014.1698,text,internal,paper_mill
10.1155/2020/1342874,text,internal,paper_mill
10.1002/jcb.26141,text,internal,paper_mill
10.1155/2022/3543531,text,internal,paper_mill
10.1155/2023/8026918,text,internal,paper_mill
10.3892/or.2017.5794,text,internal,paper_mill
10.1155/2023/5055869,text,internal,paper_mill
10.1155/2022/3137370,text,internal,paper_mill
10.1155/2022/4370341,text,internal,paper_mill
10.26355/eurrev_202006_21650,text,internal,paper_mill
10.1155/2022/7911801,text,internal,paper_mill
10.1002/jcla.23193,text,internal,paper_mill
10.1590/1414-431x20186896,text,internal,paper_mill
10.3892/etm.2021.9885,text,internal,paper_mill
10.1155/2022/6820281,text,internal,paper_mill
10.26355/eurrev_201805_15059,text,internal,paper_mill
10.1155/2022/9022700,text,internal,paper_mill
10.1155/2022/2318170,text,internal,paper_mill
10.1155/2022/7872915,text,internal,paper_mill
10.1177/0394632017703274,text,internal,paper_mill
10.1016/j.pharep.2018.03.003,text,internal,paper_mill
10.3892/or.2015.4251,text,internal,paper_mill
10.1002/jcp.29196,text,internal,paper_mill
10.3892/ijmm.2019.4183,text,internal,paper_mill
10.1155/2021/2577113,text,internal,paper_mill
10.1155/2023/5878402,text,internal,paper_mill
10.1002/2211-5463.12522,text,internal,paper_mill
10.3892/or.2017.5956,text,internal,paper_mill
10.3892/ijo.2015.3214,text,internal,paper_mill
10.3389/fonc.2023.1095362,text,internal,paper_mill
10.3892/etm.2017.4590,text,internal,paper_mill
10.1089/cbr.2017.2432,text,internal,paper_mill
10.3892/ijmm.2016.2774,text,internal,paper_mill
10.1159/000441073,text,internal,paper_mill
10.1155/2021/6256618,text,internal,paper_mill
10.1002/jcb.26870,text,internal,paper_mill
10.3892/mmr.2015.4032,text,internal,paper_mill
10.1155/2023/7146589,text,internal,paper_mill
10.1155/2021/4856820,text,internal,paper_mill
10.1016/j.biocel.2007.05.023,text,internal,paper_mill
10.3233/cbm-170809,text,internal,paper_mill
10.1080/21655979.2021.1938497,text,internal,paper_mill
10.1002/jcb.29446,text,internal,paper_mill
10.3233/jifs-232325,text,internal,paper_mill
10.26355/eurrev_201908_18661,text,internal,paper_mill
10.1155/2022/2363410,text,internal,paper_mill
10.1016/j.omtn.2019.07.012,text,internal,paper_mill
10.1016/j.lfs.2019.117074,text,internal,paper_mill
10.1155/2021/4019358,text,internal,paper_mill
10.1155/2022/8537966,text,internal,paper_mill
10.1155/2022/9605439,text,internal,paper_mill
10.2147/ott.s130365,text,internal,paper_mill
10.1002/jcb.27357,text,internal,paper_mill
10.1155/2022/3110330,text,internal,paper_mill
10.26355/eurrev_201807_15426,text,internal,paper_mill
10.1089/cbr.2017.2306,text,internal,paper_mill
10.2147/cmar.s267665,text,internal,paper_mill
10.1002/1878-0261.12603,text,internal,paper_mill
10.1155/2021/3088723,text,internal,paper_mill
10.26355/eurrev_201910_19295,text,internal,paper_mill
10.1155/2022/6140727,text,internal,paper_mill
10.1039/c9ra06614d,text,internal,paper_mill
10.1155/2021/3927828,text,internal,paper_mill
10.3892/or.2015.3895,text,internal,paper_mill
10.1089/cbr.2018.2625,text,internal,paper_mill
10.1177/2058738418814341,text,internal,paper_mill
10.1016/j.biopha.2018.05.078,text,internal,paper_mill
10.1002/jcb.26024,text,internal,paper_mill
10.1002/jcb.26354,text,internal,paper_mill
10.1155/2022/9493816,text,internal,paper_mill
10.1016/j.omtn.2020.07.001,text,internal,paper_mill
10.1186/s12935-020-01493-4,text,internal,paper_mill
10.26355/eurrev_201906_18047,text,internal,paper_mill
10.1159/000453140,text,internal,paper_mill
10.3892/ijo.2019.4735,text,internal,paper_mill
10.1002/jcb.26387,text,internal,paper_mill
10.26355/eurrev_202005_21319,text,internal,paper_mill
10.1155/2022/6841334,text,internal,paper_mill
10.1080/24701556.2020.1814334,text,internal,paper_mill
10.1590/1414-431x20198934,text,internal,paper_mill
10.1002/jcb.27311,text,internal,paper_mill
10.1155/2022/8430276,text,internal,paper_mill
10.1155/2022/9538051,text,internal,paper_mill
10.1155/2022/2897338,text,internal,paper_mill
10.3892/ijmm.2020.4547,text,internal,paper_mill
10.2147/ott.s278582,text,internal,paper_mill
10.1016/j.omtn.2019.05.020,text,internal,paper_mill
10.26355/eurrev_202003_20519,text,internal,paper_mill
10.3892/mmr.2018.9106,text,internal,paper_mill
10.1155/2021/5546612,text,internal,paper_mill
10.3389/fonc.2020.620550,text,internal,paper_mill
10.3892/ijo.2017.3941,text,internal,paper_mill
10.1155/2022/3475955,text,internal,paper_mill
10.1155/2021/2673013,text,internal,paper_mill
10.1155/2022/6405400,text,internal,paper_mill
10.1177/2058739218804329,text,internal,paper_mill
10.1155/2022/5793912,text,internal,paper_mill
10.1155/2021/4539453,text,internal,paper_mill
10.1186/s12935-019-0777-2,text,internal,paper_mill
10.1002/cam4.2860,text,internal,paper_mill
10.1002/jcp.28553,text,internal,paper_mill
10.1155/2022/3992224,text,internal,paper_mill
10.1016/j.bbrc.2018.06.131,text,internal,paper_mill
10.1155/2022/3565676,text,internal,paper_mill
10.1080/24701556.2021.1956961,text,internal,paper_mill
10.3892/or.2015.4432,text,internal,paper_mill
10.2147/ott.s279798,text,internal,paper_mill
10.26355/eurrev_202003_20504,text,internal,paper_mill
10.1016/j.omtn.2019.06.003,text,internal,paper_mill
10.1155/2022/1889467,text,internal,paper_mill
10.1002/jcb.26413,text,internal,paper_mill
10.26355/eurrev_201910_19141,text,internal,paper_mill
10.1159/000480412,text,internal,paper_mill
10.1155/2022/9783113,text,internal,paper_mill
10.2147/ott.s213994,text,internal,paper_mill
10.26355/eurrev_201912_19783,text,internal,paper_mill
10.1155/2021/9938515,text,internal,paper_mill
10.1155/2022/3471447,text,internal,paper_mill
10.1080/21691401.2019.1671429,text,internal,paper_mill
10.1155/2022/7918596,text,internal,paper_mill
10.1155/2022/4693490,text,internal,paper_mill
10.1155/2021/1262291,text,internal,paper_mill
10.1155/2022/1297072,text,internal,paper_mill
10.3892/or.2017.6130,text,internal,paper_mill
10.1155/2022/5081439,text,internal,paper_mill
10.1155/2021/8875503,text,internal,paper_mill
10.1042/bsr20170743,text,internal,paper_mill
10.1002/jcp.28261,text,internal,paper_mill
10.1002/2211-5463.12032,text,internal,paper_mill
10.1155/2022/6959237,text,internal,paper_mill
10.2147/cmar.s277113,text,internal,paper_mill
10.1111/jcmm.16405,text,internal,paper_mill
10.1155/2022/9170053,text,internal,paper_mill
10.1155/2022/1562511,text,internal,paper_mill
10.1155/2022/3241812,text,internal,paper_mill
10.1155/2022/5159009,text,internal,paper_mill
10.1002/2211-5463.12693,text,internal,paper_mill
10.1038/s41419-020-03123-3,text,internal,paper_mill
10.2147/ott.s218876,text,internal,paper_mill
10.1002/jcp.28387,text,internal,paper_mill
10.2147/cmar.s265775,text,internal,paper_mill
10.1155/2023/2759679,text,internal,paper_mill
10.1155/2022/1853754,text,internal,paper_mill
10.1155/2022/1447207,text,internal,paper_mill
10.3892/ol.2017.7557,text,internal,paper_mill
10.3892/mmr.2017.7273,text,internal,paper_mill
10.1155/2022/1193075,text,internal,paper_mill
10.3892/or.2016.5242,text,internal,paper_mill
10.1155/2022/7954111,text,internal,paper_mill
10.1177/2058738419872624,text,internal,paper_mill
10.3892/mmr.2018.9292,text,internal,paper_mill
10.3892/mmr.2019.9857,text,internal,paper_mill
10.1002/jcb.28289,text,internal,paper_mill
10.1016/j.arabjc.2021.103572,text,internal,paper_mill
10.3892/mmr.2015.4180,text,internal,paper_mill
10.1155/2022/3972298,text,internal,paper_mill
10.1155/2022/8579279,text,internal,paper_mill
10.1186/s12935-020-01737-3,text,internal,paper_mill
10.1155/2023/2507683,text,internal,paper_mill
10.26355/eurrev_202001_19904,text,internal,paper_mill
10.1155/2022/1094607,text,internal,paper_mill
10.1155/2022/3049619,text,internal,paper_mill
10.1134/s0022476620070197,text,internal,paper_mill
10.1155/2020/8435420,text,internal,paper_mill
10.3892/etm.2014.1570,text,internal,paper_mill
10.1155/2022/1922263,text,internal,paper_mill
10.1155/2022/9049571,text,internal,paper_mill
10.7150/jca.30143,text,internal,paper_mill
10.1089/cbr.2019.2983,text,internal,paper_mill
10.1155/2022/1239058,text,internal,paper_mill
10.1039/c8ra06750c,text,internal,paper_mill
10.1155/2022/4162354,text,internal,paper_mill
10.1089/cbr.2019.2858,text,internal,paper_mill
10.26355/eurrev_202002_20177,text,internal,paper_mill
10.1155/2022/1755460,text,internal,paper_mill
10.1155/2022/6600278,text,internal,paper_mill
10.1186/s12935-019-0860-8,text,internal,paper_mill
10.1155/2021/7952922,text,internal,paper_mill
10.1155/2021/6388492,text,internal,paper_mill
10.1177/1533033819850189,text,internal,paper_mill
10.2147/ott.s280912,text,internal,paper_mill
10.26355/eurrev_202002_20352,text,internal,paper_mill
10.3892/or.2018.6774,text,internal,paper_mill
10.1155/2020/8360841,text,internal,paper_mill
10.1155/2022/8542376,text,internal,paper_mill
10.1089/cbr.2019.3299,text,internal,paper_mill
10.3892/mmr.2014.2123,text,internal,paper_mill
10.1016/j.omtn.2020.05.008,text,internal,paper_mill
10.26355/eurrev_202002_20371,text,internal,paper_mill
10.1080/24701556.2020.1835975,text,internal,paper_mill
10.18632/oncotarget.22058,text,internal,paper_mill
10.1155/2022/2471039,text,internal,paper_mill
10.3892/or.2018.6624,text,internal,paper_mill
10.1155/2023/2336536,text,internal,paper_mill
10.26355/eurrev_201907_18432,text,internal,paper_mill
10.18632/aging.103762,text,internal,paper_mill
10.3892/mmr.2015.4011,text,internal,paper_mill
10.1002/jcb.28750,text,internal,paper_mill
10.1155/2021/2231680,text,internal,paper_mill
10.1080/21691401.2019.1617727,text,internal,paper_mill
10.1016/j.omtn.2021.04.007,text,internal,paper_mill
10.26355/eurrev_202009_22830,text,internal,paper_mill
10.2147/ott.s272895,text,internal,paper_mill
10.1155/2022/5456554,text,internal,paper_mill
10.2147/ott.s183847,text,internal,paper_mill
10.1155/2022/8430485,text,internal,paper_mill
10.1002/iub.1944,text,internal,paper_mill
10.1155/2022/3541403,text,internal,paper_mill
10.1159/000492096,text,internal,paper_mill
10.26355/eurrev_201806_15253,text,internal,paper_mill
10.1155/2019/8023460,text,internal,paper_mill
10.26355/eurrev_201907_18318,text,internal,paper_mill
10.18632/aging.103157,text,internal,paper_mill
10.1159/000495053,text,internal,paper_mill
10.1371/journal.pone.0117479,text,internal,paper_mill
10.2147/cmar.s197583,text,internal,paper_mill
10.3892/or.2014.3591,text,internal,paper_mill
10.1016/j.omtn.2019.10.026,text,internal,paper_mill
10.3233/jifs-231776,text,internal,paper_mill
10.3892/mmr.2015.4033,text,internal,paper_mill
10.1155/2022/4878378,text,internal,paper_mill
10.1155/2022/1012684,text,internal,paper_mill
10.1016/j.yexcr.2017.07.034,text,internal,paper_mill
10.3892/or.2020.7690,text,internal,paper_mill
10.1177/0300060520922449,text,internal,paper_mill
10.1186/s11658-018-0107-z,text,internal,paper_mill
10.3892/ol.2017.7201,text,internal,paper_mill
10.2147/ott.s184337,text,internal,paper_mill
10.1155/2022/8363850,text,internal,paper_mill
10.1155/2022/9708829,text,internal,paper_mill
10.2147/ott.s117523,text,internal,paper_mill
10.3892/or.2015.4101,text,internal,paper_mill
10.1155/2021/9674761,text,internal,paper_mill
10.2147/ott.s238348,text,internal,paper_mill
10.1002/jcb.27786,text,internal,paper_mill
10.3389/fonc.2020.01172,text,internal,paper_mill
10.1002/ar.24179,text,internal,paper_mill
10.1155/2022/3107965,text,internal,paper_mill
10.1155/2022/5997895,text,internal,paper_mill
10.2147/cmar.s308071,text,internal,paper_mill
10.1186/s13046-019-1210-3,text,internal,paper_mill
10.1155/2022/5852451,text,internal,paper_mill
10.1155/2022/6863281,text,internal,paper_mill
10.1155/2022/7179733,text,internal,paper_mill
10.3892/ijo.2015.3267,text,internal,paper_mill
10.1007/s11010-019-03651-3,text,internal,paper_mill
10.1155/2022/2398101,text,internal,paper_mill
10.3892/ijmm.2014.1823,text,internal,paper_mill
10.26355/eurrev_201908_18531,text,internal,paper_mill
10.3892/mmr.2018.8599,text,internal,paper_mill
10.1080/24701556.2020.1789999,text,internal,paper_mill
10.1155/2022/7451395,text,internal,paper_mill
10.3892/mmr.2017.7758,text,internal,paper_mill
10.1159/000493814,text,internal,paper_mill
10.1155/2022/6962163,text,internal,paper_mill
10.1155/2022/2992939,text,internal,paper_mill
10.1002/jcb.26643,text,internal,paper_mill
10.1155/2023/5177471,text,internal,paper_mill
10.1155/2021/7329072,text,internal,paper_mill
10.1042/bsr20180906,text,internal,paper_mill
10.1155/2021/4682589,text,internal,paper_mill
10.1155/2022/9569226,text,internal,paper_mill
10.1155/2022/6720287,text,internal,paper_mill
10.1155/2022/6960304,text,internal,paper_mill
10.1155/2019/7192798,text,internal,paper_mill
10.1080/24701556.2019.1709504,text,internal,paper_mill
10.1155/2022/2601852,text,internal,paper_mill
10.3892/mmr.2018.9186,text,internal,paper_mill
10.3892/mmr.2016.5571,text,internal,paper_mill
10.1155/2022/4102666,text,internal,paper_mill
10.1155/2022/4522873,text,internal,paper_mill
10.1089/hum.2018.212,text,internal,paper_mill
10.26355/eurrev_201902_17000,text,internal,paper_mill
10.1155/2022/7297499,text,internal,paper_mill
10.1155/2021/5655061,text,internal,paper_mill
10.26355/eurrev_201906_18188,text,internal,paper_mill
10.1155/2022/6066567,text,internal,paper_mill
10.3892/mmr.2017.6748,text,internal,paper_mill
10.1155/2023/9349494,text,internal,paper_mill
10.1155/2022/9170722,text,internal,paper_mill
10.1155/2022/7686728,text,internal,paper_mill
10.1007/s40618-019-01125-3,text,internal,paper_mill
10.2147/cmar.s264681,text,internal,paper_mill
10.1016/j.biopha.2018.04.014,text,internal,paper_mill
10.1155/2022/5851269,text,internal,paper_mill
10.2147/ott.s215012,text,internal,paper_mill
10.1042/bsr20170711,text,internal,paper_mill
10.1155/2022/4541918,text,internal,paper_mill
10.1155/2022/1195875,text,internal,paper_mill
10.1155/2021/7956184,text,internal,paper_mill
10.1155/2021/5212721,text,internal,paper_mill
10.1155/2021/6088322,text,internal,paper_mill
10.3892/or.2015.3734,text,internal,paper_mill
10.1155/2022/6829409,text,internal,paper_mill
10.1155/2022/5811219,text,internal,paper_mill
10.2147/cmar.s243869,text,internal,paper_mill
10.1155/2022/5391636,text,internal,paper_mill
10.1155/2022/7702512,text,internal,paper_mill
10.1159/000477314,text,internal,paper_mill
10.1155/2022/6198448,text,internal,paper_mill
10.3892/or.2016.5007,text,internal,paper_mill
10.1155/2023/4242346,text,internal,paper_mill
10.3892/ijmm.2014.1650,text,internal,paper_mill
10.1155/2021/5070099,text,internal,paper_mill
10.1155/2022/8544337,text,internal,paper_mill
10.26355/eurrev_201803_14468,text,internal,paper_mill
10.1155/2022/1293548,text,internal,paper_mill
10.1155/2022/1244836,text,internal,paper_mill
10.1002/jcp.29316,text,internal,paper_mill
10.1159/000495876,text,internal,paper_mill
10.1155/2022/4842370,text,internal,paper_mill
10.3892/etm.2020.8926,text,internal,paper_mill
10.1155/2023/8405945,text,internal,paper_mill
10.1111/jcmm.15162,text,internal,paper_mill
10.2147/cmar.s242472,text,internal,paper_mill
10.26355/eurrev_202002_20171,text,internal,paper_mill
10.1371/journal.pone.0119225,text,internal,paper_mill
10.1155/2022/2287470,text,internal,paper_mill
10.1155/2022/9170274,text,internal,paper_mill
10.3892/ijo.2018.4483,text,internal,paper_mill
10.1155/2023/5272125,text,internal,paper_mill
10.26355/eurrev_201912_19766,text,internal,paper_mill
10.1139/bcb-2016-0045,text,internal,paper_mill
10.3727/096504018x15247361080118,text,internal,paper_mill
10.3892/mmr.2017.7000,text,internal,paper_mill
10.1155/2022/3112281,text,internal,paper_mill
10.1155/2022/6203817,text,internal,paper_mill
10.1155/2022/3342919,text,internal,paper_mill
10.1155/2022/3958596,text,internal,paper_mill
10.1002/bab.1331,text,internal,paper_mill
10.3892/ol.2020.11296,text,internal,paper_mill
10.1155/2021/8833467,text,internal,paper_mill
10.26355/eurrev_201909_19001,text,internal,paper_mill
10.1155/2022/3714422,text,internal,paper_mill
10.1016/j.yexmp.2019.01.003,text,internal,paper_mill
10.1016/j.febslet.2014.11.031,text,internal,paper_mill
10.1155/2023/9337763,text,internal,paper_mill
10.1155/2022/1740295,text,internal,paper_mill
10.3892/etm.2018.6302,text,internal,paper_mill
10.1155/2022/9722458,text,internal,paper_mill
10.26355/eurrev_201806_15153,text,internal,paper_mill
10.3892/mmr.2017.7552,text,internal,paper_mill
10.1039/c8fo02223b,text,internal,paper_mill
10.3892/ol.2015.3587,text,internal,paper_mill
10.3892/mmr.2018.9572,text,internal,paper_mill
10.1155/2022/4609625,text,internal,paper_mill
10.1155/2022/3193553,text,internal,paper_mill
10.2147/cmar.s286866,text,internal,paper_mill
10.1111/jcmm.14161,text,internal,paper_mill
10.1155/2021/3727794,text,internal,paper_mill
10.1155/2020/6723487,text,internal,paper_mill
10.1155/2022/3518190,text,internal,paper_mill
10.1177/1533033818821401,text,internal,paper_mill
10.18632/aging.103905,text,internal,paper_mill
10.3892/ijo.2015.3112,text,internal,paper_mill
10.1159/000487567,text,internal,paper_mill
10.1016/j.lfs.2020.118902,text,internal,paper_mill
10.1016/j.omtn.2019.06.009,text,internal,paper_mill
10.1080/21691401.2019.1657873,text,internal,paper_mill
10.1155/2022/6857685,text,internal,paper_mill
10.2147/ott.s268678,text,internal,paper_mill
10.1080/21691401.2019.1593857,text,internal,paper_mill
10.1177/2058739218796706,text,internal,paper_mill
10.1155/2021/9913794,text,internal,paper_mill
10.1002/jcb.26517,text,internal,paper_mill
10.1080/24701556.2020.1731538,text,internal,paper_mill
10.4143/crt.2017.537,text,internal,paper_mill
10.1155/2021/7545091,text,internal,paper_mill
10.3727/096504018x15195193936573,text,internal,paper_mill
10.1177/2058739219852854,text,internal,paper_mill
10.1155/2021/8619251,text,internal,paper_mill
10.1155/2022/7967722,text,internal,paper_mill
10.3892/mmr.2019.9826,text,internal,paper_mill
10.3892/etm.2017.4648,text,internal,paper_mill
10.26355/eurrev_201907_18299,text,internal,paper_mill
10.1155/2022/3577312,text,internal,paper_mill
10.1042/bsr20182018,text,internal,paper_mill
10.1155/2022/8911343,text,internal,paper_mill
10.1155/2021/1426753,text,internal,paper_mill
10.1155/2022/4250013,text,internal,paper_mill
10.1016/j.biopha.2017.11.079,text,internal,paper_mill
10.1155/2022/9809932,text,internal,paper_mill
10.1155/2022/4239500,text,internal,paper_mill
10.1155/2022/7904293,text,internal,paper_mill
10.1155/2023/3370440,text,internal,paper_mill
10.1155/2022/5314225,text,internal,paper_mill
10.1155/2022/7850031,text,internal,paper_mill
10.1155/2022/8126672,text,internal,paper_mill
10.1155/2022/9618193,text,internal,paper_mill
10.5483/bmbrep.2022.55.6.044,text,internal,paper_mill
10.1042/bsr20140124,text,internal,paper_mill
10.1155/2021/3422393,text,internal,paper_mill
10.3892/ol.2013.1188,text,internal,paper_mill
10.1002/jcp.29028,text,internal,paper_mill
10.1159/000495060,text,internal,paper_mill
10.26355/eurrev_201809_15933,text,internal,paper_mill
10.3892/ol.2018.8109,text,internal,paper_mill
10.3892/ol.2019.10902,text,internal,paper_mill
10.1155/2021/9972664,text,internal,paper_mill
10.1155/2022/1125932,text,internal,paper_mill
10.1016/j.fob.2015.11.001,text,internal,paper_mill
10.1177/2058739218778710,text,internal,paper_mill
10.1155/2021/1159145,text,internal,paper_mill
10.1155/2022/2590847,text,internal,paper_mill
10.1155/2021/5521058,text,internal,paper_mill
10.1002/ar.24242,text,internal,paper_mill
10.1155/2021/2710231,text,internal,paper_mill
10.1159/000464379,text,internal,paper_mill
10.1155/2022/3092063,text,internal,paper_mill
10.1039/c9ra08600e,text,internal,paper_mill
10.1080/21691401.2019.1632870,text,internal,paper_mill
10.3892/ijmm.2019.4203,text,internal,paper_mill
10.1155/2022/1280756,text,internal,paper_mill
10.3892/or.2015.4498,text,internal,paper_mill
10.3892/ol.2017.6745,text,internal,paper_mill
10.1155/2022/2959846,text,internal,paper_mill
10.1155/2021/5812499,text,internal,paper_mill
10.1155/2022/1905437,text,internal,paper_mill
10.2147/ott.s216342,text,internal,paper_mill
10.1155/2022/2203615,text,internal,paper_mill
10.1039/c9ra07880k,text,internal,paper_mill
10.1080/24701556.2020.1713162,text,internal,paper_mill
10.1155/2022/9742461,text,internal,paper_mill
10.1155/2022/9398823,text,internal,paper_mill
10.1089/dna.2015.2915,text,internal,paper_mill
10.1155/2022/3880356,text,internal,paper_mill
10.3892/ol.2014.2753,text,internal,paper_mill
10.1371/journal.pone.0127682,text,internal,paper_mill
10.1155/2022/2825712,text,internal,paper_mill
10.21037/atm-20-5006,text,internal,paper_mill
10.1016/j.biopha.2018.01.148,text,internal,paper_mill
10.3233/cbm-182374,text,internal,paper_mill
10.3892/or.2016.5155,text,internal,paper_mill
10.1155/2022/6116658,text,internal,paper_mill
10.1002/ar.23940,text,internal,paper_mill
10.3892/or.2015.4437,text,internal,paper_mill
10.1155/2022/1313359,text,internal,paper_mill
10.3389/fmed.2021.721174,text,internal,paper_mill
10.1155/2022/4767621,text,internal,paper_mill
10.1016/j.febslet.2015.02.013,text,internal,paper_mill
10.1155/2022/5621341,text,internal,paper_mill
10.1039/c8ra10542a,text,internal,paper_mill
10.1016/j.abb.2021.108965,text,internal,paper_mill
10.2147/cmar.s280315,text,internal,paper_mill
10.1186/s13046-019-1188-x,text,internal,paper_mill
10.1155/2021/4623850,text,internal,paper_mill
10.1039/c9ra08693e,text,internal,paper_mill
10.1155/2022/6021994,text,internal,paper_mill
10.1002/jcb.26914,text,internal,paper_mill
10.3892/mmr.2016.5679,text,internal,paper_mill
10.1016/j.omtn.2019.10.007,text,internal,paper_mill
10.1002/jcb.29024,text,internal,paper_mill
10.2147/ott.s204004,text,internal,paper_mill
10.1155/2021/8402517,text,internal,paper_mill
10.1155/2022/9076175,text,internal,paper_mill
10.26355/eurrev_201711_13832,text,internal,paper_mill
10.1155/2022/4959840,text,internal,paper_mill
10.1155/2022/9897669,text,internal,paper_mill
10.1155/2022/3826080,text,internal,paper_mill
10.2147/ott.s202309,text,internal,paper_mill
10.1039/c9ra07039g,text,internal,paper_mill
10.1155/2022/7832618,text,internal,paper_mill
10.3892/ijmm.2020.4637,text,internal,paper_mill
10.1155/2021/5513886,text,internal,paper_mill
10.1155/2021/6651236,text,internal,paper_mill
10.3892/ijmm.2018.3660,text,internal,paper_mill
10.3389/fphar.2018.00543,text,internal,paper_mill
10.1080/21691401.2019.1640229,text,internal,paper_mill
10.1177/2058739218818952,text,internal,paper_mill
10.1155/2022/8036763,text,internal,paper_mill
10.1177/1559325820918450,text,internal,paper_mill
10.1155/2021/9971325,text,internal,paper_mill
10.3892/or.2018.6449,text,internal,paper_mill
10.1155/2022/9491559,text,internal,paper_mill
10.1016/j.lfs.2019.117134,text,internal,paper_mill
10.1155/2021/9338091,text,internal,paper_mill
10.1155/2021/5230666,text,internal,paper_mill
10.1155/2021/9917060,text,internal,paper_mill
10.1042/bsr20181598,text,internal,paper_mill
10.1155/2022/1587398,text,internal,paper_mill
10.1155/2022/7969422,text,internal,paper_mill
10.3892/mmr.2015.4163,text,internal,paper_mill
10.1155/2021/4468140,text,internal,paper_mill
10.1155/2022/5140148,text,internal,paper_mill
10.1155/2023/2620738,text,internal,paper_mill
10.2147/ott.s213026,text,internal,paper_mill
10.3892/mmr.2016.4799,text,internal,paper_mill
10.1155/2022/9119245,text,internal,paper_mill
10.1177/2058739219845547,text,internal,paper_mill
10.1002/jcb.26461,text,internal,paper_mill
10.1155/2022/1871841,text,internal,paper_mill
10.1002/jcb.26455,text,internal,paper_mill
10.1155/2022/9427076,text,internal,paper_mill
10.1155/2022/8311535,text,internal,paper_mill
10.3892/or.2016.4604,text,internal,paper_mill
10.1155/2022/1620802,text,internal,paper_mill
10.1155/2022/5263021,text,internal,paper_mill
10.1155/2022/9528444,text,internal,paper_mill
10.18632/oncotarget.21167,text,internal,paper_mill
10.1155/2022/9683819,text,internal,paper_mill
10.1080/21691401.2019.1652626,text,internal,paper_mill
10.2147/ott.s233256,text,internal,paper_mill
10.1080/15384101.2019.1648958,text,internal,paper_mill
10.3892/mmr.2015.3826,text,internal,paper_mill
10.1155/2021/6974225,text,internal,paper_mill
10.1155/2022/1704948,text,internal,paper_mill
10.3892/mmr.2017.7433,text,internal,paper_mill
10.1177/2058738419857550,text,internal,paper_mill
10.1590/1414-431x20187046,text,internal,paper_mill
10.1155/2022/8202975,text,internal,paper_mill
10.1155/2022/2056807,text,internal,paper_mill
10.1155/2023/3913351,text,internal,paper_mill
10.2147/ott.s220998,text,internal,paper_mill
10.1007/s13277-015-4527-3,text,internal,paper_mill
10.1155/2021/9201235,text,internal,paper_mill
10.1039/c8ra07055e,text,internal,paper_mill
10.1155/2021/7020177,text,internal,paper_mill
10.26355/eurrev_201905_17916,text,internal,paper_mill
10.1155/2021/6653439,text,internal,paper_mill
10.26355/eurrev_202002_20174,text,internal,paper_mill
10.1155/2021/6717582,text,internal,paper_mill
10.1177/2058739218796707,text,internal,paper_mill
10.1002/jcb.27676,text,internal,paper_mill
10.1155/2022/1893351,text,internal,paper_mill
10.1155/2022/2416196,text,internal,paper_mill
10.1155/2022/2373580,text,internal,paper_mill
10.1155/2022/6204832,text,internal,paper_mill
10.1155/2021/2779390,text,internal,paper_mill
10.1002/ar.24414,text,internal,paper_mill
10.1016/j.omtn.2019.08.024,text,internal,paper_mill
10.1155/2022/6560693,text,internal,paper_mill
10.1155/2022/3805013,text,internal,paper_mill
10.26355/eurrev_202004_20819,text,internal,paper_mill
10.1155/2022/9268206,text,internal,paper_mill
10.3892/etm.2017.4593,text,internal,paper_mill
10.1155/2022/1127146,text,internal,paper_mill
10.1177/2058739219828236,text,internal,paper_mill
10.1155/2021/8396438,text,internal,paper_mill
10.1089/cbr.2014.1759,text,internal,paper_mill
10.1042/bsr20182196,text,internal,paper_mill
10.1007/s00210-018-01607-w,text,internal,paper_mill
10.1080/24701556.2020.1835981,text,internal,paper_mill
10.1155/2022/3065656,text,internal,paper_mill
10.3892/ol.2013.1123,text,internal,paper_mill
10.1155/2021/8023490,text,internal,paper_mill
10.1155/2022/3963681,text,internal,paper_mill
10.1177/2058738418824521,text,internal,paper_mill
10.1155/2022/8446294,text,internal,paper_mill
10.3892/etm.2014.1708,text,internal,paper_mill
10.1155/2022/2696916,text,internal,paper_mill
10.1002/ar.24264,text,internal,paper_mill
10.1080/21691401.2019.1671855,text,internal,paper_mill
10.1155/2022/1254367,text,internal,paper_mill
10.1155/2022/3478861,text,internal,paper_mill
10.1002/biof.1579,text,internal,paper_mill
10.26355/eurrev_201811_16390,text,internal,paper_mill
10.3892/or.2016.4999,text,internal,paper_mill
10.1155/2021/8811751,text,internal,paper_mill
10.1177/1533033819852990,text,internal,paper_mill
10.1155/2022/1174541,text,internal,paper_mill
10.1155/2022/8091114,text,internal,paper_mill
10.1159/000495097,text,internal,paper_mill
10.1155/2022/7608428,text,internal,paper_mill
10.3892/mmr.2016.4779,text,internal,paper_mill
10.3892/mmr.2015.4168,text,internal,paper_mill
10.1080/24701556.2020.1841233,text,internal,paper_mill
10.2147/ott.s233149,text,internal,paper_mill
10.26355/eurrev_202005_21313,text,internal,paper_mill
10.3892/mmr.2015.4165,text,internal,paper_mill
10.1186/s12876-022-02562-w,text,internal,paper_mill
10.1155/2021/6032546,text,internal,paper_mill
10.1155/2022/8338137,text,internal,paper_mill
10.1155/2022/2872461,text,internal,paper_mill
10.1155/2021/3309944,text,internal,paper_mill
10.1186/s13046-019-1239-3,text,internal,paper_mill
10.1155/2021/9999863,text,internal,paper_mill
10.1155/2022/7676541,text,internal,paper_mill
10.1155/2021/5514669,text,internal,paper_mill
10.1155/2022/2227629,text,internal,paper_mill
10.1155/2021/9350677,text,internal,paper_mill
10.1186/s12935-020-01287-8,text,internal,paper_mill
10.1155/2022/2329576,text,internal,paper_mill
10.1177/2058739218793550,text,internal,paper_mill
10.26355/eurrev_202002_20365,text,internal,paper_mill
10.3892/mmr.2015.3749,text,internal,paper_mill
10.1002/jcb.26576,text,internal,paper_mill
10.1155/2022/3010901,text,internal,paper_mill
10.1016/j.biopha.2018.08.122,text,internal,paper_mill
10.1155/2022/2171529,text,internal,paper_mill
10.1016/j.ymthe.2017.01.017,text,internal,paper_mill
10.3892/ol.2015.2904,text,internal,paper_mill
10.1155/2021/6614784,text,internal,paper_mill
10.1155/2022/9380283,text,internal,paper_mill
10.3727/096504018x15150662230295,text,internal,paper_mill
10.1177/2058739219837050,text,internal,paper_mill
10.1155/2021/5185075,text,internal,paper_mill
10.1155/2022/3858249,text,internal,paper_mill
10.3892/or.2014.3698,text,internal,paper_mill
10.1155/2021/6666453,text,internal,paper_mill
10.1155/2022/7196449,text,internal,paper_mill
10.1155/2022/1426343,text,internal,paper_mill
10.3390/cells8121658,text,internal,control
10.1148/radiol.2503080874,text,internal,control
10.1016/j.ccell.2019.01.018,text,internal,control
10.1186/1472-6882-12-201,text,internal,control
10.1016/j.juro.2012.01.122,text,internal,control
10.1016/j.cell.2019.02.016,text,internal,control
10.1007/s00268-004-7366-8,text,internal,control
10.1093/aje/kwf048,text,internal,control
10.1016/j.cell.2015.08.068,text,internal,control
10.1002/ijc.33963,text,internal,control
10.1016/j.ccr.2014.07.027,text,internal,control
10.1016/j.cell.2018.07.027,text,internal,control
10.1093/jnci/djh059,text,internal,control
10.1016/j.ejon.2022.102116,text,internal,control
10.1158/0008-5472.can-06-1986,text,internal,control
10.1016/j.cgh.2018.10.041,text,internal,control
10.1007/s00330-023-10369-w,text,internal,control
10.1177/000348940010900811,text,internal,control
10.1002/ijc.28738,text,internal,control
10.1016/j.cell.2013.08.020,text,internal,control
10.1186/1472-6882-13-46,text,internal,control
10.1200/jco.2011.36.1709,text,internal,control
10.1038/bjc.2013.597,text,internal,control
10.1016/j.ccr.2005.08.007,text,internal,control
10.1155/2012/578285,text,internal,control
10.1016/j.ccr.2011.03.012,text,internal,control
10.1016/j.cell.2011.09.048,text,internal,control
10.4161/adip.23016,text,internal,control
10.1002/cjp2.238,text,internal,control
10.1371/journal.pone.0005052,text,internal,control
10.2460/javma.2005.227.1625,text,internal,control
10.1002/hep.24529,text,internal,control
10.1186/s12929-020-00633-2,text,internal,control
10.1074/mcp.m115.051524,text,internal,control
10.1073/pnas.0804923105,text,internal,control
10.1016/j.ygyno.2020.07.009,text,internal,control
10.1016/j.molcel.2023.12.027,text,internal,control
10.1016/j.cell.2018.11.006,text,internal,control
10.1016/j.ccell.2015.07.013,text,internal,control
10.1097/sla.0b013e31828920c0,text,internal,control
10.1038/s44318-024-00040-5,text,internal,control
10.1038/s41388-018-0317-x,text,internal,control
10.1038/s41388-019-0773-y,text,internal,control
10.1038/s41388-021-02071-2,text,internal,control
10.1039/d0tb00046a,text,internal,control
10.1634/theoncologist.2019-0123,text,internal,control
10.1016/j.ccr.2005.09.015,text,internal,control
10.1097/mcg.0000000000000426,text,internal,control
10.1016/j.ccell.2022.06.003,text,internal,control
10.1039/c7tb01156c,text,internal,control
10.1016/j.biomaterials.2005.10.027,text,internal,control
10.15252/embj.2021109221,text,internal,control
10.1097/md.0000000000012608,text,internal,control
10.1002/hed.23975,text,internal,control
10.1073/pnas.0706609105,text,internal,control
10.3748/wjg.v20.i25.8092,text,internal,control
10.1245/s10434-017-5818-2,text,internal,control
10.1371/journal.pone.0071637,text,internal,control
10.1186/1423-0127-18-6,text,internal,control
10.1177/15347354221118328,text,internal,control
10.1016/j.ccell.2020.12.021,text,internal,control
10.1016/j.cell.2019.02.011,text,internal,control
10.1038/mt.2015.169,text,internal,control
10.1093/jjco/hyg092,text,internal,control
10.1002/tox.22336,text,internal,control
10.1016/j.cell.2016.04.009,text,internal,control
10.1038/srep46688,text,internal,control
10.1186/1477-7819-12-197,text,internal,control
10.1021/jm101096x,text,internal,control
10.2174/138920107783018408,text,internal,control
10.1200/jco.2012.46.3299,text,internal,control
10.1038/onc.2013.274,text,internal,control
10.1038/sj.bjc.6601804,text,internal,control
10.3390/ijerph16091510,text,internal,control
10.1097/00006842-200211000-00014,text,internal,control
10.1016/j.ccell.2020.05.011,text,internal,control
10.1186/1476-4598-13-172,text,internal,control
10.1002/pds.4267,text,internal,control
10.1038/emboj.2011.145,text,internal,control
10.1016/j.humpath.2013.06.017,text,internal,control
10.3389/fonc.2024.1399171,text,internal,control
10.1002/1878-0261.12410,text,internal,control
10.1016/j.molcel.2021.04.002,text,internal,control
10.1038/s41388-023-02701-x,text,internal,control
10.1158/1078-0432.ccr-07-4147,text,internal,control
10.1093/carcin/bgt372,text,internal,control
10.1016/j.exphem.2012.07.007,text,internal,control
10.1002/jcp.24816,text,internal,control
10.1038/onc.2015.96,text,internal,control
10.7150/thno.60040,text,internal,control
10.1016/j.cell.2008.09.034,text,internal,control
10.1158/1055-9965.epi-04-0792,text,internal,control
10.1186/1471-2407-9-288,text,internal,control
10.1016/s0002-9440(10)64442-2,text,internal,control
10.1016/j.celrep.2018.03.114,text,internal,control
10.1002/ijc.21458,text,internal,control
10.1371/journal.pone.0119647,text,internal,control
10.1054/bjoc.2000.1655,text,internal,control
10.1016/j.ccr.2008.01.031,text,internal,control
10.1038/s41419-018-1019-6,text,internal,control
10.1021/pr1008724,text,internal,control
10.1371/journal.pone.0044325,text,internal,control
10.3390/cells9061331,text,internal,control
10.1016/j.jcma.2016.03.010,text,internal,control
10.1634/theoncologist.2008-0093,text,internal,control
10.1016/j.biomaterials.2008.03.033,text,internal,control
10.1016/s0022-5347(05)67798-1,text,internal,control
10.1016/j.ccell.2016.08.001,text,internal,control
10.1016/j.molcel.2014.09.026,text,internal,control
10.1158/0008-5472.can-13-1297,text,internal,control
10.1038/emboj.2012.45,text,internal,control
10.3390/jpm13091355,text,internal,control
10.1038/srep41004,text,internal,control
10.1038/s41388-022-02386-8,text,internal,control
10.1593/neo.09470,text,internal,control
10.1177/0269216307087142,text,internal,control
10.1177/154405910808701116,text,internal,control
10.1002/jcsm.12440,text,internal,control
10.1016/s1535-6108(02)00034-x,text,internal,control
10.1186/s12885-019-6485-4,text,internal,control
10.1002/hep.23221,text,internal,control
10.1002/pon.3482,text,internal,control
10.1007/s002689910074,text,internal,control
10.1016/j.ccell.2020.03.017,text,internal,control
10.1016/j.ccell.2024.05.020,text,internal,control
10.1093/jnci/djs355,text,internal,control
10.1016/j.prp.2024.155428,text,internal,control
10.1016/s0092-8674(00)00208-7,text,internal,control
10.1021/np0203180,text,internal,control
10.3390/ijms14059790,text,internal,control
10.1016/j.ccell.2022.12.008,text,internal,control
10.1097/00006199-200509000-00010,text,internal,control
10.1002/hed.21713,text,internal,control
10.3727/096368912x657954,text,internal,control
10.1002/1097-0215(20010720)95:4<240::aid-ijc1041>3.0.co;2-1,text,internal,control
10.1038/s41525-018-0051-x,text,internal,control
10.1016/j.ccell.2021.07.005,text,internal,control
10.1186/1755-8794-1-15,text,internal,control
10.2174/1568013033483339,text,internal,control
10.1016/j.sajce.2023.08.009,text,internal,control
10.1038/s41388-024-03228-5,text,internal,control
10.1371/journal.pone.0087129,text,internal,control
10.1016/j.molcel.2021.04.023,text,internal,control
10.1016/j.ejso.2011.04.003,text,internal,control
10.1007/s00464-006-0088-2,text,internal,control
10.1016/j.cell.2017.01.014,text,internal,control
10.1002/path.3988,text,internal,control
10.1038/s41388-020-01531-5,text,internal,control
10.1038/s41388-021-01762-0,text,internal,control
10.1016/j.biomaterials.2007.05.006,text,internal,control
10.1200/jco.19.00457,text,internal,control
10.1111/j.1582-4934.2009.00868.x,text,internal,control
10.1002/uog.14643,text,internal,control
10.1016/j.cell.2023.01.038,text,internal,control
10.1177/0284185118780899,text,internal,control
10.1021/jf900612n,text,internal,control
10.1186/s12885-016-2104-9,text,internal,control
10.1097/00002820-200012000-00003,text,internal,control
10.1016/j.ccell.2019.03.010,text,internal,control
10.18632/oncotarget.6641,text,internal,control
10.3390/ijerph16030411,text,internal,control
10.1002/ijc.22069,text,internal,control
10.1038/ncb2910,text,internal,control
10.3390/ijms20174154,text,internal,control
10.1200/jco.2005.03.5964,text,internal,control
10.1016/j.molcel.2024.11.013,text,internal,control
10.1016/j.ccell.2018.07.008,text,internal,control
10.1016/j.jtcvs.2007.06.001,text,internal,control
10.1038/onc.2012.53,text,internal,control
10.15252/embj.2020105320,text,internal,control
10.4161/cbt.7.5.5768,text,internal,control
10.1111/j.1048-891x.2004.014303.x,text,internal,control
10.1177/1534735403251167,text,internal,control
10.3389/fonc.2021.739144,text,internal,control
10.1002/pros.1072,text,internal,control
10.1016/j.jfma.2019.08.023,text,internal,control
10.1038/onc.2014.416,text,internal,control
10.1016/j.ccell.2016.04.004,text,internal,control
10.1111/j.1349-7006.2011.02043.x,text,internal,control
10.1200/jco.2015.62.0674,text,internal,control
10.1002/adfm.201502650,text,internal,control
10.1038/s41388-023-02780-w,text,internal,control
10.1200/jco.2017.75.5215,text,internal,control
10.1677/erc-06-0089,text,internal,control
10.1002/cam4.634,text,internal,control
10.1042/bcj20160134,text,internal,control
10.1038/onc.2014.25,text,internal,control
10.1158/1078-0432.ccr-14-2075,text,internal,control
10.1002/gcc.21924,text,internal,control
10.1016/j.jfma.2019.01.002,text,internal,control
10.1111/tbj.12001,text,internal,control
10.1038/modpathol.2013.241,text,internal,control
10.1158/0008-5472.can-16-2990,text,internal,control
10.1002/uog.14645,text,internal,control
10.1186/s12885-020-06807-3,text,internal,control
10.1016/j.oraloncology.2008.10.012,text,internal,control
10.1186/1476-4598-13-254,text,internal,control
10.3390/cancers13153891,text,internal,control
10.1038/s41388-019-0891-6,text,internal,control
10.1186/1471-2458-11-804,text,internal,control
10.1111/j.1440-1746.2006.04426.x,text,internal,control
10.1038/cgt.2010.38,text,internal,control
10.1016/j.cell.2017.09.038,text,internal,control
10.29685/jcm.200512.0001,text,internal,control
10.1186/1471-230x-6-29,text,internal,control
10.1016/j.lungcan.2004.12.008,text,internal,control
10.1097/00004836-199903000-00012,text,internal,control
10.1093/carcin/bgm109,text,internal,control
10.1186/1476-4598-12-26,text,internal,control
10.1038/onc.2011.383,text,internal,control
10.1002/jcsm.12524,text,internal,control
10.1016/j.ccell.2020.09.015,text,internal,control
10.1016/j.cmpb.2015.11.009,text,internal,control
10.1080/17482970701757119,text,internal,control
10.1016/j.ccr.2005.04.014,text,internal,control
10.1016/j.ccell.2024.05.024,text,internal,control
10.1111/j.1440-1819.2006.01479.x,text,internal,control
10.1158/0008-5472.can-12-0567,text,internal,control
10.1158/1078-0432.ccr-14-0635,text,internal,control
10.3390/cells11132035,text,internal,control
10.1111/j.1751-2980.2011.00480.x,text,internal,control
10.1164/rccm.201207-1180oc,text,internal,control
10.1016/j.molcel.2020.09.006,text,internal,control
10.1002/bjs.4834,text,internal,control
10.1016/j.ccr.2013.06.003,text,internal,control
10.1016/j.ccell.2024.08.003,text,internal,control
10.1186/s13058-024-01812-x,text,internal,control
10.1158/0008-5472.can-13-1896,text,internal,control
10.1186/1476-4598-13-189,text,internal,control
10.1038/onc.2011.243,text,internal,control
10.1016/j.molcel.2014.11.018,text,internal,control
10.1188/08.onf.273-281,text,internal,control
10.1016/j.ejca.2011.12.012,text,internal,control
10.1593/neo.91326,text,internal,control
10.1038/onc.2015.409,text,internal,control
10.1002/(sici)1097-0142(19990401)85:7<1537::aid-cncr15>3.0.co;2-6,text,internal,control
10.1016/s0959-8049(98)00398-0,text,internal,control
10.1016/j.molcel.2013.05.017,text,internal,control
10.1038/cr.2009.41,text,internal,control
10.1038/s41388-024-02986-6,text,internal,control
10.1016/j.urpr.2014.07.001,text,internal,control
10.3390/cancers13061188,text,internal,control
10.2147/ndt.s135624,text,internal,control
10.1016/j.ccell.2016.07.017,text,internal,control
10.1021/jf8032683,text,internal,control
10.1097/md.0000000000015200,text,internal,control
10.1002/mc.20103,text,internal,control
10.1002/hed.21397,text,internal,control
10.1016/j.cell.2018.03.033,text,internal,control
10.1038/ncb1875,text,internal,control
10.1016/j.cell.2013.06.026,text,internal,control
10.1038/sj.leu.2402311,text,internal,control
10.1111/j.1601-0825.2009.01646.x,text,internal,control
10.1016/j.humpath.2018.05.017,text,internal,control
10.1016/s1535-6108(03)00190-9,text,internal,control
10.1016/j.cell.2023.02.002,text,internal,control
10.1002/jcu.1041,text,internal,control
10.1007/s00262-006-0261-4,text,internal,control
10.1111/jcmm.14879,text,internal,control
10.1038/s41419-019-2016-0,text,internal,control
10.1080/15476286.2019.1632634,text,internal,control
10.1016/j.cell.2016.09.001,text,internal,control
10.1042/bsr20100114,text,internal,control
10.1016/j.ccr.2011.08.018,text,internal,control
10.1016/j.ccell.2018.12.003,text,internal,control
10.1002/tox.21801,text,internal,control
10.3389/fonc.2020.561936,text,internal,control
10.1038/srep24517,text,internal,control
10.1016/j.ccr.2006.04.022,text,internal,control
10.1053/crad.2001.0736,text,internal,control
10.1038/s41388-018-0445-3,text,internal,control
10.3892/ijmm_00000153,text,internal,control
10.1158/1078-0432.ccr-08-1471,text,internal,control
10.1158/1055-9965.epi-10-1280,text,internal,control
10.1038/onc.2016.307,text,internal,control
10.1016/j.cell.2018.01.009,text,internal,control
10.1016/j.ccell.2024.03.009,text,internal,control
10.1038/onc.2012.514,text,internal,control
10.1038/s41388-018-0552-1,text,internal,control
10.1038/s41388-024-03135-9,text,internal,control
10.1186/s12885-015-1114-3,text,internal,control
10.1007/s00520-014-2307-z,text,internal,control
10.1093/emboj/20.24.6958,text,internal,control
10.1016/j.ccr.2005.06.010,text,internal,control
10.1002/cncr.11487,text,internal,control
10.1002/(sici)1097-0045(19990501)39:2<101::aid-pros4>3.0.co;2-j,text,internal,control
10.1001/jama.294.19.2474,text,internal,control
10.1002/adfm.201700056,text,internal,control
10.1155/2012/924168,text,internal,control
10.1097/mpa.0000000000000419,text,internal,control
10.1007/s00428-009-0808-9,text,internal,control
10.1002/pmic.200600663,text,internal,control
10.1016/j.jfma.2017.09.007,text,internal,control
10.1158/1078-0432.ccr-14-1954,text,internal,control
10.1021/jf1049408,text,internal,control
10.1038/onc.2017.318,text,internal,control
10.1158/0008-5472.can-10-4374,text,internal,control
10.1369/jhc.7a7235.2007,text,internal,control
10.1510/icvts.2008.177006,text,internal,control
10.1002/mp.13116,text,internal,control
10.1186/1471-2407-9-260,text,internal,control
10.1038/s41388-020-01525-3,text,internal,control
10.1016/j.ccell.2016.11.008,text,internal,control
10.1016/j.molcel.2021.02.001,text,internal,control
10.1016/j.suronc.2013.02.008,text,internal,control
10.3390/molecules24183259,text,internal,control
10.1118/1.2962147,text,internal,control
10.1046/j.1440-1819.2003.01082.x,text,internal,control
10.1002/cncr.20210,text,internal,control
10.3389/fimmu.2022.1038226,text,internal,control
10.1016/j.cell.2017.01.016,text,internal,control
10.3390/cancers11040541,text,internal,control
10.1148/radiol.230989,text,internal,control
10.3390/cancers12010056,text,internal,control
10.1111/ases.12052,text,internal,control
10.1177/154405910808700413,text,internal,control
10.1016/j.otohns.2006.07.002,text,internal,control
10.1016/j.cell.2009.12.040,text,internal,control
10.1016/j.jss.2004.08.013,text,internal,control
10.1038/sj.bjc.6604565,text,internal,control
10.1016/j.ccell.2016.10.011,text,internal,control
10.3892/or.6.2.329,text,internal,control
10.1016/j.tranon.2017.04.012,text,internal,control
10.1210/jc.2012-1162,text,internal,control
10.1111/j.1432-2277.2005.00155.x,text,internal,control
10.1016/j.ccell.2018.07.013,text,internal,control
10.1089/jpm.2024.0140,text,internal,control
10.1186/s12929-022-00795-1,text,internal,control
10.1186/s12935-018-0625-9,text,internal,control
10.1021/acsami.9b06155,text,internal,control
10.1038/ncomms15507,text,internal,control
10.1038/s41419-017-0250-x,text,internal,control
10.1002/(sici)1096-9098(199908)71:4<220::aid-jso3>3.0.co;2-l,text,internal,control
10.1016/j.ccr.2004.12.011,text,internal,control
10.1016/j.ccell.2018.04.005,text,internal,control
10.2119/molmed.2012.00205,text,internal,control
10.1054/bjoc.2000.1208,text,internal,control
10.1111/j.1572-0241.1999.01233.x,text,internal,control
10.1093/emboj/18.3.644,text,internal,control
10.1186/1471-2407-8-58,text,internal,control
10.1111/j.1365-2141.2009.08026.x,text,internal,control
10.1136/gutjnl-2011-301708,text,internal,control
10.2108/zsj.29.327,text,internal,control
10.1016/j.ccr.2011.10.001,text,internal,control
10.1371/journal.pone.0088556,text,internal,control
10.1016/j.ccell.2015.06.011,text,internal,control
10.1111/j.1600-0714.2007.00608.x,text,internal,control
10.1158/1078-0432.ccr-18-3016,text,internal,control
10.1186/s12937-015-0081-5,text,internal,control
10.1111/j.1582-4934.2011.01459.x,text,internal,control
10.1038/onc.2017.261,text,internal,control
10.1016/j.ccr.2012.02.014,text,internal,control
10.1111/nyas.12872,text,internal,control
10.1002/ijc.25463,text,internal,control
10.1038/srep32851,text,internal,control
10.1016/j.cell.2011.12.021,text,internal,control
10.1093/carcin/bgm137,text,internal,control
10.1038/sj.onc.1209706,text,internal,control
10.1038/s41388-018-0286-0,text,internal,control
10.1038/srep10326,text,internal,control
10.1038/s41388-018-0546-z,text,internal,control
10.1016/j.ccr.2014.04.020,text,internal,control
10.7150/jca.12490,text,internal,control
10.1111/j.1365-2648.2005.03562.x,text,internal,control
10.1371/journal.pone.0026595,text,internal,control
10.1002/med.21702,text,internal,control
10.1172/jci67280,text,internal,control
10.1002/cncr.21984,text,internal,control
10.1016/j.ccell.2019.02.008,text,internal,control
10.1016/s1535-6108(04)00081-9,text,internal,control
10.1177/1043454214563758,text,internal,control
10.1016/j.fct.2010.06.024,text,internal,control
10.1016/j.ccr.2013.03.012,text,internal,control
10.1200/jco.2012.48.5268,text,internal,control
10.1016/j.cell.2009.04.021,text,internal,control
10.1016/j.ccr.2009.01.011,text,internal,control
10.1158/0008-5472.can-12-2350,text,internal,control
10.1021/jf302832n,text,internal,control
10.3390/ijms18061172,text,internal,control
10.15252/embj.201489004,text,internal,control
10.21873/cgp.20309,text,internal,control
10.1371/journal.pone.0079926,text,internal,control
10.1200/jco.2002.20.6.1544,text,internal,control
10.7150/thno.57803,text,internal,control
10.3748/wjg.v10.i16.2417,text,internal,control
10.1186/1479-5876-7-16,text,internal,control
10.1038/s41388-023-02851-y,text,internal,control
10.1038/s41388-024-03211-0,text,internal,control
10.1038/emboj.2011.416,text,internal,control
10.1186/s12885-016-2874-0,text,internal,control
10.1158/1535-7163.mct-05-0027,text,internal,control
10.1016/j.ccell.2015.04.010,text,internal,control
10.1158/1078-0432.ccr-07-1113,text,internal,control
10.1002/cncr.30517,text,internal,control
10.1002/ijc.22599,text,internal,control
10.1038/s41388-024-03077-2,text,internal,control
10.1002/ijc.27403,text,internal,control
10.1158/0008-5472.can-13-2995,text,internal,control
10.1002/mc.20679,text,internal,control
10.1038/s41388-021-01914-2,text,internal,control
10.1054/bjoc.2001.1927,text,internal,control
10.3390/cancers13174288,text,internal,control
10.1038/s41388-020-01450-5,text,internal,control
10.1002/ijc.21895,text,internal,control
10.1016/j.ccell.2024.08.022,text,internal,control
10.1016/s1470-2045(14)71173-8,text,internal,control
10.1097/01.ogx.0000253751.36867.e5,text,internal,control
10.1080/00016340701303747,text,internal,control
10.1016/s2213-2600(17)30480-0,text,internal,control
10.1002/path.1999,text,internal,control
10.1016/j.cell.2024.11.010,text,internal,control
10.1007/s10689-016-9934-0,text,internal,control
10.3390/cancers14174292,text,internal,control
10.1016/j.ccr.2009.01.009,text,internal,control
10.1016/j.ccell.2015.07.011,text,internal,control
10.1016/j.ccell.2018.03.025,text,internal,control
10.1097/00002820-200212000-00014,text,internal,control
10.3390/cells8040295,text,internal,control
10.1016/j.biomed.2012.03.003,text,internal,control
10.1002/ijc.32338,text,internal,control
10.1021/jf204362n,text,internal,control
10.1158/1940-6207.capr-16-0170,text,internal,control
10.1038/onc.2017.33,text,internal,control
10.1021/pr3008732,text,internal,control
10.1038/s41388-020-1307-3,text,internal,control
10.1158/1535-7163.mct-07-0107,text,internal,control
10.1016/j.freeradbiomed.2015.11.018,text,internal,control
10.1158/1078-0432.ccr-09-0070,text,internal,control
10.1016/j.ccr.2007.11.014,text,internal,control
10.1158/1078-0432.ccr-06-2054,text,internal,control
10.1002/anie.201203339,text,internal,control
10.2147/rru.s68477,text,internal,control
10.1016/j.cbi.2006.08.003,text,internal,control
10.1016/j.schres.2011.02.018,text,internal,control
10.1177/2050312117727444,text,internal,control
10.1186/s13014-016-0617-7,text,internal,control
10.1016/j.ccell.2018.05.001,text,internal,control
10.1016/j.cell.2012.10.035,text,internal,control
10.1016/j.jfda.2018.01.012,text,internal,control
10.21873/anticanres.14661,text,internal,control
10.1016/j.ccr.2007.06.005,text,internal,control
10.1158/1078-0432.173.11.1,text,internal,control
10.1038/onc.2016.459,text,internal,control
10.1016/s0006-2952(02)00931-0,text,internal,control
10.1016/j.ccell.2020.04.018,text,internal,control
10.1517/14728222.2013.740012,text,internal,control
10.1024/1023-9332.5.5.199,text,internal,control
10.1016/j.semcancer.2014.05.003,text,internal,control
10.1016/j.ccr.2012.04.023,text,internal,control
10.1016/j.biomaterials.2009.03.048,text,internal,control
10.1111/j.1547-5069.2012.01453.x,text,internal,control
10.1016/s0029-7844(00)01025-5,text,internal,control
10.1016/j.ccell.2022.11.014,text,internal,control
10.1158/0008-5472.can-22-1695,text,internal,control
10.1016/j.cell.2017.04.030,text,internal,control
10.15252/embj.2020106368,text,internal,control
10.1016/j.ccell.2016.06.012,text,internal,control
10.1046/j.1365-2559.2001.01106.x,text,internal,control
10.1002/smll.201101233,text,internal,control
10.1016/j.ccr.2006.08.022,text,internal,control
10.3802/jgo.2013.24.4.342,text,internal,control
10.1038/emboj.2010.324,text,internal,control
10.1016/j.ccr.2014.07.023,text,internal,control
10.1038/onc.2016.29,text,internal,control
10.1016/j.jtho.2019.12.126,text,internal,control
10.1016/j.canlet.2004.12.044,text,internal,control
10.1016/j.ccr.2010.04.022,text,internal,control
10.1159/000529627,text,internal,control
10.1111/aogs.12383,text,internal,control
10.1177/1534735417722224,text,internal,control
10.1155/2013/698190,text,internal,control
10.1177/0022034510384619,text,internal,control
10.1002/emmm.201201569,text,internal,control
10.1111/apm.13303,text,internal,control
10.1016/j.ejrad.2016.06.004,text,internal,control
10.1016/j.canlet.2005.02.004,text,internal,control
10.1016/j.ccell.2022.11.005,text,internal,control
10.1159/000343850,text,internal,control
10.3389/fimmu.2018.00412,text,internal,control
10.1002/jso.23063,text,internal,control
10.1016/s0090-8258(03)00064-7,text,internal,control
10.1093/jnci/djac178,text,internal,control
10.3748/wjg.v20.i7.1701,text,internal,control
10.1245/s10434-011-2159-4,text,internal,control
10.1038/ajg.2010.475,text,internal,control
10.1002/path.2776,text,internal,control
10.1200/jco.2007.15.6695,text,internal,control
10.1016/j.ccell.2015.09.006,text,internal,control
10.1002/advs.202204514,text,internal,control
10.3390/molecules22030437,text,internal,control
10.7150/ijms.20336,text,internal,control
10.1136/jitc-2020-001392,text,internal,control
10.3109/21681805.2015.1063083,text,internal,control
10.1016/j.ccell.2016.11.010,text,internal,control
10.1016/j.ccr.2014.03.021,text,internal,control
10.1038/onc.2011.486,text,internal,control
10.1002/ijc.26284,text,internal,control
10.1136/gut.2004.050831,text,internal,control
10.1111/jop.12288,text,internal,control
10.1007/s00268-014-2605-0,text,internal,control
10.1093/jjco/hye138,text,internal,control
10.1016/j.ajpath.2014.04.010,text,internal,control
10.3390/ijms222111492,text,internal,control
10.1371/journal.pone.0194993,text,internal,control
10.1165/rcmb.2008-0320oc,text,internal,control
10.7150/jca.15703,text,internal,control
10.1016/j.oraloncology.2010.01.007,text,internal,control
10.3748/wjg.v16.i27.3371,text,internal,control
10.1038/nm.4321,text,internal,control
10.1007/s10549-005-9017-7,text,internal,control
10.3390/jcm8040439,text,internal,control
10.1016/j.celrep.2019.02.025,text,internal,control
10.1021/np1003593,text,internal,control
10.3892/ijmm_00000335,text,internal,control
10.1016/j.cell.2009.05.050,text,internal,control
10.1016/j.ccell.2020.02.010,text,internal,control
10.1016/j.molcel.2014.02.033,text,internal,control
10.3978/j.issn.2224-5820.2012.03.05,text,internal,control
10.1186/s40164-018-0100-2,text,internal,control
10.1016/j.ejrad.2011.07.018,text,internal,control
10.1158/1055-9965.epi-10-0332,text,internal,control
10.1038/onc.2014.32,text,internal,control
10.1158/0008-5472.can-12-0667,text,internal,control
10.1038/s41467-020-18244-8,text,internal,control
10.1002/ijc.30138,text,internal,control
10.1093/carcin/bgi133,text,internal,control
10.1016/j.ccell.2024.06.016,text,internal,control
10.3892/or.9.6.1289,text,internal,control
10.1186/s13148-019-0765-3,text,internal,control
10.1186/s13046-017-0495-3,text,internal,control
10.1016/j.ccr.2009.12.047,text,internal,control
10.1080/00365510802126836,text,internal,control
10.1038/onc.2016.227,text,internal,control
10.1200/jco.2008.20.5096,text,internal,control
10.1016/j.cell.2015.06.041,text,internal,control
10.1186/s13045-016-0334-6,text,internal,control
10.1001/archsurg.134.7.722,text,internal,control
10.15252/embj.2021110553,text,internal,control
10.1016/j.ccr.2006.06.013,text,internal,control
10.3390/cells8050435,text,internal,control
10.1124/dmd.105.005280,text,internal,control
10.1016/j.cell.2017.11.010,text,internal,control
10.1016/j.ccell.2019.12.012,text,internal,control
10.1016/j.molcel.2019.05.036,text,internal,control
10.1158/0008-5472.can-17-3858,text,internal,control
10.3892/or.2017.6087,text,internal,control
10.1046/j.1365-2648.2000.t01-1-01560.x,text,internal,control
10.1158/1078-0432.ccr-20-3909,text,internal,control
10.1038/s41591-023-02758-x,text,internal,control
10.1016/j.molcel.2020.11.027,text,internal,control
10.2147/ijn.s148305,text,internal,control
10.1016/j.biomaterials.2014.02.011,text,internal,control
10.1016/j.ccell.2024.02.002,text,internal,control
10.1371/journal.pone.0142656,text,internal,control
10.1158/1078-0432.ccr-0990-3,text,internal,control
10.1371/journal.pone.0056667,text,internal,control
10.1155/2013/302426,text,internal,control
10.1016/j.ccr.2010.12.022,text,internal,control
10.1021/jf201096v,text,internal,control
10.1016/j.cell.2012.06.013,text,internal,control
10.1002/(sici)1098-2264(199902)24:2<127::aid-gcc5>3.0.co;2-8,text,internal,control
10.1038/s41379-021-00838-2,text,internal,control
10.1038/sj.bjc.6603487,text,internal,control
10.1111/cas.13697,text,internal,control
10.1002/ijc.23460,text,internal,control
10.1016/j.cell.2020.05.017,text,internal,control
10.1016/j.ccell.2018.11.010,text,internal,control
10.1016/j.ccr.2010.11.002,text,internal,control
10.1177/0194599812451426a41,text,internal,control
10.1080/0284186x.2023.2240008,text,internal,control
10.1016/j.cell.2011.06.014,text,internal,control
10.1016/j.ccell.2015.04.011,text,internal,control
10.1161/strokeaha.111.615534,text,internal,control
10.15252/embj.2021109288,text,internal,control
10.1111/j.1478-3231.2008.01702.x,text,internal,control
10.3390/molecules18066584,text,internal,control
10.1016/j.ccell.2023.09.002,text,internal,control
10.1016/j.ccell.2023.05.008,text,internal,control
10.1002/pros.20778,text,internal,control
10.1002/pbc.22671,text,internal,control
10.1186/1475-2867-8-1,text,internal,control
10.1016/j.cell.2022.02.027,text,internal,control
10.1016/j.ccell.2021.02.011,text,internal,control
10.1074/jbc.m111.258947,text,internal,control
10.3109/0284186x.2015.1120883,text,internal,control
10.1097/01.sla.0000150067.99651.6a,text,internal,control
10.3892/ijo_00000686,text,internal,control
10.1038/s41388-020-01465-y,text,internal,control
10.1158/1940-6207.capr-11-0358,text,internal,control
10.1021/nn205023w,text,internal,control
10.1371/journal.pone.0153745,text,internal,control
10.1371/journal.pone.0040727,text,internal,control
10.3390/jcm8070959,text,internal,control
10.1021/jf404092f,text,internal,control
10.1016/j.ccell.2021.02.016,text,internal,control
10.1016/j.juro.2008.08.044,text,internal,control
10.1038/onc.2017.97,text,internal,control
10.1016/j.ccell.2022.10.018,text,internal,control
10.3390/ijms13056236,text,internal,control
10.1034/j.1600-0714.2002.00129.x,text,internal,control
10.1080/00365520500495789,text,internal,control
10.1016/j.ccr.2006.09.015,text,internal,control
10.1158/1055-9965.epi-05-0821,text,internal,control
10.1038/srep12870,text,internal,control
10.1038/s41388-023-02925-x,text,internal,control
10.1172/jci31537,text,internal,control
10.1016/j.ccell.2021.12.006,text,internal,control
10.1016/j.ccell.2023.09.007,text,internal,control
10.1016/j.ccr.2010.06.011,text,internal,control
10.1038/s41388-020-1207-6,text,internal,control
10.1097/00002820-200302000-00009,text,internal,control
10.1016/j.molcel.2015.07.026,text,internal,control
10.1016/j.ccell.2016.10.012,text,internal,control
10.1002/hep.25644,text,internal,control
10.1038/s41388-018-0298-9,text,internal,control
10.1038/sj.bjc.6604964,text,internal,control
10.3748/wjg.v11.i14.2166,text,internal,control
10.1186/ar2987,text,internal,control
10.1093/humrep/14.3.664,text,internal,control
10.1186/s12929-017-0358-4,text,internal,control
10.3892/br.2016.747,text,internal,control
10.2460/javma.235.4.391,text,internal,control
10.1038/s41388-021-01815-4,text,internal,control
10.1016/j.cell.2024.02.039,text,internal,control
10.1186/s13058-018-1065-0,text,internal,control
10.3390/molecules17078010,text,internal,control
10.1021/pr700742h,text,internal,control
10.1038/s41571-022-00601-9,text,internal,control
10.3892/ol.2020.11583,text,internal,control
10.1371/journal.pone.0099631,text,internal,control
10.1016/j.ccr.2012.07.024,text,internal,control
10.3892/ijo.2013.2050,text,internal,control
10.1002/ijc.22849,text,internal,control
10.1016/j.lfs.2004.09.045,text,internal,control
10.1016/s1028-4559(08)60102-3,text,internal,control
10.1002/hed.23743,text,internal,control
10.1016/j.jsbmb.2008.12.012,text,internal,control
10.1038/onc.2017.29,text,internal,control
10.1016/j.ccr.2009.12.032,text,internal,control
10.1038/s44318-024-00099-0,text,internal,control
10.1245/s10434-012-2603-0,text,internal,control
10.1158/0008-5472.can-12-1568,text,internal,control
10.1158/0008-5472.can-10-1496,text,internal,control
10.1200/jco.2016.70.3223,text,internal,control
10.1016/j.bbcan.2022.188715,text,internal,control
10.1016/j.ccell.2016.08.005,text,internal,control
10.1053/j.gastro.2011.04.008,text,internal,control
10.1186/s13014-015-0562-x,text,internal,control
10.1111/j.1600-0714.2010.01003.x,text,internal,control
10.1373/clinchem.2015.248260,text,internal,control
10.1038/s41419-021-04231-4,text,internal,control
10.1016/j.molcel.2008.10.007,text,internal,control
10.1002/cam4.773,text,internal,control
10.1038/onc.2017.25,text,internal,control
10.1371/journal.pone.0102519,text,internal,control
10.3390/molecules26165052,text,internal,control
10.1155/2011/565316,text,internal,control
10.1046/j.1464-4096.2001.02419.x,text,internal,control
10.1016/j.cell.2011.03.020,text,internal,control
10.1016/j.addr.2014.05.009,text,internal,control
10.1016/j.molcel.2010.03.012,text,internal,control
10.1186/1423-0127-21-17,text,internal,control
10.3390/cancers11050679,text,internal,control
10.1001/archdermatol.2011.682,text,internal,control
10.1016/j.lungcan.2006.10.022,text,internal,control
10.1038/s41388-023-02927-9,text,internal,control
10.1371/journal.pone.0021428,text,internal,control
10.1111/j.1600-0714.2006.00491.x,text,internal,control
10.1002/ijc.25083,text,internal,control
10.1371/journal.pone.0084815,text,internal,control
10.1002/ijc.23519,text,internal,control
10.1016/j.cell.2017.01.030,text,internal,control
10.1159/000079496,text,internal,control
10.1038/s41467-018-06268-0,text,internal,control
10.1021/jf8013102,text,internal,control
10.1016/j.cell.2013.01.010,text,internal,control
10.3389/fonc.2020.00268,text,internal,control
10.1016/j.ccell.2018.03.012,text,internal,control
10.1016/j.ccr.2006.07.020,text,internal,control
10.1001/jama.295.1.65,text,internal,control
10.3390/ijms21020386,text,internal,control
10.1188/06.onf.e53-e61,text,internal,control
10.1186/s12943-015-0449-3,text,internal,control
10.3390/math7121170,text,internal,control
10.1021/acs.jafc.6b02861,text,internal,control
10.1038/bjc.2012.595,text,internal,control
10.1046/j.1440-1746.1999.01983.x,text,internal,control
10.1016/j.cell.2016.01.009,text,internal,control
10.2741/s465,text,internal,control
10.1038/s41388-018-0497-4,text,internal,control
10.1097/hc9.0000000000000415,text,internal,control
10.1016/j.ccell.2022.08.010,text,internal,control
10.1097/00001610-200201000-00007,text,internal,control
10.1074/jbc.m309008200,text,internal,control
10.1038/s41598-017-04637-1,text,internal,control
10.1016/j.ccr.2006.11.015,text,internal,control
10.1021/np020441r,text,internal,control
10.1097/00006250-199909000-00013,text,internal,control
10.1016/j.molcel.2016.09.028,text,internal,control
10.1016/j.ccr.2014.06.024,text,internal,control
10.1371/journal.pone.0002637,text,internal,control
10.1093/jjco/hyd003,text,internal,control
10.1016/j.molcel.2019.05.003,text,internal,control
10.1038/s41388-022-02507-3,text,internal,control
10.1038/onc.2016.490,text,internal,control
10.1016/j.molcel.2011.01.028,text,internal,control
10.1016/j.ccr.2005.06.012,text,internal,control
10.1016/j.humpath.2011.06.019,text,internal,control
10.3390/cancers16112099,text,internal,control
10.1097/md.0000000000005177,text,internal,control
10.1016/j.mce.2011.12.019,text,internal,control
10.1002/hed.21011,text,internal,control
10.1006/gyno.2002.6664,text,internal,control
10.1038/s41388-018-0511-x,text,internal,control
10.1097/00008390-200412000-00016,text,internal,control
10.1016/j.ejcts.2007.09.008,text,internal,control
10.1074/jbc.m900280200,text,internal,control
10.1038/s41598-017-02057-9,text,internal,control
10.5430/jst.v2n2p23,text,internal,control
10.1002/jso.21117,text,internal,control
10.3390/v7112899,text,internal,control
10.1002/pros.20057,text,internal,control
10.1007/s13402-012-0105-5,text,internal,control
10.1111/j.1442-2050.2009.00999.x,text,internal,control
10.1038/s41556-018-0062-y,text,internal,control
10.1016/j.jconrel.2015.01.032,text,internal,control
10.1111/jne.13249,text,internal,control
10.1016/j.semcancer.2018.08.010,text,internal,control
10.1186/s12929-020-00644-z,text,internal,control
10.3748/wjg.15.5481,text,internal,control
10.1038/ncb2455,text,internal,control
10.1007/s10549-011-1817-3,text,internal,control
10.1002/ijc.23047,text,internal,control
10.1002/ijc.22616,text,internal,control
10.3892/ijo.2016.3387,text,internal,control
10.1158/1078-0432.ccr-10-0138,text,internal,control
10.1016/j.cell.2018.03.022,text,internal,control
10.1095/biolreprod64.4.1122,text,internal,control
10.1155/2012/261971,text,internal,control
10.1097/jto.0000000000000669,text,internal,control
10.1016/j.ccell.2023.05.015,text,internal,control
10.1038/s44321-024-00175-2,text,internal,control
10.1038/s41388-023-02844-x,text,internal,control
10.1016/j.euf.2016.10.001,text,internal,control
10.1016/j.ccell.2018.09.003,text,internal,control
10.1177/0269216315603261,text,internal,control
10.1053/j.gastro.2011.05.045,text,internal,control
10.1053/j.semdp.2006.06.003,text,internal,control
10.1155/2015/768093,text,internal,control
10.1021/acs.molpharmaceut.9b00274,text,internal,control
10.1016/j.ccell.2024.04.014,text,internal,control
10.1016/j.ccr.2014.04.015,text,internal,control
10.1074/mcp.m115.057026,text,internal,control
10.1158/1078-0432.ccr-07-1468,text,internal,control
10.1158/0008-5472.can-16-3168,text,internal,control
10.3389/fonc.2020.00681,text,internal,control
10.1021/jm500249n,text,internal,control
10.1016/j.ccell.2016.08.004,text,internal,control
10.1016/j.ccell.2019.02.004,text,internal,control
10.1038/srep15659,text,internal,control
10.1016/j.cell.2014.10.032,text,internal,control
10.1016/j.ccell.2019.10.003,text,internal,control
10.3390/cancers16081539,text,internal,control
10.1371/journal.pone.0116384,text,internal,control
10.2340/actadv.v104.40890,text,internal,control
10.1097/md.0000000000004070,text,internal,control
10.3390/cancers11071003,text,internal,control
10.1001/jamaoto.2014.1258,text,internal,control
10.1038/s41598-018-31662-5,text,internal,control
10.1038/s41591-023-02682-0,text,internal,control
10.1158/0008-5472.sabcs11-p5-02-01,text,internal,control
10.1038/onc.2016.291,text,internal,control
10.1016/j.kjms.2017.01.004,text,internal,control
10.1021/acs.jafc.6b00766,text,internal,control
10.1038/s41388-021-01722-8,text,internal,control
10.1038/onc.2016.371,text,internal,control
10.1016/s0090-4295(02)01529-7,text,internal,control
10.1097/00001648-200001000-00007,text,internal,control
10.1038/sj.bjc.6605580,text,internal,control
10.1016/s2589-7500(20)30078-9,text,internal,control
10.1074/jbc.m403664200,text,internal,control
10.1016/j.jtho.2018.11.028,text,internal,control
10.1109/tmi.2014.2315206,text,internal,control
10.1136/gutjnl-2020-322545,text,internal,control
10.3389/fmicb.2018.00983,text,internal,control
10.1093/jjco/hyq057,text,internal,control
10.1053/ejso.1999.0897,text,internal,control
10.1158/1055-9965.epi-16-0215,text,internal,control
10.1093/jjco/hyx099,text,internal,control
10.1038/onc.2013.307,text,internal,control
10.1002/pon.3141,text,internal,control
10.1002/ijc.25568,text,internal,control
10.1111/j.1349-7006.2008.01031.x,text,internal,control
10.1016/s1535-6108(03)00339-8,text,internal,control
10.3892/etm.2016.3994,text,internal,control
10.1002/jcb.10638,text,internal,control
10.1158/1535-7163.317.3.3,text,internal,control
10.3390/ijms21082947,text,internal,control
10.1158/0008-5472.can-14-0360,text,internal,control
10.1038/s41388-023-02835-y,text,internal,control
10.2967/jnumed.121.261993,text,internal,control
10.1371/journal.pone.0101579,text,internal,control
10.1016/j.ejmp.2017.12.009,text,internal,control
10.1016/j.ccell.2019.01.008,text,internal,control
10.1016/j.ejca.2023.112953,text,internal,control
10.1093/carcin/bgn108,text,internal,control
10.1111/j.1600-0714.2007.00588.x,text,internal,control
10.21873/anticanres.11089,text,internal,control
10.1038/s41388-019-0871-x,text,internal,control
10.1016/j.canlet.2009.05.040,text,internal,control
10.1002/1878-0261.12096,text,internal,control
10.1097/00000478-200403000-00015,text,internal,control
10.1016/j.biomaterials.2015.05.007,text,internal,control
10.1371/journal.pone.0061362,text,internal,control
10.1111/j.1365-2362.2010.02322.x,text,internal,control
10.1007/s00228-002-0434-9,text,internal,control
10.1186/s13046-020-01756-y,text,internal,control
10.1016/j.ccr.2009.07.011,text,internal,control
10.1038/onc.2014.72,text,internal,control
10.1016/j.jcma.2016.04.006,text,internal,control
10.3748/wjg.v20.i32.11384,text,internal,control
10.1021/jf2017644,text,internal,control
10.3390/cancers12051088,text,internal,control
10.1097/01.ncc.0000305694.74754.7b,text,internal,control
10.1016/j.ccr.2004.09.027,text,internal,control
10.3892/or.2012.1899,text,internal,control
10.1097/cej.0000000000000311,text,internal,control
10.1016/j.ccell.2021.05.003,text,internal,control
10.1016/j.ccell.2018.12.012,text,internal,control
10.1016/j.ccell.2024.01.006,text,internal,control
10.1002/pros.22564,text,internal,control
10.1016/j.ccell.2024.07.003,text,internal,control
10.1111/j.1365-2559.2011.03856.x,text,internal,control
10.1158/0008-5472.sabcs11-p5-13-18,text,internal,control
10.1073/pnas.1612368113,text,internal,control
10.1038/s41388-019-1111-0,text,internal,control
10.1371/journal.pone.0087027,text,internal,control
10.1016/j.ccell.2017.10.001,text,internal,control
10.1016/j.ccr.2013.07.016,text,internal,control
10.1038/s41388-018-0133-3,text,internal,control
10.1038/s41591-023-02478-2,text,internal,control
10.3390/cells8091055,text,internal,control
10.1038/srep40003,text,internal,control
10.1007/s10549-012-2034-4,text,internal,control
10.1016/j.biomaterials.2011.10.071,text,internal,control
10.1016/j.ccr.2009.10.016,text,internal,control
10.1155/2014/532161,text,internal,control
10.1111/j.1464-410x.2007.06873.x,text,internal,control
10.1016/j.ccr.2006.04.023,text,internal,control
10.1016/j.ccr.2009.10.018,text,internal,control
10.1016/s0301-5629(02)00788-3,text,internal,control
10.3390/ijms20020306,text,internal,control
10.1158/1078-0432.ccr-07-4628,text,internal,control
10.1038/sj.onc.1210593,text,internal,control
10.1016/j.ccell.2021.09.010,text,internal,control
10.3390/cancers12010024,text,internal,control
10.1093/carcin/bgp133,text,internal,control
10.1016/j.ccr.2009.10.006,text,internal,control
10.1038/srep13574,text,internal,control
10.1371/journal.pone.0012417,text,internal,control
10.1016/j.ccell.2016.05.005,text,internal,control
10.1016/j.esmoop.2023.101249,text,internal,control
10.1016/s0959-8049(00)00003-4,text,internal,control
10.1074/jbc.m111.252080,text,internal,control
10.1002/cncr.30565,text,internal,control
10.1096/fj.12-227132,text,internal,control
10.3390/molecules21070849,text,internal,control
10.1200/jco.2009.26.0695,text,internal,control
10.1016/j.ccr.2014.01.009,text,internal,control
10.1002/jcb.23009,text,internal,control
10.1155/2015/182835,text,internal,control
10.1002/cncr.25044,text,internal,control
10.1093/ecam/neq057,text,internal,control
10.1021/acs.inorgchem.6b01562,text,internal,control
10.1016/j.ccr.2008.05.005,text,internal,control
10.1097/jto.0b013e3181fb4fcc,text,internal,control
10.1016/j.ccell.2018.03.022,text,internal,control
10.1002/nop2.1594,text,internal,control
10.1002/cncr.25599,text,internal,control
10.1016/j.ccell.2018.02.007,text,internal,control
10.1016/j.fct.2005.10.003,text,internal,control
10.1007/s00384-018-3074-y,text,internal,control
10.1007/s10350-007-9173-4,text,internal,control
10.1002/gcc.20326,text,internal,control
10.1097/01.mlg.0000171019.80351.46,text,internal,control
10.1016/j.ccr.2012.05.023,text,internal,control
10.1097/01.prs.0000220527.35442.44,text,internal,control
10.1016/j.ccell.2016.07.010,text,internal,control
10.1038/s41388-020-01431-8,text,internal,control
10.1002/hed.25930,text,internal,control
10.1097/moo.0b013e32835e1d6e,text,internal,control
10.1002/anie.201504444,text,internal,control
10.1016/j.ccell.2022.11.016,text,internal,control
10.1021/jf2000103,text,internal,control
10.1001/jama.292.24.2984,text,internal,control
10.1155/2013/306705,text,internal,control
10.1371/journal.pone.0287486,text,internal,control
10.1007/s10585-024-10278-2,text,internal,control
10.1038/onc.2011.15,text,internal,control
10.1016/j.ccell.2020.10.008,text,internal,control
10.1200/jco.1999.17.7.2061,text,internal,control
10.1007/s00428-018-2488-9,text,internal,control
10.1016/j.ccr.2007.03.015,text,internal,control
10.1021/jf100352c,text,internal,control
10.1148/radiol.2422051557,text,internal,control
10.4103/cytojournal.cytojournal_34_16,text,internal,control
10.1016/j.cell.2018.03.035,text,internal,control
10.1186/s12885-015-1290-1,text,internal,control
10.1158/2326-6066.cir-16-0295,text,internal,control
10.1177/1087057107310442,text,internal,control
10.1200/jco.2012.44.2806,text,internal,control
10.1016/j.ccr.2012.12.021,text,internal,control
10.1186/s13045-017-0421-3,text,internal,control
10.3389/fimmu.2021.701383,text,internal,control
10.1016/j.ccr.2013.05.014,text,internal,control
10.1186/s12885-015-1592-3,text,internal,control
10.1097/md.0000000000001337,text,internal,control
10.1038/srep16408,text,internal,control
10.1002/ijc.27892,text,internal,control
10.1038/onc.2016.217,text,internal,control
10.1002/pros.22670,text,internal,control
10.1186/1476-4598-5-20,text,internal,control
10.1186/1476-4598-9-309,text,internal,control
10.1200/jco.2003.01.102,text,internal,control
10.1002/cncr.23130,text,internal,control
10.1016/j.ejon.2011.04.005,text,internal,control
10.15252/embj.2022110757,text,internal,control
10.1586/edm.10.17,text,internal,control
10.1186/1471-2407-11-143,text,internal,control
10.7150/jca.16550,text,internal,control
10.1016/j.ccr.2011.07.008,text,internal,control
10.1016/j.cell.2024.10.036,text,internal,control
10.3892/or.2011.1388,text,internal,control
10.2337/dc15-0563,text,internal,control
10.1016/j.canlet.2018.10.031,text,internal,control
10.1002/pon.727,text,internal,control
10.1038/s41591-022-02189-0,text,internal,control
10.1016/j.ccell.2020.05.023,text,internal,control
10.3109/0284186x.2013.844357,text,internal,control
10.1371/journal.pone.0031587,text,internal,control
10.1186/2045-3701-4-46,text,internal,control
10.1021/ja102489q,text,internal,control
10.1038/onc.2015.319,text,internal,control
10.1016/j.cell.2018.09.035,text,internal,control
10.1016/j.ccell.2023.07.003,text,internal,control
10.1074/jbc.m407985200,text,internal,control
10.7150/thno.24454,text,internal,control
10.1016/j.cell.2013.03.021,text,internal,control
10.1016/j.ccell.2020.12.019,text,internal,control
10.3390/biom10060831,text,internal,control
10.1186/s12929-022-00878-z,text,internal,control
10.1038/emboj.2011.307,text,internal,control
10.3390/cancers11030347,text,internal,control
10.1016/j.ccell.2022.08.023,text,internal,control
10.1038/cddis.2013.420,text,internal,control
10.1016/j.molcel.2016.09.016,text,internal,control
10.3892/ijo.2014.2627,text,internal,control
10.1093/jnci/djj242,text,internal,control
10.1016/s0090-4295(03)00329-7,text,internal,control
10.1093/jnci/djr420,text,internal,control
10.1016/j.ccr.2011.04.018,text,internal,control
10.1016/j.ccell.2024.10.013,text,internal,control
10.1038/s41388-021-01786-6,text,internal,control
10.1038/emboj.2009.311,text,internal,control
10.1038/onc.2017.215,text,internal,control
10.7150/ijbs.7.869,text,internal,control
10.1158/1078-0432.ccr-12-3439,text,internal,control
10.1371/journal.pone.0104203,text,internal,control
10.1158/1078-0432.ccr-15-2704,text,internal,control
10.1016/j.ccell.2023.01.003,text,internal,control
10.1038/s41388-020-1318-0,text,internal,control
10.3390/ijms19041115,text,internal,control
10.1016/j.ccell.2020.12.003,text,internal,control
10.1016/j.scr.2013.09.011,text,internal,control
10.38212/2224-6614.1151,text,internal,control
10.1097/sla.0b013e3181bc9d96,text,internal,control
10.1186/s13058-014-0431-9,text,internal,control
10.1155/2014/351959,text,internal,control
10.1038/s41388-018-0228-x,text,internal,control
10.1111/j.1365-2648.2010.05492.x,text,internal,control
10.1016/s0092-8674(03)00234-4,text,internal,control
10.1002/hep.25950,text,internal,control
10.1016/j.ccell.2024.06.003,text,internal,control
10.1046/j.1464-410x.2000.00406.x,text,internal,control
10.1158/1078-0432.ccr-12-0832,text,internal,control
10.1186/s13045-019-0698-5,text,internal,control
10.1038/s41388-021-01792-8,text,internal,control
10.3390/ijms18030636,text,internal,control
10.1016/j.ccell.2017.06.009,text,internal,control
10.3171/2018.8.jns181217,text,internal,control
10.1038/s41388-021-01860-z,text,internal,control
10.1158/0008-5472.can-12-3840,text,internal,control
10.1002/1097-0215(200102)9999:9999<894::aid-ijc1146>3.0.co;2-#,text,internal,control
10.1186/1471-2407-11-20,text,internal,control
10.1097/scs.0b013e31818431bd,text,internal,control
10.1016/j.ccell.2018.09.006,text,internal,control
10.2174/138161212803216915,text,internal,control
10.1371/journal.pone.0076340,text,internal,control
10.1097/01.ogx.0000305201.52162.49,text,internal,control
10.1002/hep.29678,text,internal,control
10.1002/cncr.23925,text,internal,control
10.1038/s41598-021-81914-0,text,internal,control
10.1002/pmic.200400785,text,internal,control
10.1002/cncr.27565,text,internal,control
10.1016/j.ccr.2014.01.021,text,internal,control
10.1136/gut.2006.109868,text,internal,control
10.7150/thno.65522,text,internal,control
10.1371/journal.pone.0171853,text,internal,control
10.1016/j.cell.2019.05.041,text,internal,control
10.1038/s41388-024-03091-4,text,internal,control
10.1038/cddis.2013.330,text,internal,control
10.1089/thy.2009.0027,text,internal,control
10.1093/carcin/bgi351,text,internal,control
10.1038/s41591-022-01720-7,text,internal,control
10.1186/1897-4287-12-14,text,internal,control
10.1016/j.ccr.2004.08.018,text,internal,control
10.1016/j.cell.2024.06.013,text,internal,control
10.7150/thno.24173,text,internal,control
10.3390/jcm8081160,text,internal,control
10.1021/jf200566a,text,internal,control
10.1002/cncr.26073,text,internal,control
10.1021/jf303690x,text,internal,control
10.1002/1098-2264(2000)9999:9999<::aid-gcc1062>3.0.co;2-r,text,internal,control
10.1159/000489184,text,internal,control
10.1021/tx300455k,text,internal,control
10.1038/s41388-021-01724-6,text,internal,control
10.1038/s41388-023-02781-9,text,internal,control
10.1042/bj20082196,text,internal,control
10.1038/srep05574,text,internal,control
10.1111/jpi.12370,text,internal,control
10.1038/s41388-024-03210-1,text,internal,control
10.1038/s41388-020-01528-0,text,internal,control
10.1016/j.ccell.2021.02.008,text,internal,control
10.1016/j.molcel.2013.01.010,text,internal,control
10.1002/hed.20461,text,internal,control
10.1016/j.ccr.2006.02.018,text,internal,control
10.1016/j.cell.2005.03.032,text,internal,control
10.1016/j.ccell.2014.11.018,text,internal,control
10.1002/mnfr.201000412,text,internal,control
10.1038/s41388-018-0557-9,text,internal,control
10.1016/j.ccell.2015.01.008,text,internal,control
10.3389/fendo.2020.00556,text,internal,control
10.1080/028418600430761,text,internal,control
10.1210/jc.2012-2666,text,internal,control
10.1002/hed.10378,text,internal,control
10.1007/s10350-004-0787-5,text,internal,control
10.1158/0008-5472.can-10-0638,text,internal,control
10.1177/1724600818807164,text,internal,control
10.1002/jcb.21036,text,internal,control
10.1016/j.cell.2021.09.022,text,internal,control
10.1186/s12885-016-2918-5,text,internal,control
10.1016/j.cell.2024.07.037,text,internal,control
10.1016/j.cell.2007.01.029,text,internal,control
10.1097/aln.0000000000002357,text,internal,control
10.1002/jmri.10380,text,internal,control
10.1016/j.ccell.2022.10.001,text,internal,control
10.1142/s0192415x02000223,text,internal,control
10.1016/j.ctarc.2021.100387,text,internal,control
10.1002/gcc.22764,text,internal,control
10.1002/jso.20576,text,internal,control
10.1002/ijc.28399,text,internal,control
10.1038/sj.emboj.7601886,text,internal,control
10.1016/j.cell.2018.12.038,text,internal,control
10.1158/1541-7786.mcr-12-0160,text,internal,control
10.1002/gcc.22745,text,internal,control
10.1016/j.jsbmb.2018.07.011,text,internal,control
10.1002/14651858.cd012796.pub2,text,internal,control
10.1093/carcin/bgn091,text,internal,control
10.1016/s1470-2045(11)70165-6,text,internal,control
10.1074/mcp.m900398-mcp200,text,internal,control
10.15252/embj.2022111620,text,internal,control
10.1038/s41388-018-0430-x,text,internal,control
10.1111/j.1365-2265.2011.04231.x,text,internal,control
10.1038/s41388-020-1379-0,text,internal,control
10.3892/ijo.2013.2203,text,internal,control
10.3389/fonc.2021.640490,text,internal,control
10.1016/j.ccell.2022.02.013,text,internal,control
10.1097/mlr.0b013e3181893c4a,text,internal,control
10.1002/hep.22459,text,internal,control
10.1038/s41388-021-02077-w,text,internal,control
10.1200/jco.2013.50.1049,text,internal,control
10.1503/cmaj.101248,text,internal,control
10.1158/0008-5472.can-07-5460,text,internal,control
10.1155/2011/654931,text,internal,control
10.1063/1.2727557,text,internal,control
10.1136/jitc-2020-001072,text,internal,control
10.1016/j.tipsro.2016.12.002,text,internal,control
10.1038/s41388-021-02133-5,text,internal,control
10.1111/j.1349-7006.2008.00756.x,text,internal,control
10.1371/journal.pone.0126390,text,internal,control
10.3390/cells9071730,text,internal,control
10.1038/s41388-018-0265-5,text,internal,control
10.1038/onc.2015.273,text,internal,control
10.1200/jco.2005.03.139,text,internal,control
10.1038/onc.2016.337,text,internal,control
10.1016/j.ccell.2016.05.015,text,internal,control
10.1158/0008-5472.can-14-3380,text,internal,control
10.7759/cureus.6553,text,internal,control
10.1126/scitranslmed.3009569,text,internal,control
10.1016/j.ccr.2013.11.014,text,internal,control
10.1016/j.molcel.2020.10.015,text,internal,control
10.1002/bjs.4697,text,internal,control
10.1039/b919172k,text,internal,control
10.1158/0008-5472.can-14-3297,text,internal,control
10.1002/path.2011,text,internal,control
10.1016/j.ccr.2012.01.004,text,internal,control
10.1371/journal.pone.0004171,text,internal,control
10.1002/tox.22674,text,internal,control
10.3389/fimmu.2018.03081,text,internal,control
10.1016/j.molcel.2020.05.031,text,internal,control
10.1002/smll.200900725,text,internal,control
10.1245/s10434-007-9471-z,text,internal,control
10.1038/s41598-017-18489-2,text,internal,control
10.1186/s40364-023-00476-7,text,internal,control
10.1038/bjc.2013.212,text,internal,control
10.1177/0022034517749451,text,internal,control
10.1016/s0304-3835(00)00389-x,text,internal,control
10.1371/journal.pone.0024829,text,internal,control
10.1016/j.ccell.2016.02.019,text,internal,control
10.1039/c3tb00545c,text,internal,control
10.1186/s12951-022-01575-7,text,internal,control
10.1158/1078-0432.ccr-12-2641,text,internal,control
10.1007/s12253-015-9996-6,text,internal,control
10.1038/bjc.2014.612,text,internal,control
10.1111/cas.14135,text,internal,control
10.1016/j.ccr.2004.09.032,text,internal,control
10.1021/jf0710579,text,internal,control
10.1038/sj.onc.1202426,text,internal,control
10.1186/s13148-016-0291-5,text,internal,control
10.1158/1535-7163.1585.3.12,text,internal,control
10.1038/s41388-023-02783-7,text,internal,control
10.1158/1078-0432.ccr-08-0037,text,internal,control
10.1158/0008-5472.can-19-0842,text,internal,control
10.1371/journal.pone.0149633,text,internal,control
10.1016/s1535-6108(02)00023-5,text,internal,control
10.4049/jimmunol.1102843,text,internal,control
10.1080/0284186x.2022.2150092,text,internal,control
10.2215/cjn.09011010,text,internal,control
10.1016/j.cell.2018.11.046,text,internal,control
10.1158/1078-0432.ccr-05-2721,text,internal,control
10.1021/jacs.5b04744,text,internal,control
10.1038/onc.2016.415,text,internal,control
10.1016/j.ccr.2008.05.004,text,internal,control
10.1373/clinchem.2003.026146,text,internal,control
10.1016/j.ccr.2013.01.023,text,internal,control
10.1056/nejmoa0911123,text,internal,control
10.1016/j.ccell.2021.06.018,text,internal,control
10.1016/j.juro.2018.01.080,text,internal,control
10.1182/blood-2005-01-0140,text,internal,control
10.1016/j.cccn.2005.05.002,text,internal,control
10.1016/j.ejps.2016.09.023,text,internal,control
10.1038/onc.2013.264,text,internal,control
10.1016/j.cell.2024.04.003,text,internal,control
10.1111/jop.12133,text,internal,control
10.1016/j.ccell.2017.10.008,text,internal,control
10.1016/j.ccell.2019.05.013,text,internal,control
10.1111/hel.12368,text,internal,control
10.1126/sciadv.aax5032,text,internal,control
10.1158/1055-9965.epi-09-0333,text,internal,control
10.1007/s00018-007-7390-6,text,internal,control
10.1016/j.cell.2018.08.065,text,internal,control
10.1016/j.ccell.2017.05.007,text,internal,control
10.1038/mt.2014.247,text,internal,control
10.1038/s41388-021-01839-w,text,internal,control
10.1016/j.molcel.2023.08.032,text,internal,control
10.1038/sj.bjc.6601171,text,internal,control
10.1038/onc.2010.361,text,internal,control
10.1038/srep00584,text,internal,control
10.1093/emboj/21.10.2407,text,internal,control
10.1186/1471-2407-13-599,text,internal,control
10.1016/j.ygyno.2018.09.016,text,internal,control
10.1002/ijc.21178,text,internal,control
10.1016/j.molcel.2021.01.015,text,internal,control
10.1354/vp.40-2-175,text,internal,control
10.1002/jcp.22806,text,internal,control
10.1158/1078-0432.ccr-10-2316,text,internal,control
10.1002/cncy.21909,text,internal,control
10.1093/jnci/djv274,text,internal,control
10.1007/s00262-015-1766-5,text,internal,control
10.1016/j.jfma.2015.10.011,text,internal,control
10.1371/journal.pone.0070839,text,internal,control
10.1021/jm010365+,text,internal,control
10.1038/s41388-020-01622-3,text,internal,control
10.1016/j.ccr.2005.06.011,text,internal,control
10.1016/j.ccr.2014.06.026,text,internal,control
10.1016/j.ccr.2008.11.005,text,internal,control
10.1002/ijc.24179,text,internal,control
10.1111/cpf.12848,text,internal,control
10.1016/j.ccell.2023.03.019,text,internal,control
10.1038/sj.bjc.6603961,text,internal,control
10.1016/j.lungcan.2016.10.003,text,internal,control
10.1016/j.neo.2018.06.004,text,internal,control
10.1016/j.cancergencyto.2004.03.014,text,internal,control
10.1038/s41388-022-02248-3,text,internal,control
10.1016/j.ccell.2023.02.012,text,internal,control
10.1016/j.ccell.2022.10.011,text,internal,control
10.1097/md.0000000000000462,text,internal,control
10.1038/sj.bjc.6601985,text,internal,control
10.1016/j.cell.2010.11.013,text,internal,control
10.1186/s12906-020-2857-1,text,internal,control
10.1038/onc.2017.270,text,internal,control
10.1158/1535-7163.mct-10-0884,text,internal,control
10.1038/s41388-019-0700-2,text,internal,control
10.1093/jnci/djh296,text,internal,control
10.1111/j.1365-2362.2004.01296.x,text,internal,control
10.1016/j.ccell.2017.02.014,text,internal,control
10.1002/ijc.34865,text,internal,control
10.1002/sim.1277,text,internal,control
10.1038/onc.2017.193,text,internal,control
10.1016/j.ccell.2020.10.021,text,internal,control
10.1371/journal.pone.0016536,text,internal,control
10.1159/000226736,text,internal,control
10.3816/ccc.2002.n.014,text,internal,control
10.1093/jjco/hyu211,text,internal,control
10.1038/s41388-018-0183-6,text,internal,control
10.1096/fj.201700094r,text,internal,control
10.1016/s1535-6108(02)00082-x,text,internal,control
10.1038/s41591-024-03077-5,text,internal,control
10.1186/s13046-019-1091-5,text,internal,control
10.1007/s00268-011-1275-4,text,internal,control
10.1111/jfbc.12902,text,internal,control
10.1158/1541-7786.mcr-12-0551,text,internal,control
10.1093/carcin/20.4.733,text,internal,control
10.1038/onc.2015.394,text,internal,control
10.1038/s41388-021-01719-3,text,internal,control
10.1021/nn201592s,text,internal,control
10.1038/sj.bjc.6603008,text,internal,control
10.3390/biomedicines9010069,text,internal,control
10.1177/082585970301900403,text,internal,control
10.1007/s11764-015-0496-1,text,internal,control
10.1016/j.ccell.2017.06.006,text,internal,control
10.1016/s1368-8375(98)00101-8,text,internal,control
10.3390/ijms21207790,text,internal,control
10.1038/s41591-024-03060-0,text,internal,control
10.1038/ajg.2011.277,text,internal,control
10.1200/jco.2011.37.2482,text,internal,control
10.1080/003655902317259346,text,internal,control
10.1016/j.ccr.2010.03.013,text,internal,control
10.1002/jmri.21412,text,internal,control
10.1016/j.cell.2020.11.039,text,internal,control
10.1038/s41591-022-01694-6,text,internal,control
10.1038/onc.2012.425,text,internal,control
10.1002/jmri.23723,text,internal,control
10.1097/ncc.0000000000000298,text,internal,control
10.1016/j.kjms.2015.05.005,text,internal,control
10.1002/jcp.22068,text,internal,control
10.1002/ijc.22402,text,internal,control
10.1002/lsm.20761,text,internal,control
10.1046/j.1365-2648.1999.01064.x,text,internal,control
10.3390/ijms14010088,text,internal,control
10.1097/hs9.0000000000000785,text,internal,control
10.4061/2011/191274,text,internal,control
10.1213/ane.0b013e3182a94479,text,internal,control
10.1093/jnci/djz090,text,internal,control
10.1016/j.ccell.2018.07.005,text,internal,control
10.3390/ijms221910592,text,internal,control
10.3390/jcm5020024,text,internal,control
10.1016/j.ccell.2023.01.001,text,internal,control
10.2147/jhc.s159693,text,internal,control
10.15252/embj.2020106777,text,internal,control
10.1002/pon.868,text,internal,control
10.1186/s12943-017-0687-7,text,internal,control
10.1093/annonc/mdn679,text,internal,control
10.1016/j.ccr.2010.08.008,text,internal,control
10.1038/s41388-021-01948-6,text,internal,control
10.1007/s00280-014-2671-x,text,internal,control
10.1093/nar/gkv1061,text,internal,control
10.1088/1468-6996/14/4/044407,text,internal,control
10.1089/jpm.2012.0499,text,internal,control
10.1016/j.ccr.2011.01.043,text,internal,control
10.1053/ejso.1999.0681,text,internal,control
10.1016/j.ccell.2021.06.008,text,internal,control
10.1097/rti.0000000000000116,text,internal,control
10.1002/lsm.10246,text,internal,control
10.1016/j.cell.2017.07.008,text,internal,control
10.1038/s41388-024-03080-7,text,internal,control
10.1188/08.onf.909-915,text,internal,control
10.1038/s41388-020-01562-y,text,internal,control
10.2147/clep.s466029,text,internal,control
10.1016/j.ccell.2018.07.011,text,internal,control
10.1159/000049766,text,internal,control
10.1016/s1470-2045(12)70086-4,text,internal,control
10.1007/s00268-011-1039-1,text,internal,control
10.1038/s41598-020-80570-0,text,internal,control
10.1148/radiol.09091090,text,internal,control
10.1016/j.semcancer.2012.05.007,text,internal,control
10.1158/0008-5472.can-06-4250,text,internal,control
10.1371/journal.pone.0155660,text,internal,control
10.1016/j.febslet.2004.09.064,text,internal,control
10.1615/jenvironpatholtoxicoloncol.v20.i4.20,text,internal,control
10.3389/fphys.2017.00634,text,internal,control
10.1200/jco.2001.19.10.2607,text,internal,control
10.1016/j.ccr.2013.06.017,text,internal,control
10.3390/cancers13184593,text,internal,control
10.1007/s00432-009-0634-0,text,internal,control
10.1016/j.molcel.2006.03.038,text,internal,control
10.1016/j.ccell.2022.10.023,text,internal,control
10.1007/s00520-022-07359-x,text,internal,control
10.2217/pgs-2018-0089,text,internal,control
10.1097/sla.0b013e3182363ff9,text,internal,control
10.1200/jco.2012.45.8372,text,internal,control
10.1016/j.tjog.2013.02.002,text,internal,control
10.1097/01.ede.0000392498.59032.74,text,internal,control
10.1371/journal.pone.0023756,text,internal,control
10.1016/j.cell.2009.02.021,text,internal,control
10.1038/s41388-023-02747-x,text,internal,control
10.1038/s41388-022-02574-6,text,internal,control
10.1016/s0092-8674(03)00468-9,text,internal,control
10.1080/02841860500340340,text,internal,control
10.1016/j.molcel.2023.10.023,text,internal,control
10.1111/his.12468,text,internal,control
10.1146/annurev-chembioeng-060817-084055,text,internal,control
10.1038/oncsis.2017.25,text,internal,control
10.1021/jf9031684,text,internal,control
10.1038/onc.2017.326,text,internal,control
10.1002/ijc.33242,text,internal,control
10.1186/1748-717x-7-181,text,internal,control
10.1038/s41388-024-03166-2,text,internal,control
10.1016/j.ccr.2010.05.018,text,internal,control
10.1038/sj.emboj.7601215,text,internal,control
10.3390/ijms222010911,text,internal,control
10.1002/ijc.24263,text,internal,control
10.1016/j.ccr.2011.02.007,text,internal,control
10.1158/0008-5472.can-05-2645,text,internal,control
10.1038/srep00785,text,internal,control
10.1517/14728222.2016.1113260,text,internal,control
10.1021/bm1005195,text,internal,control
10.1002/cam4.572,text,internal,control
10.3802/jgo.2013.24.4.376,text,internal,control
10.1038/onc.2013.515,text,internal,control
10.1038/onc.2011.94,text,internal,control
10.1016/j.ccell.2022.08.022,text,internal,control
10.3390/ijms18010062,text,internal,control
10.1080/00039899909602258,text,internal,control
10.1002/ijc.21870,text,internal,control
10.1183/09031936.00167407,text,internal,control
10.1186/1748-717x-8-43,text,internal,control
10.1136/gut.2010.226522,text,internal,control
10.1158/1078-0432.ccr-11-2353,text,internal,control
10.1016/j.ccell.2023.12.002,text,internal,control
10.1186/s12929-020-00632-3,text,internal,control
10.1364/oe.19.019523,text,internal,control
10.1158/1055-9965.epi-04-0396,text,internal,control
10.1038/s41591-024-03064-w,text,internal,control
10.1016/j.ccell.2024.11.010,text,internal,control
10.3390/cancers12010199,text,internal,control
10.3390/ijms21030758,text,internal,control
10.1371/journal.pone.0148076,text,internal,control
10.1038/s41591-023-02324-5,text,internal,control
10.1038/s41388-020-01512-8,text,internal,control
10.1093/rpd/ncq059,text,internal,control
10.1159/000098557,text,internal,control
10.1016/j.ccell.2018.01.010,text,internal,control
10.3390/ijms19040941,text,internal,control
10.1038/s41388-021-01680-1,text,internal,control
10.1016/j.molcel.2019.02.021,text,internal,control
10.1073/pnas.1522602113,text,internal,control
10.1038/s41598-018-33927-5,text,internal,control
10.1016/j.ccr.2007.04.009,text,internal,control
10.1080/028418601750444204,text,internal,control
10.1038/s41388-020-1202-y,text,internal,control
10.1002/ijc.20898,text,internal,control
10.15252/embj.2021110466,text,internal,control
10.1038/s41598-017-04732-3,text,internal,control
10.1007/s10120-019-01034-7,text,internal,control
10.1021/pr100576x,text,internal,control
10.1158/1078-0432.ccr-05-1231,text,internal,control
10.1038/s41388-022-02235-8,text,internal,control
10.1080/14034940210134040,text,internal,control
10.1371/journal.pone.0189007,text,internal,control
10.3390/ijms20071647,text,internal,control
10.1021/jm060184d,text,internal,control
10.1093/emboj/cdf389,text,internal,control
10.1038/oncsis.2014.12,text,internal,control
10.1016/j.jss.2012.08.018,text,internal,control
10.1001/jamaoncol.2016.0447,text,internal,control
10.1016/j.ccell.2021.03.003,text,internal,control
10.1038/bcj.2015.59,text,internal,control
10.1016/j.ccell.2022.01.011,text,internal,control
10.1002/cncr.24327,text,internal,control
10.1016/s1535-6108(04)00055-8,text,internal,control
10.1016/j.ccell.2017.07.010,text,internal,control
10.1016/s0090-4295(00)00609-9,text,internal,control
10.1371/journal.pone.0125343,text,internal,control
10.1097/cmr.0000000000000887,text,internal,control
10.1002/jcb.22716,text,internal,control
10.3390/ijerph16152746,text,internal,control
10.1158/0008-5472.can-19-1402,text,internal,control
10.1172/jci42275,text,internal,control
10.1016/j.cell.2011.03.026,text,internal,control
10.1016/j.ctro.2021.01.013,text,internal,control
10.1016/j.ccell.2021.07.023,text,internal,control
10.1016/j.eururo.2009.09.038,text,internal,control
10.1200/jco.20.02713,text,internal,control
10.2340/00015555-2629,text,internal,control
10.7150/thno.8074,text,internal,control
10.1016/j.biomaterials.2009.04.056,text,internal,control
10.1002/tox.22769,text,internal,control
10.1111/j.1525-1438.2007.01051.x,text,internal,control
10.1016/j.canlet.2009.01.033,text,internal,control
10.4103/2225-4110.106535,text,internal,control
10.1016/j.ccr.2014.03.007,text,internal,control
10.1002/pon.1158,text,internal,control
10.1016/j.ccell.2024.11.011,text,internal,control
10.1186/s12957-016-1080-5,text,internal,control
10.1093/ajcn/79.6.935,text,internal,control
10.1016/j.cell.2012.02.028,text,internal,control
10.1016/j.ccell.2022.06.005,text,internal,control
10.1002/pon.3943,text,internal,control
10.1111/j.1349-7006.2009.01418.x,text,internal,control
10.1089/thy.1999.9.1227,text,internal,control
10.1038/onc.2016.522,text,internal,control
10.1038/s41388-023-02901-5,text,internal,control
10.1016/j.colsurfb.2024.113802,text,internal,control
10.1002/tox.20737,text,internal,control
10.1039/c0fo00174k,text,internal,control
10.1186/s12957-014-0429-x,text,internal,control
10.4161/auto.28772,text,internal,control
10.1016/j.cell.2018.04.008,text,internal,control
10.1016/j.cell.2015.04.042,text,internal,control
10.1038/s41388-018-0553-0,text,internal,control
10.1038/s41388-018-0295-z,text,internal,control
10.1371/journal.pone.0026539,text,internal,control
10.1371/journal.pone.0144322,text,internal,control
10.1016/j.ccr.2014.01.026,text,internal,control
10.1055/a-1058-8854,text,internal,control
10.1371/journal.pone.0126547,text,internal,control
10.1016/j.ccell.2020.09.013,text,internal,control
10.1593/neo.04193,text,internal,control
10.1159/000070141,text,internal,control
10.3109/21681805.2014.982168,text,internal,control
10.3390/jcm12031134,text,internal,control
10.1016/j.cell.2011.12.033,text,internal,control
10.1038/s41388-024-03054-9,text,internal,control
10.1016/j.bbrc.2006.03.175,text,internal,control
10.1016/j.ccr.2007.07.012,text,internal,control
10.1016/j.ccell.2023.12.012,text,internal,control
10.1016/j.ccell.2017.01.012,text,internal,control
10.1002/pros.20725,text,internal,control
10.15252/embj.2021108125,text,internal,control
10.1016/j.ccell.2023.04.002,text,internal,control
10.1016/j.ccr.2008.07.002,text,internal,control
10.1016/j.molcel.2010.11.029,text,internal,control
10.1016/j.ejrad.2023.111119,text,internal,control
10.1002/ijc.20328,text,internal,control
10.1111/j.1365-2605.2007.00819.x,text,internal,control
10.1016/j.ccell.2018.01.015,text,internal,control
10.1016/j.asjsur.2016.10.005,text,internal,control
10.1016/j.ccell.2024.07.006,text,internal,control
10.1002/cncr.29356,text,internal,control
10.1016/j.ccell.2014.11.019,text,internal,control
10.1158/0008-5472.can-09-4524,text,internal,control
10.1148/radiol.220152,text,internal,control
10.1002/path.5341,text,internal,control
10.1073/pnas.1816946116,text,internal,control
10.1016/j.oraloncology.2014.10.002,text,internal,control
10.1038/onc.2017.87,text,internal,control
10.1371/journal.pone.0039777,text,internal,control
10.1007/s00268-002-6279-7,text,internal,control
10.4254/wjh.v7.i10.1412,text,internal,control
10.1016/j.cell.2018.09.051,text,internal,control
10.1186/1476-4598-5-43,text,internal,control
10.1002/mnfr.201200549,text,internal,control
10.1038/emboj.2011.154,text,internal,control
10.1210/en.2015-1566,text,internal,control
10.7603/s40681-016-0015-3,text,internal,control
10.1371/journal.pone.0042766,text,internal,control
10.1155/2015/690690,text,internal,control
10.1016/j.breast.2021.06.012,text,internal,control
10.3892/ijo.2013.1791,text,internal,control
10.1371/journal.pone.0001096,text,internal,control
10.1002/ijc.32487,text,internal,control
10.1002/ijc.26249,text,internal,control
10.1002/ijc.28086,text,internal,control
10.1021/jf900828k,text,internal,control
10.1016/j.cell.2010.03.016,text,internal,control
10.1016/j.molonc.2011.11.010,text,internal,control
10.1002/hep.30162,text,internal,control
10.1016/j.ccell.2023.05.004,text,internal,control
10.1038/s41388-020-1280-x,text,internal,control
10.1038/srep19740,text,internal,control
10.1158/1535-7163.mct-12-0002,text,internal,control
10.1530/rep-07-0460,text,internal,control
10.1074/jbc.m803508200,text,internal,control
10.1371/journal.pone.0064739,text,internal,control
10.1038/cddis.2013.149,text,internal,control
10.1002/jso.20546,text,internal,control
10.1158/1535-7163.mct-23-0008,text,internal,control
10.1016/j.ccr.2007.10.017,text,internal,control
10.1111/j.1468-3083.2008.02590.x,text,internal,control
10.1016/j.jtcvs.2005.06.012,text,internal,control
10.3390/cancers13164057,text,internal,control
10.3389/fonc.2019.01084,text,internal,control
10.3390/cancers11060786,text,internal,control
10.1038/srep21170,text,internal,control
10.1002/path.4315,text,internal,control
10.1158/0008-5472.can-16-0500,text,internal,control
10.1039/c4nr07005d,text,internal,control
10.1155/2010/953537,text,internal,control
10.1016/j.tranon.2018.05.012,text,internal,control
10.1038/s41388-020-01570-y,text,internal,control
10.1038/srep23979,text,internal,control
10.1111/bph.14816,text,internal,control
10.1016/j.pain.2005.03.032,text,internal,control
10.1002/lsm.20214,text,internal,control
10.1007/s00432-009-0558-8,text,internal,control
10.1021/jf9035782,text,internal,control
10.1021/am5026243,text,internal,control
10.1016/j.redox.2021.102124,text,internal,control
10.1100/tsw.2004.197,text,internal,control
10.15252/embj.2018101110,text,internal,control
10.1016/j.ccr.2005.04.024,text,internal,control
10.1055/s-2006-933561,text,internal,control
10.1073/pnas.1220425110,text,internal,control
10.1517/13543780902806392,text,internal,control
10.1038/onc.2014.388,text,internal,control
10.3390/jcm7120502,text,internal,control
10.1038/onc.2015.187,text,internal,control
10.1002/ijc.27784,text,internal,control
10.1186/s12929-022-00860-9,text,internal,control
10.2217/nnm.15.183,text,internal,control
10.1186/1748-717x-7-165,text,internal,control
10.1371/journal.pone.0087207,text,internal,control
10.1016/j.ccr.2012.03.003,text,internal,control
10.1038/s41388-018-0204-5,text,internal,control
10.1038/onc.2011.154,text,internal,control
10.1016/j.cell.2019.04.004,text,internal,control
10.1007/s00701-017-3311-0,text,internal,control
10.1158/1078-0432.ccr-10-2107,text,internal,control
10.1002/jcp.25092,text,internal,control
10.1002/(sici)1097-0142(19990315)85:6<1342::aid-cncr17>3.0.co;2-b,text,internal,control
10.3748/wjg.v12.i2.222,text,internal,control
10.1186/1423-0127-18-63,text,internal,control
10.1007/s00384-011-1192-x,text,internal,control
10.1097/pas.0b013e31823dafd3,text,internal,control
10.1016/j.molcel.2020.04.017,text,internal,control
10.1002/cncr.32882,text,internal,control
10.1088/0031-9155/53/21/009,text,internal,control
10.1038/s41388-020-01626-z,text,internal,control
10.1002/ijc.23957,text,internal,control
10.1186/s12929-017-0343-y,text,internal,control
10.1016/j.ccr.2011.05.025,text,internal,control
10.1097/cad.0b013e3282f18826,text,internal,control
10.1515/hsz-2016-0189,text,internal,control
10.1111/j.1442-2050.2010.01116.x,text,internal,control
10.1016/s0194-5998(02)23291-x,text,internal,control
10.1038/cddis.2017.459,text,internal,control
10.1021/jf301499e,text,internal,control
10.3390/cancers14194665,text,internal,control
10.1038/s41591-023-02640-w,text,internal,control
10.1016/j.jfda.2019.07.001,text,internal,control
10.1016/j.ccell.2017.12.014,text,internal,control
10.1002/cam4.602,text,internal,control
10.1111/1346-8138.15683,text,internal,control
10.1021/tx100318m,text,internal,control
10.1371/journal.pone.0178581,text,internal,control
10.1111/bph.12626,text,internal,control
10.1021/jf2009556,text,internal,control
10.1245/s10434-007-9749-1,text,internal,control
10.1038/onc.2011.528,text,internal,control
10.1016/j.jfma.2016.01.004,text,internal,control
10.1164/rccm.201204-0636oc,text,internal,control
10.1016/j.ccell.2020.01.009,text,internal,control
10.1016/j.canlet.2009.04.037,text,internal,control
10.15252/embj.201490147,text,internal,control
10.1016/j.molonc.2012.09.002,text,internal,control
10.3892/or.2011.1264,text,internal,control
10.1016/j.molcel.2023.03.023,text,internal,control
10.1016/s0165-4608(03)00219-x,text,internal,control
10.1148/radiol.11110814,text,internal,control
10.1016/j.kjms.2015.12.006,text,internal,control
10.1016/j.ccell.2024.05.004,text,internal,control
10.1074/jbc.m402305200,text,internal,control
10.1001/jamaoncol.2020.5957,text,internal,control
10.1016/j.fct.2009.04.044,text,internal,control
10.1021/mp060132k,text,internal,control
10.1186/bcr3242,text,internal,control
10.1136/gutjnl-2015-310256,text,internal,control
10.1093/schbul/sbr162,text,internal,control
10.1186/s12885-021-09007-9,text,internal,control
10.1038/s41388-019-0702-0,text,internal,control
10.1038/s41598-021-95545-y,text,internal,control
10.1109/jbhi.2013.2279097,text,internal,control
10.1016/j.ccr.2005.07.003,text,internal,control
10.1038/onc.2017.100,text,internal,control
10.1016/j.ccell.2015.10.010,text,internal,control
10.1158/0008-5472.can-21-1473,text,internal,control
10.1002/cncr.33180,text,internal,control
10.1002/cncr.25252,text,internal,control
10.1038/s41388-021-02003-0,text,internal,control
10.1142/s0192415x03001065,text,internal,control
10.1038/s41388-019-1035-8,text,internal,control
10.1046/j.1365-2559.2003.01687.x,text,internal,control
10.1002/gcc.20804,text,internal,control
10.1186/s13148-014-0036-2,text,internal,control
10.1046/j.1469-0705.2002.00736.x,text,internal,control
10.1097/md.0000000000017537,text,internal,control
10.1038/s41591-022-01754-x,text,internal,control
10.1186/1472-6882-12-142,text,internal,control
10.1016/j.cell.2015.12.050,text,internal,control
10.1002/ijc.24958,text,internal,control
10.1158/1541-7786.mcr-12-0527,text,internal,control
10.1111/j.1600-0714.2009.00836.x,text,internal,control
10.1088/0957-4484/20/42/425104,text,internal,control
10.3390/diagnostics12051031,text,internal,control
10.1093/ejcts/ezv316,text,internal,control
10.1002/pros.21181,text,internal,control
10.1021/np200866z,text,internal,control
10.1038/sj.emboj.7600769,text,internal,control
10.1186/s12951-019-0519-6,text,internal,control
10.1136/jcp.2006.040378,text,internal,control
10.1002/ptr.4841,text,internal,control
10.1002/pmic.200401133,text,internal,control
10.1109/tmi.2018.2860257,text,internal,control
10.1016/j.ccr.2014.06.022,text,internal,control
10.1021/pr700745n,text,internal,control
10.1002/psp4.13003,text,internal,control
10.1053/j.jepm.2022.01.001,text,internal,control
10.1158/1078-0432.ccr-12-3776,text,internal,control
10.1002/jbm.b.34508,text,internal,control
10.1038/s41388-024-03060-x,text,internal,control
10.1016/j.ejca.2005.12.016,text,internal,control
10.1158/0008-5472.can-16-1883,text,internal,control
10.1021/jf202433f,text,internal,control
10.1002/cncr.23278,text,internal,control
10.3390/cancers12030697,text,internal,control
10.1002/jcu.20523,text,internal,control
10.3892/or.16.5.981,text,internal,control
10.1080/0284186x.2019.1659512,text,internal,control
10.1016/j.juro.2006.07.127,text,internal,control
10.15252/embj.2022112408,text,internal,control
10.1038/bjc.2011.112,text,internal,control
10.1097/mot.0000000000001126,text,internal,control
10.1136/jitc-2022-004832,text,internal,control
10.1136/bmjopen-2020-048183,text,internal,control
10.1038/srep20701,text,internal,control
10.1023/a:1006498721508,text,internal,control
10.1093/nar/gkx683,text,internal,control
10.1016/j.cell.2020.11.018,text,internal,control
10.1186/s12929-020-0627-5,text,internal,control
10.1016/j.ccr.2011.10.026,text,internal,control
10.1097/mph.0b013e3181edf543,text,internal,control
10.1016/j.ccr.2011.02.014,text,internal,control
10.7150/thno.53417,text,internal,control
10.1136/bmjopen-2020-041706,text,internal,control
10.1159/000226542,text,internal,control
10.1039/b816636f,text,internal,control
10.1371/journal.pone.0083627,text,internal,control
10.1002/jcsm.13282,text,internal,control
10.1038/sj.onc.1204733,text,internal,control
10.2340/jphs.v59.40518,text,internal,control
10.7150/thno.62521,text,internal,control
10.1002/(sici)1098-2744(199909)26:1<53::aid-mc7>3.0.co;2-z,text,internal,control
10.1148/radiology.213.2.r99nv13407,text,internal,control
10.1186/1752-0509-2-56,text,internal,control
10.1001/jamanetworkopen.2023.54577,text,internal,control
10.1002/advs.201700339,text,internal,control
10.1093/carcin/21.2.331,text,internal,control
10.1188/11.onf.e445-e454,text,internal,control
10.1097/ncc.0000000000000116,text,internal,control
10.1038/s41388-022-02395-7,text,internal,control
10.1016/j.ccell.2018.04.001,text,internal,control
10.1038/sj.bjc.6605901,text,internal,control
10.1007/s00262-004-0515-y,text,internal,control
10.1186/s12935-014-0118-4,text,internal,control
10.3389/fonc.2019.00060,text,internal,control
10.1007/s12307-011-0088-1,text,internal,control
10.1038/s41388-018-0332-y,text,internal,control
10.3389/fneur.2020.00634,text,internal,control
10.1186/1746-1596-1-4,text,internal,control
10.1038/s41388-018-0602-8,text,internal,control
10.1016/j.ccell.2021.08.005,text,internal,control
10.1073/pnas.1516991112,text,internal,control
10.1016/s1535-6108(04)00118-7,text,internal,control
10.1088/0957-4484/21/7/075102,text,internal,control
10.1053/j.gastro.2023.12.022,text,internal,control
10.1016/j.molcel.2018.10.030,text,internal,control
10.3390/cells8030270,text,internal,control
10.1016/j.redox.2012.10.001,text,internal,control
10.15252/embj.201488815,text,internal,control
10.1002/hed.23400,text,internal,control
10.1186/1471-2407-9-241,text,internal,control
10.1164/rccm.200704-641oc,text,internal,control
10.3390/antiox9030228,text,internal,control
10.1016/j.ccr.2008.04.005,text,internal,control
10.1038/s41388-018-0253-9,text,internal,control
10.1097/01.ju.0000067626.37837.3e,text,internal,control
10.1002/ijc.22422,text,internal,control
10.1016/j.ccr.2012.07.015,text,internal,control
10.1186/s12929-018-0483-8,text,internal,control
10.1002/pros.10172,text,internal,control
10.1371/journal.pone.0066128,text,internal,control
10.21873/anticanres.13252,text,internal,control
10.1016/j.ccr.2008.07.011,text,internal,control
10.1002/(sici)1097-0142(19991015)86:8<1537::aid-cncr21>3.0.co;2-d,text,internal,control
10.3892/ijo_00000705,text,internal,control
10.3802/jgo.2017.28.e69,text,internal,control
10.1146/annurev-med-051718-013524,text,internal,control
10.1074/jbc.m610280200,text,internal,control
10.1038/s41467-021-22652-9,text,internal,control
10.1016/j.juro.2007.05.159,text,internal,control
10.1016/j.ccr.2012.11.007,text,internal,control
10.1016/j.taap.2005.11.010,text,internal,control
10.1097/mlg.0b013e318155a288,text,internal,control
10.21873/anticanres.12224,text,internal,control
10.1002/pon.1167,text,internal,control
10.1038/s41388-018-0476-9,text,internal,control
10.1007/s00268-017-4179-0,text,internal,control
10.2147/ijn.s272378,text,internal,control
10.1016/j.ccell.2017.02.004,text,internal,control
10.1097/md.0000000000004568,text,internal,control
10.1038/onc.2017.74,text,internal,control
10.1016/s0959-8049(99)00050-7,text,internal,control
10.1016/j.ccell.2023.04.014,text,internal,control
10.1016/j.ccr.2004.06.010,text,internal,control
10.1016/j.ccell.2014.10.014,text,internal,control
10.1038/onc.2014.366,text,internal,control
10.1074/jbc.m112.386235,text,internal,control
10.1016/j.ccr.2013.12.006,text,internal,control
10.1080/028418601750288163,text,internal,control
10.1016/j.ccell.2023.02.014,text,internal,control
10.1016/j.ccr.2005.12.013,text,internal,control
10.1002/jha2.166,text,internal,control
10.1038/s41586-023-06102-8,text,internal,control
10.3390/ijms160510748,text,internal,control
10.1016/s1535-6108(04)00079-0,text,internal,control
10.1007/s12272-010-0808-y,text,internal,control
10.1186/1471-2407-13-9,text,internal,control
10.1186/s12885-018-4568-2,text,internal,control
10.1007/s00268-003-7264-5,text,internal,control
10.1186/s12929-019-0610-1,text,internal,control
10.3748/wjg.v11.i21.3250,text,internal,control
10.1016/j.cell.2013.11.029,text,internal,control
10.1038/ncb1691,text,internal,control
10.1155/2022/9491454,text,internal,paper_mill
10.1002/jcb.26273,text,internal,paper_mill
10.1155/2022/1569656,text,internal,paper_mill
10.1007/s13105-019-00669-5,text,internal,paper_mill
10.26355/eurrev_201911_19561,text,internal,paper_mill
10.1042/bsr20140020,text,internal,paper_mill
10.1155/2021/9959634,text,internal,paper_mill
10.1002/jcp.27048,text,internal,paper_mill
10.1155/2022/9148843,text,internal,paper_mill
10.1155/2021/6628682,text,internal,paper_mill
10.3892/ol.2020.12186,text,internal,paper_mill
10.1002/jcb.29146,text,internal,paper_mill
10.1155/2022/6738959,text,internal,paper_mill
10.1002/cam4.1951,text,internal,paper_mill
10.1080/15384101.2020.1786622,text,internal,paper_mill
10.26355/eurrev_201902_16984,text,internal,paper_mill
10.1007/s00210-019-01778-0,text,internal,paper_mill
10.1155/2021/6076135,text,internal,paper_mill
10.1155/2021/6645515,text,internal,paper_mill
10.1155/2022/7671169,text,internal,paper_mill
10.1039/c8ra06041j,text,internal,paper_mill
10.1155/2022/8365565,text,internal,paper_mill
10.1016/j.yexmp.2022.104775,text,internal,paper_mill
10.1155/2022/3947434,text,internal,paper_mill
10.1155/2021/7779693,text,internal,paper_mill
10.1155/2022/3331119,text,internal,paper_mill
10.1080/24701556.2020.1711773,text,internal,paper_mill
10.1155/2022/1972516,text,internal,paper_mill
10.1155/2022/9266178,text,internal,paper_mill
10.1002/jcb.29450,text,internal,paper_mill
10.1155/2021/6929971,text,internal,paper_mill
10.3892/mmr.2019.10013,text,internal,paper_mill
10.1080/24701556.2020.1758940,text,internal,paper_mill
10.1177/1533033819870791,text,internal,paper_mill
10.5114/aoms.2019.81729,text,internal,paper_mill
10.1177/09603271241292169,text,internal,paper_mill
10.3892/mmr.2019.10424,text,internal,paper_mill
10.3892/etm.2017.4947,text,internal,paper_mill
10.1089/cbr.2019.3070,text,internal,paper_mill
10.1002/bab.1461,text,internal,paper_mill
10.1155/2021/5955343,text,internal,paper_mill
10.1155/2022/5890666,text,internal,paper_mill
10.26355/eurrev_201907_18307,text,internal,paper_mill
10.1155/2022/6865472,text,internal,paper_mill
10.1186/s13048-020-00723-7,text,internal,paper_mill
10.1155/2021/3267536,text,internal,paper_mill
10.1159/000499336,text,internal,paper_mill
10.2147/ott.s210567,text,internal,paper_mill
10.1186/s12943-016-0540-4,text,internal,paper_mill
10.26355/eurrev_201907_18304,text,internal,paper_mill
10.1155/2022/7119195,text,internal,paper_mill
10.2147/ott.s237802,text,internal,paper_mill
10.1155/2021/8583118,text,internal,paper_mill
10.1155/2022/4381297,text,internal,paper_mill
10.3892/or.2015.4333,text,internal,paper_mill
10.1155/2022/5821938,text,internal,paper_mill
10.1080/24701556.2020.1799399,text,internal,paper_mill
10.1155/2022/4418300,text,internal,paper_mill
10.1155/2022/8740408,text,internal,paper_mill
10.1155/2022/2813050,text,internal,paper_mill
10.26355/eurrev_201711_13813,text,internal,paper_mill
10.3892/mmr.2017.7129,text,internal,paper_mill
10.18632/oncotarget.17674,text,internal,paper_mill
10.1155/2022/4153211,text,internal,paper_mill
10.1186/s12890-021-01600-9,text,internal,paper_mill
10.1016/j.omtn.2019.09.034,text,internal,paper_mill
10.1155/2021/1141619,text,internal,paper_mill
10.26355/eurrev_201907_18306,text,internal,paper_mill
10.2147/cmar.s268222,text,internal,paper_mill
10.1155/2021/7423101,text,internal,paper_mill
10.2147/ott.s249133,text,internal,paper_mill
10.2147/ott.s201282,text,internal,paper_mill
10.1155/2022/8348272,text,internal,paper_mill
10.1155/2022/6833078,text,internal,paper_mill
10.1155/2019/5152072,text,internal,paper_mill
10.3892/mmr.2015.4511,text,internal,paper_mill
10.2147/ccid.s323414,text,internal,paper_mill
10.1155/2023/4814328,text,internal,paper_mill
10.1155/2020/8209504,text,internal,paper_mill
10.1155/2021/4520450,text,internal,paper_mill
10.1155/2022/6027058,text,internal,paper_mill
10.1080/24701556.2019.1696363,text,internal,paper_mill
10.1155/2020/8854245,text,internal,paper_mill
10.1155/2022/2279044,text,internal,paper_mill
10.1080/15384101.2020.1827189,text,internal,paper_mill
10.1177/09603271241279166,text,internal,paper_mill
10.3892/or.2016.5275,text,internal,paper_mill
10.1177/1533033819876913,text,internal,paper_mill
10.1177/2058739220934560,text,internal,paper_mill
10.1016/j.intimp.2017.03.030,text,internal,paper_mill
10.26355/eurrev_201908_18535,text,internal,paper_mill
10.2147/cmar.s287676,text,internal,paper_mill
10.1089/cbr.2018.2749,text,internal,paper_mill
10.2147/cmar.s228429,text,internal,paper_mill
10.3892/etm.2019.7380,text,internal,paper_mill
10.1155/2022/4824699,text,internal,paper_mill
10.1155/2022/9139338,text,internal,paper_mill
10.1002/jcb.26437,text,internal,paper_mill
10.1155/2022/4016081,text,internal,paper_mill
10.18632/oncotarget.22151,text,internal,paper_mill
10.1155/2022/5702014,text,internal,paper_mill
10.1002/jcb.26565,text,internal,paper_mill
10.3892/mmr.2018.9166,text,internal,paper_mill
10.1042/bsr20200199,text,internal,paper_mill
10.26355/eurrev_201905_17828,text,internal,paper_mill
10.1155/2022/8367395,text,internal,paper_mill
10.3892/etm.2016.3584,text,internal,paper_mill
10.2147/ott.s240734,text,internal,paper_mill
10.1155/2022/4321466,text,internal,paper_mill
10.1155/2019/9648269,text,internal,paper_mill
10.1155/2022/4558782,text,internal,paper_mill
10.3892/or.2017.6114,text,internal,paper_mill
10.3233/cbm-170388,text,internal,paper_mill
10.26355/eurrev_202002_20182,text,internal,paper_mill
10.1155/2021/6584693,text,internal,paper_mill
10.1155/2022/7803001,text,internal,paper_mill
10.1039/c9ra02482d,text,internal,paper_mill
10.1155/2022/6245647,text,internal,paper_mill
10.26355/eurrev_201905_17800,text,internal,paper_mill
10.3892/or.2018.6264,text,internal,paper_mill
10.2147/ott.s87976,text,internal,paper_mill
10.2147/cmar.s305547,text,internal,paper_mill
10.1155/2023/1742891,text,internal,paper_mill
10.2147/ott.s168807,text,internal,paper_mill
10.1242/bio.049478,text,internal,paper_mill
10.1002/jcb.27095,text,internal,paper_mill
10.1007/s13277-015-4150-3,text,internal,paper_mill
10.1016/j.lfs.2020.117425,text,internal,paper_mill
10.1002/jcb.26711,text,internal,paper_mill
10.3892/or.2018.6721,text,internal,paper_mill
10.1155/2023/8934210,text,internal,paper_mill
10.1155/2022/6320329,text,internal,paper_mill
10.1159/000493445,text,internal,paper_mill
10.1155/2022/1162218,text,internal,paper_mill
10.1155/2021/8860745,text,internal,paper_mill
10.3892/etm.2017.4685,text,internal,paper_mill
10.1155/2022/9644466,text,internal,paper_mill
10.1039/c9ra07215b,text,internal,paper_mill
10.1155/2020/9854964,text,internal,paper_mill
10.2147/ott.s253730,text,internal,paper_mill
10.3892/ol.2019.10679,text,internal,paper_mill
10.1002/ar.24274,text,internal,paper_mill
10.3892/mmr.2021.12024,text,internal,paper_mill
10.1155/2021/2033353,text,internal,paper_mill
10.1155/2022/7300303,text,internal,paper_mill
10.1155/2022/4022896,text,internal,paper_mill
10.1155/2022/7729524,text,internal,paper_mill
10.3892/ijo.2014.2596,text,internal,paper_mill
10.1155/2022/1011415,text,internal,paper_mill
10.3892/ol.2017.7432,text,internal,paper_mill
10.1155/2021/1163250,text,internal,paper_mill
10.2147/cmar.s199818,text,internal,paper_mill
10.3892/mmr.2015.3222,text,internal,paper_mill
10.1155/2022/1776082,text,internal,paper_mill
10.1155/2022/3299336,text,internal,paper_mill
10.1155/2022/7408136,text,internal,paper_mill
10.1155/2022/8223336,text,internal,paper_mill
10.1155/2022/5509346,text,internal,paper_mill
10.1155/2022/5949086,text,internal,paper_mill
10.3233/jifs-233845,text,internal,paper_mill
10.1002/jcb.27580,text,internal,paper_mill
10.26355/eurrev_201912_19787,text,internal,paper_mill
10.3233/jifs-234647,text,internal,paper_mill
10.1155/2021/1619809,text,internal,paper_mill
10.26355/eurrev_201711_13823,text,internal,paper_mill
10.1155/2022/7201485,text,internal,paper_mill
10.3892/mmr.2017.7167,text,internal,paper_mill
10.3233/cbm-170188,text,internal,paper_mill
10.1155/2022/6392206,text,internal,paper_mill
10.1155/2022/7948010,text,internal,paper_mill
10.3892/mmr.2017.7908,text,internal,paper_mill
10.1080/21691401.2021.2003035,text,internal,paper_mill
10.1186/s13046-016-0379-y,text,internal,paper_mill
10.3892/etm.2017.4998,text,internal,paper_mill
10.1080/21691401.2019.1634577,text,internal,paper_mill
10.1155/2022/4247670,text,internal,paper_mill
10.1002/ar.23975,text,internal,paper_mill
10.1155/2022/6918396,text,internal,paper_mill
10.3892/etm.2017.5356,text,internal,paper_mill
10.1155/2022/9559496,text,internal,paper_mill
10.2147/cmar.s268375,text,internal,paper_mill
10.3892/or.2018.6424,text,internal,paper_mill
10.1155/2020/8812923,text,internal,paper_mill
10.1155/2021/5573010,text,internal,paper_mill
10.1155/2022/6565620,text,internal,paper_mill
10.1155/2022/6904769,text,internal,paper_mill
10.1155/2022/9713218,text,internal,paper_mill
10.3892/or.2017.5781,text,internal,paper_mill
10.3892/mmr.2016.5534,text,internal,paper_mill
10.1007/s00210-019-01746-8,text,internal,paper_mill
10.1155/2022/2021162,text,internal,paper_mill
10.1038/oncsis.2016.28,text,internal,paper_mill
10.3389/fphys.2020.00718,text,internal,paper_mill
10.1155/2022/7531371,text,internal,paper_mill
10.3892/mmr.2018.8444,text,internal,paper_mill
10.1155/2022/2692539,text,internal,paper_mill
10.1080/21691401.2019.1624368,text,internal,paper_mill
10.1155/2021/3870147,text,internal,paper_mill
10.3892/mmr.2017.7828,text,internal,paper_mill
10.1155/2022/6279826,text,internal,paper_mill
10.1155/2022/2017026,text,internal,paper_mill
10.1155/2022/7619438,text,internal,paper_mill
10.1177/0300060520904835,text,internal,paper_mill
10.1155/2022/3827933,text,internal,paper_mill
10.1177/1533033819861971,text,internal,paper_mill
10.1002/bab.1326,text,internal,paper_mill
10.3233/jifs-212071,text,internal,paper_mill
10.1155/2022/6446680,text,internal,paper_mill
10.1155/2022/9086540,text,internal,paper_mill
10.1155/2022/4135752,text,internal,paper_mill
10.1155/2021/7566365,text,internal,paper_mill
10.1155/2021/7733654,text,internal,paper_mill
10.1002/jcb.28329,text,internal,paper_mill
10.1155/2021/9980459,text,internal,paper_mill
10.1002/jcb.27204,text,internal,paper_mill
10.2147/cmar.s253777,text,internal,paper_mill
10.1002/2211-5463.12139,text,internal,paper_mill
10.26355/eurrev_201908_18537,text,internal,paper_mill
10.1016/j.omto.2020.03.009,text,internal,paper_mill
10.26355/eurrev_201904_17702,text,internal,paper_mill
10.2147/ott.s190303,text,internal,paper_mill
10.1155/2022/4993405,text,internal,paper_mill
10.1155/2022/7145606,text,internal,paper_mill
10.1177/2058739218819675,text,internal,paper_mill
10.1371/journal.pone.0109138,text,internal,paper_mill
10.1155/2022/9432410,text,internal,paper_mill
10.1155/2021/9981815,text,internal,paper_mill
10.1186/s13046-019-1070-x,text,internal,paper_mill
10.1002/jcb.28026,text,internal,paper_mill
10.1186/s12885-018-5199-3,text,internal,paper_mill
10.1155/2021/3347949,text,internal,paper_mill
10.3892/mmr.2021.11858,text,internal,paper_mill
10.26355/eurrev_201906_18181,text,internal,paper_mill
10.3892/mmr.2019.9830,text,internal,paper_mill
10.1155/2021/6457688,text,internal,paper_mill
10.3892/ol.2017.6433,text,internal,paper_mill
10.1155/2022/5422360,text,internal,paper_mill
10.26355/eurrev_201908_18528,text,internal,paper_mill
10.1155/2022/9942014,text,internal,paper_mill
10.1155/2021/9968907,text,internal,paper_mill
10.1155/2021/9977001,text,internal,paper_mill
10.2147/cmar.s299715,text,internal,paper_mill
10.1007/s11356-018-1331-9,text,internal,paper_mill
10.1155/2021/4022312,text,internal,paper_mill
10.3892/mmr.2017.6968,text,internal,paper_mill
10.1042/bsr20180558,text,internal,paper_mill
10.1155/2021/7380120,text,internal,paper_mill
10.3727/096504017x15144748428127,text,internal,paper_mill
10.1002/jcp.26329,text,internal,paper_mill
10.1155/2021/6591541,text,internal,paper_mill
10.1002/jcb.26344,text,internal,paper_mill
10.1155/2021/5471281,text,internal,paper_mill
10.1155/2021/1423605,text,internal,paper_mill
10.1155/2021/8689873,text,internal,paper_mill
10.3892/etm.2016.3220,text,internal,paper_mill
10.26355/eurrev_202002_20187,text,internal,paper_mill
10.1155/2022/1565094,text,internal,paper_mill
10.1177/2058739219837049,text,internal,paper_mill
10.1042/bsr20191357,text,internal,paper_mill
10.1080/21691401.2019.1624558,text,internal,paper_mill
10.1007/s12032-022-01838-1,text,internal,paper_mill
10.1155/2022/1979254,text,internal,paper_mill
10.2147/ott.s204715,text,internal,paper_mill
10.1155/2022/4591982,text,internal,paper_mill
10.3892/mmr.2021.12362,text,internal,paper_mill
10.2147/ott.s224521,text,internal,paper_mill
10.1155/2023/2891120,text,internal,paper_mill
10.1002/cam4.3726,text,internal,paper_mill
10.3233/jifs-233491,text,internal,paper_mill
10.1186/s13287-020-01908-z,text,internal,paper_mill
10.1042/bsr20160578,text,internal,paper_mill
10.1042/bsr20170710,text,internal,paper_mill
10.1080/21691401.2019.1621328,text,internal,paper_mill
10.1155/2022/4085039,text,internal,paper_mill
10.1155/2022/8157157,text,internal,paper_mill
10.1177/1010428317703841,text,internal,paper_mill
10.1002/2211-5463.12265,text,internal,paper_mill
10.1042/bsr20170799,text,internal,paper_mill
10.1155/2022/5490644,text,internal,paper_mill
10.1155/2021/1395826,text,internal,paper_mill
10.1155/2022/7825272,text,internal,paper_mill
10.1155/2022/4653602,text,internal,paper_mill
10.3892/etm.2020.8540,text,internal,paper_mill
10.3892/or.2019.7061,text,internal,paper_mill
10.1042/bsr20200485,text,internal,paper_mill
10.1155/2022/6229462,text,internal,paper_mill
10.1080/24701556.2020.1713160,text,internal,paper_mill
10.1155/2022/9539503,text,internal,paper_mill
10.2147/cmar.s270813,text,internal,paper_mill
10.1002/ar.24081,text,internal,paper_mill
10.3892/etm.2017.4608,text,internal,paper_mill
10.1155/2022/9333718,text,internal,paper_mill
10.1155/2022/9380796,text,internal,paper_mill
10.1042/bsr20160053,text,internal,paper_mill
10.3892/mmr.2017.8173,text,internal,paper_mill
10.18632/oncotarget.21431,text,internal,paper_mill
10.1155/2022/8460121,text,internal,paper_mill
10.1002/jcp.28902,text,internal,paper_mill
10.1155/2022/5450575,text,internal,paper_mill
10.1155/2021/9986376,text,internal,paper_mill
10.26355/eurrev_201810_16155,text,internal,paper_mill
10.3892/ijmm.2021.4898,text,internal,paper_mill
10.1155/2022/8150444,text,internal,paper_mill
10.1177/09603271241282584,text,internal,paper_mill
10.1155/2022/4891889,text,internal,paper_mill
10.1155/2021/9116765,text,internal,paper_mill
10.1177/2058738420954598,text,internal,paper_mill
10.1039/c9ra06993c,text,internal,paper_mill
10.1155/2021/5920035,text,internal,paper_mill
10.26355/eurrev_201903_17397,text,internal,paper_mill
10.1155/2022/1573562,text,internal,paper_mill
10.1155/2022/1278515,text,internal,paper_mill
10.1155/2021/6616982,text,internal,paper_mill
10.1039/c9ra08525d,text,internal,paper_mill
10.1155/2022/3865601,text,internal,paper_mill
10.1155/2022/5908402,text,internal,paper_mill
10.1155/2022/1562051,text,internal,paper_mill
10.1038/s41417-018-0065-7,text,internal,paper_mill
10.1155/2022/2270777,text,internal,paper_mill
10.1155/2022/2143510,text,internal,paper_mill
10.3892/mmr.2015.3757,text,internal,paper_mill
10.1042/bsr20160521,text,internal,paper_mill
10.3892/ol.2018.7769,text,internal,paper_mill
10.1155/2023/5552798,text,internal,paper_mill
10.1155/2022/6992673,text,internal,paper_mill
10.1155/2022/9350211,text,internal,paper_mill
10.1155/2022/9944847,text,internal,paper_mill
10.1155/2022/3472722,text,internal,paper_mill
10.1080/24701556.2021.1897142,text,internal,paper_mill
10.1002/2211-5463.12649,text,internal,paper_mill
10.3892/or.2015.4013,text,internal,paper_mill
10.1042/bsr20190787,text,internal,paper_mill
10.4103/1008-682x.178849,text,internal,paper_mill
10.1155/2022/1417752,text,internal,paper_mill
10.1155/2022/6124374,text,internal,paper_mill
10.1002/mgg3.1349,text,internal,paper_mill
10.1186/s12935-020-01636-7,text,internal,paper_mill
10.3892/or.2015.4406,text,internal,paper_mill
10.1039/c7ra12042g,text,internal,paper_mill
10.1155/2022/8973449,text,internal,paper_mill
10.3892/mmr.2016.5105,text,internal,paper_mill
10.26355/eurrev_201909_18857,text,internal,paper_mill
10.3892/or.2019.7381,text,internal,paper_mill
10.1155/2022/4629178,text,internal,paper_mill
10.2147/ott.s256617,text,internal,paper_mill
10.1155/2022/4507696,text,internal,paper_mill
10.1080/21691401.2019.1699809,text,internal,paper_mill
10.1155/2021/3251891,text,internal,paper_mill
10.1002/jcb.29041,text,internal,paper_mill
10.3389/fonc.2020.01433,text,internal,paper_mill
10.1155/2022/9621893,text,internal,paper_mill
10.1155/2022/9912776,text,internal,paper_mill
10.1016/j.lfs.2018.12.027,text,internal,paper_mill
10.26355/eurrev_201903_17379,text,internal,paper_mill
10.1155/2022/2521816,text,internal,paper_mill
10.1177/2058739219844393,text,internal,paper_mill
10.1155/2022/5054507,text,internal,paper_mill
10.1007/s12192-019-00970-8,text,internal,paper_mill
10.2147/cmar.s269258,text,internal,paper_mill
10.1155/2022/5217625,text,internal,paper_mill
10.1155/2022/8371885,text,internal,paper_mill
10.1080/24701556.2018.1513529,text,internal,paper_mill
10.1177/2058739218782228,text,internal,paper_mill
10.1155/2020/1974506,text,internal,paper_mill
10.26355/eurrev_202005_21152,text,internal,paper_mill
10.3892/mmr.2014.2268,text,internal,paper_mill
10.1155/2021/8997915,text,internal,paper_mill
10.18632/aging.102167,text,internal,paper_mill
10.1155/2021/9963700,text,internal,paper_mill
10.2147/ott.s87183,text,internal,paper_mill
10.3389/fonc.2020.00441,text,internal,paper_mill
10.3892/ijo.2015.2929,text,internal,paper_mill
10.1155/2022/3839670,text,internal,paper_mill
10.1155/2022/6771005,text,internal,paper_mill
10.1016/j.omtn.2017.10.008,text,internal,paper_mill
10.3892/or.2015.4186,text,internal,paper_mill
10.1155/2022/7042014,text,internal,paper_mill
10.1016/j.arabjc.2021.103584,text,internal,paper_mill
10.1155/2022/4421418,text,internal,paper_mill
10.1155/2022/1862404,text,internal,paper_mill
10.1155/2022/7199290,text,internal,paper_mill
10.1155/2022/9764770,text,internal,paper_mill
10.1016/j.febslet.2013.04.002,text,internal,paper_mill
10.1042/bsr20150258,text,internal,paper_mill
10.3892/etm.2017.4733,text,internal,paper_mill
10.1080/21655979.2020.1754038,text,internal,paper_mill
10.1155/2022/5224288,text,internal,paper_mill
10.1002/jcb.26313,text,internal,paper_mill
10.3892/ol.2018.8374,text,internal,paper_mill
10.1080/15384101.2020.1786649,text,internal,paper_mill
10.3892/etm.2018.5918,text,internal,paper_mill
10.1042/bsr20170837,text,internal,paper_mill
10.3892/ijmm.2017.3118,text,internal,paper_mill
10.1155/2022/3787162,text,internal,paper_mill
10.26355/eurrev_201908_18524,text,internal,paper_mill
10.1155/2022/5260608,text,internal,paper_mill
10.1155/2021/6687963,text,internal,paper_mill
10.1155/2022/6316158,text,internal,paper_mill
10.1155/2022/6481846,text,internal,paper_mill
10.3892/mmr.2015.4393,text,internal,paper_mill
10.1155/2022/6157026,text,internal,paper_mill
10.1038/s41419-020-03266-3,text,internal,paper_mill
10.1002/2211-5463.12215,text,internal,paper_mill
10.1155/2021/6468405,text,internal,paper_mill
10.1155/2022/1394042,text,internal,paper_mill
10.1002/ar.24194,text,internal,paper_mill
10.3892/or.2017.5636,text,internal,paper_mill
10.1002/biof.1589,text,internal,paper_mill
10.1155/2021/9809990,text,internal,paper_mill
10.3934/mbe.2022384,text,internal,paper_mill
10.1002/jcb.29282,text,internal,paper_mill
10.3892/or.2020.7908,text,internal,paper_mill
10.3892/etm.2018.6223,text,internal,paper_mill
10.1042/bsr20182489,text,internal,paper_mill
10.1155/2022/9696403,text,internal,paper_mill
10.1159/000494236,text,internal,paper_mill
10.1155/2020/2727060,text,internal,paper_mill
10.3892/or.2021.8068,text,internal,paper_mill
10.3389/fchem.2022.928047,text,internal,paper_mill
10.1007/s13277-015-3749-8,text,internal,paper_mill
10.1155/2022/3440586,text,internal,paper_mill
10.1039/c9ra07823a,text,internal,paper_mill
10.1080/15384101.2019.1674071,text,internal,paper_mill
10.1155/2022/7979523,text,internal,paper_mill
10.1155/2022/6201067,text,internal,paper_mill
10.3892/ol.2016.4904,text,internal,paper_mill
10.3892/mmr.2015.3827,text,internal,paper_mill
10.3892/ijo.2015.3117,text,internal,paper_mill
10.1155/2023/2334675,text,internal,paper_mill
10.26355/eurrev_201910_19157,text,internal,paper_mill
10.18632/aging.103482,text,internal,paper_mill
10.1155/2022/2327669,text,internal,paper_mill
10.1186/s13046-018-0770-y,text,internal,paper_mill
10.1016/j.ccr.2009.02.007,text,internal,control
10.1074/jbc.m111.291195,text,internal,control
10.1016/j.cllc.2016.03.004,text,internal,control
10.1093/carcin/bgs023,text,internal,control
10.1038/s41388-021-01859-6,text,internal,control
10.1016/j.cell.2015.04.048,text,internal,control
10.1016/j.ccell.2024.10.007,text,internal,control
10.1093/annonc/mdm453,text,internal,control
10.3126/jnpa.v26i1.6631,text,internal,control
10.3390/cancers16040709,text,internal,control
10.3945/ajcn.2009.27480,text,internal,control
10.1002/ijc.29330,text,internal,control
10.1172/jci161084,text,internal,control
10.3390/genes13050902,text,internal,control
10.1002/cncr.28174,text,internal,control
10.1016/j.ccell.2015.10.009,text,internal,control
10.1002/1097-0215(20001120)89:6<475::aid-ijc2>3.0.co;2-t,text,internal,control
10.1371/journal.pone.0109610,text,internal,control
10.1016/j.molcel.2005.12.007,text,internal,control
10.1096/fj.201800687,text,internal,control
10.1039/c3fo60370a,text,internal,control
10.1038/sj.emboj.7600302,text,internal,control
10.1038/s41388-024-02976-8,text,internal,control
10.1016/j.ccr.2004.06.015,text,internal,control
10.1093/jnci/djv341,text,internal,control
10.1097/md.0000000000002861,text,internal,control
10.1016/j.ccell.2019.07.006,text,internal,control
10.3390/cancers15071972,text,internal,control
10.1016/j.cell.2004.07.013,text,internal,control
10.1038/s41388-018-0534-3,text,internal,control
10.1038/onc.2012.552,text,internal,control
10.1016/j.molcel.2018.08.014,text,internal,control
10.1152/ajpcell.00586.2008,text,internal,control
10.1309/ajcp12mrvvhtckej,text,internal,control
10.1016/j.taap.2004.10.014,text,internal,control
10.1016/j.ejcts.2004.02.026,text,internal,control
10.1371/journal.pone.0189300,text,internal,control
10.1038/bjc.2014.195,text,internal,control
10.3390/ijms20153821,text,internal,control
10.1186/s12929-017-0341-0,text,internal,control
10.1186/1477-7827-8-35,text,internal,control
10.1038/s41388-023-02776-6,text,internal,control
10.1002/path.2306,text,internal,control
10.1002/ijc.22999,text,internal,control
10.1038/s41388-022-02537-x,text,internal,control
10.1016/j.ccr.2014.03.010,text,internal,control
10.1007/s10350-004-0851-1,text,internal,control
10.1186/1472-6793-1-1,text,internal,control
10.1002/jmv.21296,text,internal,control
10.1038/s12276-021-00686-9,text,internal,control
10.1016/j.ccr.2005.04.030,text,internal,control
10.1021/pr2004133,text,internal,control
10.1038/sj.emboj.7600170,text,internal,control
10.1111/j.1440-1746.2011.06892.x,text,internal,control
10.1002/mc.20213,text,internal,control
10.1038/s41388-021-01932-0,text,internal,control
10.15252/embj.2020106065,text,internal,control
10.1016/j.ccr.2010.09.009,text,internal,control
10.1093/jnci/djg012,text,internal,control
10.1002/mnfr.200900550,text,internal,control
10.1371/journal.pone.0018308,text,internal,control
10.1016/j.ccell.2021.03.009,text,internal,control
10.1016/j.ccr.2013.04.017,text,internal,control
10.1016/j.cell.2016.05.046,text,internal,control
10.1016/j.jprot.2013.04.024,text,internal,control
10.1192/bjp.bp.116.181362,text,internal,control
10.1074/mcp.m112.017384,text,internal,control
10.1371/journal.pone.0152165,text,internal,control
10.21873/anticanres.12337,text,internal,control
10.3390/ijms18091903,text,internal,control
10.3748/wjg.v11.i21.3197,text,internal,control
10.1002/path.1624,text,internal,control
10.3390/ijms151017380,text,internal,control
10.1016/j.cgh.2006.12.011,text,internal,control
10.1016/j.ccell.2016.03.012,text,internal,control
10.1371/journal.pone.0052795,text,internal,control
10.1038/s41388-019-0692-y,text,internal,control
10.3390/cells8111318,text,internal,control
10.1158/0008-5472.can-12-3165,text,internal,control
10.1016/j.critrevonc.2016.11.003,text,internal,control
10.1002/jso.23270,text,internal,control
10.1002/cncr.28774,text,internal,control
10.1269/jrr.46.387,text,internal,control
10.1002/ijc.28885,text,internal,control
10.1016/j.ccr.2012.05.014,text,internal,control
10.1371/journal.pone.0037764,text,internal,control
10.1097/md.0000000000005605,text,internal,control
10.1016/j.ccell.2024.08.005,text,internal,control
10.1111/j.1572-0241.2005.00355.x,text,internal,control
10.3390/ijms21155353,text,internal,control
10.1016/j.jtho.2020.09.001,text,internal,control
10.1002/1097-0347(200007)22:4<336::aid-hed4>3.0.co;2-t,text,internal,control
10.1016/j.envres.2019.108902,text,internal,control
10.1016/j.ccell.2017.03.007,text,internal,control
10.1016/j.ccell.2016.12.006,text,internal,control
10.1016/j.ccr.2006.07.019,text,internal,control
10.1016/j.ccell.2023.11.009,text,internal,control
10.1038/sj.emboj.7601198,text,internal,control
10.1038/s41388-021-01666-z,text,internal,control
10.1155/2013/376123,text,internal,control
10.1210/clinem/dgaa982,text,internal,control
10.1016/s2213-2600(23)00338-7,text,internal,control
10.1002/micr.30168,text,internal,control
10.3109/0284186x.2014.923934,text,internal,control
10.1016/j.ijrobp.2004.02.044,text,internal,control
10.1038/cddis.2014.468,text,internal,control
10.1038/onc.2017.35,text,internal,control
10.3390/ijms161226089,text,internal,control
10.1016/j.molcel.2020.05.033,text,internal,control
10.1002/mc.20480,text,internal,control
10.1016/s1535-6108(02)00158-7,text,internal,control
10.1016/s1726-4901(09)70351-x,text,internal,control
10.1371/journal.pone.0042750,text,internal,control
10.1038/s41388-023-02704-8,text,internal,control
10.1074/mcp.ra119.001530,text,internal,control
10.1002/cbdv.200490100,text,internal,control
10.1097/sla.0b013e3181a3e52b,text,internal,control
10.1186/1755-8794-4-2,text,internal,control
10.1002/ijc.20855,text,internal,control
10.1016/j.mvr.2009.06.010,text,internal,control
10.1016/j.ccr.2013.02.005,text,internal,control
10.1016/j.cell.2013.12.010,text,internal,control
10.1038/s41591-021-01436-0,text,internal,control
10.1111/liv.12847,text,internal,control
10.1007/s10549-009-0492-0,text,internal,control
10.1016/j.ijrobp.2004.11.002,text,internal,control
10.1371/journal.pone.0029671,text,internal,control
10.1016/s0959-8049(00)00098-8,text,internal,control
10.1002/ijc.32699,text,internal,control
10.1097/01.pas.0000213359.26003.37,text,internal,control
10.1172/jci45390,text,internal,control
10.1016/j.ccell.2017.01.011,text,internal,control
10.1177/1534735415588930,text,internal,control
10.1016/j.ccell.2024.05.001,text,internal,control
10.1016/j.cell.2005.09.030,text,internal,control
10.1016/j.ejca.2004.02.023,text,internal,control
10.1038/s41388-024-03231-w,text,internal,control
10.1007/s10549-006-9362-1,text,internal,control
10.1016/j.cell.2013.07.036,text,internal,control
10.1002/jcu.20038,text,internal,control
10.3390/cancers11101576,text,internal,control
10.1055/s-0031-1291523,text,internal,control
10.1002/1097-0142(20000815)89:4<750::aid-cncr5>3.0.co;2-r,text,internal,control
10.1038/srep36650,text,internal,control
10.4049/jimmunol.1202775,text,internal,control
10.1021/ci800149w,text,internal,control
10.1016/j.cell.2017.06.031,text,internal,control
10.1016/j.ccr.2004.11.024,text,internal,control
10.1016/j.ccr.2012.08.018,text,internal,control
10.1038/cddis.2017.192,text,internal,control
10.1038/s41388-020-01617-0,text,internal,control
10.1016/j.jfma.2019.07.025,text,internal,control
10.1038/onc.2016.134,text,internal,control
10.1097/dcr.0000000000002103,text,internal,control
10.1089/thy.2004.14.1091,text,internal,control
10.1136/jcp.2008.060533,text,internal,control
10.1371/journal.pone.0221946,text,internal,control
10.1039/c3fo60037h,text,internal,control
10.1002/adhm.201670076,text,internal,control
10.1186/s12885-016-2265-6,text,internal,control
10.1016/j.ccell.2024.06.001,text,internal,control
10.1038/s41388-019-0694-9,text,internal,control
10.1016/j.ccr.2013.09.007,text,internal,control
10.1186/1757-2215-6-41,text,internal,control
10.1038/s41388-021-01696-7,text,internal,control
10.1016/s0165-4608(99)00150-8,text,internal,control
10.1016/j.ccell.2021.04.011,text,internal,control
10.1016/j.cell.2009.05.023,text,internal,control
10.1136/jcp.2005.029876,text,internal,control
10.1371/journal.pone.0122856,text,internal,control
10.1371/journal.pone.0031286,text,internal,control
10.1039/d1nh00637a,text,internal,control
10.1158/0008-5472.can-10-4249,text,internal,control
10.1177/145749690409300108,text,internal,control
10.1002/ptr.6669,text,internal,control
10.1016/j.cell.2004.08.005,text,internal,control
10.1136/bmjopen-2019-034351,text,internal,control
10.1038/s41388-020-01466-x,text,internal,control
10.1002/gcc.22047,text,internal,control
10.1038/s41388-019-0940-1,text,internal,control
10.1080/07347332.2019.1649337,text,internal,control
10.1038/s41419-022-05512-2,text,internal,control
10.1080/0284186x.2017.1309063,text,internal,control
10.1016/j.molcel.2014.01.029,text,internal,control
10.1038/s41388-023-02676-9,text,internal,control
10.1016/s1726-4901(09)70312-0,text,internal,control
10.1634/theoncologist.12-3-312,text,internal,control
10.1038/s41388-022-02179-z,text,internal,control
10.1016/j.ccell.2022.09.006,text,internal,control
10.1186/s13014-017-0829-5,text,internal,control
10.1016/j.ccell.2015.07.005,text,internal,control
10.1002/hed.24595,text,internal,control
10.1016/j.ccell.2017.10.013,text,internal,control
10.1007/s00268-012-1652-7,text,internal,control
10.1371/journal.pone.0078709,text,internal,control
10.1007/s11764-009-0112-3,text,internal,control
10.1016/s0092-8674(02)00690-6,text,internal,control
10.1016/j.molcel.2024.08.035,text,internal,control
10.1186/1477-7525-10-133,text,internal,control
10.1210/jc.2016-3155,text,internal,control
10.1093/jnci/djr283,text,internal,control
10.1007/s13277-011-0258-2,text,internal,control
10.1111/j.1749-6632.2012.06743.x,text,internal,control
10.1038/s41388-021-01740-6,text,internal,control
10.3390/cancers11060739,text,internal,control
10.1016/j.ccr.2007.01.008,text,internal,control
10.1038/onc.2016.90,text,internal,control
10.1371/journal.pone.0015313,text,internal,control
10.1080/21681805.2020.1782980,text,internal,control
10.1016/j.cell.2006.11.040,text,internal,control
10.1016/j.juro.2009.08.144,text,internal,control
10.1002/ijc.10800,text,internal,control
10.1080/17474124.2019.1542299,text,internal,control
10.1038/srep29385,text,internal,control
10.1016/j.ccell.2021.01.009,text,internal,control
10.1007/s00259-004-1498-9,text,internal,control
10.1016/j.cell.2008.01.036,text,internal,control
10.1001/jamaoncol.2015.1752,text,internal,control
10.1038/s41388-023-02638-1,text,internal,control
10.1007/s00125-011-2171-z,text,internal,control
10.1038/s41388-021-01718-4,text,internal,control
10.1016/s0959-8049(00)00171-4,text,internal,control
10.1002/bjs.4433,text,internal,control
10.1002/ijc.10805,text,internal,control
10.1002/hed.24761,text,internal,control
10.1016/j.ccr.2008.02.010,text,internal,control
10.1016/j.bcp.2011.01.011,text,internal,control
10.1186/1471-2407-12-611,text,internal,control
10.1016/j.juro.2009.04.026,text,internal,control
10.1016/s0092-8674(00)00139-2,text,internal,control
10.1016/j.celrep.2019.07.023,text,internal,control
10.1016/j.oraloncology.2009.07.015,text,internal,control
10.1097/pas.0b013e318236d822,text,internal,control
10.15252/embj.2021109683,text,internal,control
10.1371/journal.pone.0031864,text,internal,control
10.1182/blood-2022-170380,text,internal,control
10.1155/2017/6940546,text,internal,control
10.1007/s00268-005-7898-6,text,internal,control
10.1136/jclinpath-2012-200944,text,internal,control
10.1002/hep.22833,text,internal,control
10.1038/onc.2017.105,text,internal,control
10.1371/journal.pone.0047649,text,internal,control
10.1258/096914107782912022,text,internal,control
10.1002/tox.21769,text,internal,control
10.1111/j.1464-410x.2010.09847.x,text,internal,control
10.1111/j.1600-0714.2011.01015.x,text,internal,control
10.1016/j.ccell.2024.09.008,text,internal,control
10.2741/2910,text,internal,control
10.1016/j.ccell.2022.04.007,text,internal,control
10.1038/s41388-021-01814-5,text,internal,control
10.1016/j.icrp.2005.07.001,text,internal,control
10.3390/diagnostics12051064,text,internal,control
10.1186/s12885-016-2108-5,text,internal,control
10.1016/j.cell.2023.07.034,text,internal,control
10.1016/j.omtn.2019.06.017,text,internal,control
10.1038/s41388-019-0895-2,text,internal,control
10.1038/onc.2016.195,text,internal,control
10.1038/s41598-021-95007-5,text,internal,control
10.1016/j.lungcan.2023.02.024,text,internal,control
10.1021/bc9004798,text,internal,control
10.1016/j.ccr.2009.06.013,text,internal,control
10.1016/j.ccr.2011.11.014,text,internal,control
10.1016/j.cell.2016.03.031,text,internal,control
10.1073/pnas.2014408118,text,internal,control
10.1016/j.cell.2018.06.001,text,internal,control
10.1016/j.ccell.2019.12.007,text,internal,control
10.1007/s00520-021-06248-z,text,internal,control
10.1002/mnfr.201000148,text,internal,control
10.1016/j.cell.2012.08.029,text,internal,control
10.1016/j.canlet.2008.04.017,text,internal,control
10.1002/ijc.29243,text,internal,control
10.1002/cncr.29325,text,internal,control
10.1158/0008-5472.can-18-4080,text,internal,control
10.1016/j.biomaterials.2013.03.077,text,internal,control
10.1371/journal.pone.0158839,text,internal,control
10.32607/20758251-2013-5-1-85-89,text,internal,control
10.1046/j.1524-4725.2001.00187.x,text,internal,control
10.1038/s41388-021-01826-1,text,internal,control
10.1093/carcin/bgs165,text,internal,control
10.1111/codi.12318,text,internal,control
10.1158/1078-0432.ccr-12-2621,text,internal,control
10.4254/wjh.v2.i1.16,text,internal,control
10.1158/0008-5472.can-07-2233,text,internal,control
10.1021/am5000905,text,internal,control
10.1158/1078-0432.ccr-09-0298,text,internal,control
10.1007/s10350-006-0770-4,text,internal,control
10.1016/j.ccr.2009.12.008,text,internal,control
10.1021/np800064w,text,internal,control
10.1038/s41591-021-01541-0,text,internal,control
10.1038/onc.2011.354,text,internal,control
10.1002/ptr.2623,text,internal,control
10.1038/onc.2012.458,text,internal,control
10.1021/pr900160h,text,internal,control
10.15252/embj.201490736,text,internal,control
10.1200/jco.1999.17.5.1391,text,internal,control
10.3390/ijms18010163,text,internal,control
10.1001/jamanetworkopen.2021.20156,text,internal,control
10.1016/j.gene.2022.146346,text,internal,control
10.1016/j.ccell.2024.01.012,text,internal,control
10.1038/s41388-021-02039-2,text,internal,control
10.3390/biom11071015,text,internal,control
10.3390/ijms19103096,text,internal,control
10.1155/2011/659876,text,internal,control
10.1002/ijc.29802,text,internal,control
10.1136/gut.51.5.712,text,internal,control
10.2217/fon-2016-0010,text,internal,control
10.1155/2011/525976,text,internal,control
10.1016/j.pec.2016.01.019,text,internal,control
10.1021/jf2012584,text,internal,control
10.1073/pnas.2015433118,text,internal,control
10.1371/journal.pone.0041060,text,internal,control
10.1016/j.molcel.2013.05.013,text,internal,control
10.1016/j.cell.2012.01.014,text,internal,control
10.1016/j.molcel.2023.12.010,text,internal,control
10.1371/journal.pone.0074538,text,internal,control
10.4149/neo_2013_038,text,internal,control
10.1007/s10350-007-0305-7,text,internal,control
10.1038/s41388-020-1365-6,text,internal,control
10.1186/bcr3457,text,internal,control
10.3389/fimmu.2022.817296,text,internal,control
10.1016/j.clgc.2022.02.002,text,internal,control
10.1001/jamanetworkopen.2020.11768,text,internal,control
10.1016/j.ccr.2009.05.016,text,internal,control
10.1021/jf204869w,text,internal,control
10.1191/0269216304pm950oa,text,internal,control
10.1038/ncomms6917,text,internal,control
10.1039/c4tb00216d,text,internal,control
10.1017/erm.2013.16,text,internal,control
10.1530/erc-14-0269,text,internal,control
10.1089/thy.2012.0568,text,internal,control
10.1038/onc.2014.10,text,internal,control
10.3390/bioengineering11090909,text,internal,control
10.1038/sj.bjc.6604449,text,internal,control
10.1186/1753-6561-3-s5-s11,text,internal,control
10.1177/145749690909800111,text,internal,control
10.1016/j.nhtm.2014.11.058,text,internal,control
10.1016/j.cell.2015.10.044,text,internal,control
10.1001/archsurg.136.8.937,text,internal,control
10.1016/j.ccell.2023.07.011,text,internal,control
10.1016/j.cell.2021.01.010,text,internal,control
10.15252/embj.2018101067,text,internal,control
10.1016/j.ccell.2021.03.010,text,internal,control
10.1038/s41388-022-02199-9,text,internal,control
10.1111/j.1742-4658.2011.08235.x,text,internal,control
10.1016/j.ccell.2020.05.022,text,internal,control
10.15252/embj.2022112614,text,internal,control
10.1016/j.yexcr.2009.06.001,text,internal,control
10.1158/0008-5472.can-16-1115,text,internal,control
10.1593/neo.05640,text,internal,control
10.1371/journal.pone.0071983,text,internal,control
10.1002/ijc.21576,text,internal,control
10.1016/s1607-551x(09)70214-1,text,internal,control
10.1164/rccm.200803-456oc,text,internal,control
10.1111/j.1572-0241.2006.00932.x,text,internal,control
10.1053/hupa.2001.24324,text,internal,control
10.1016/j.fshw.2013.03.004,text,internal,control
10.1074/jbc.m110.139345,text,internal,control
10.3390/cells9061419,text,internal,control
10.1016/j.cell.2023.03.005,text,internal,control
10.1016/s0006-2952(02)00894-8,text,internal,control
10.1002/ijc.21563,text,internal,control
10.1109/access.2020.3036912,text,internal,control
10.1021/jm900685y,text,internal,control
10.1021/jf9004466,text,internal,control
10.1038/sj.bjc.6604033,text,internal,control
10.1245/s10434-015-4997-y,text,internal,control
10.1186/1423-0127-19-102,text,internal,control
10.1016/j.ccell.2019.10.012,text,internal,control
10.1007/s00268-005-0786-2,text,internal,control
10.1097/mnm.0b013e3283495662,text,internal,control
10.21873/anticanres.12300,text,internal,control
10.1080/003655200750023435,text,internal,control
10.3390/ijms19124123,text,internal,control
10.1210/jcem.86.11.8052,text,internal,control
10.1039/c4lc00587b,text,internal,control
10.21037/atm.2016.05.54,text,internal,control
10.1038/onc.2012.444,text,internal,control
10.1002/ijc.1541,text,internal,control
10.1371/journal.pone.0040767,text,internal,control
10.1371/journal.pone.0072999,text,internal,control
10.1038/nm.3548,text,internal,control
10.15252/embj.201797345,text,internal,control
10.1021/jm401899x,text,internal,control
10.1002/cncr.22814,text,internal,control
10.1038/s41388-022-02221-0,text,internal,control
10.1038/s41388-020-01566-8,text,internal,control
10.1002/path.5503,text,internal,control
10.1007/s10350-008-9297-1,text,internal,control
10.1186/s12929-023-00956-w,text,internal,control
10.1200/jco.2009.22.8775,text,internal,control
10.1097/01.brs.0000225995.56028.46,text,internal,control
10.1016/j.ccell.2022.11.003,text,internal,control
10.1371/journal.pone.0086537,text,internal,control
10.1002/hep.22806,text,internal,control
10.1158/1078-0432.ccr-04-1761,text,internal,control
10.1089/thy.2012.0306,text,internal,control
10.1016/j.ccell.2024.09.011,text,internal,control
10.3748/wjg.v11.i10.1439,text,internal,control
10.1002/path.2129,text,internal,control
10.1053/j.gastro.2009.07.060,text,internal,control
10.1016/s0022-5347(05)65387-6,text,internal,control
10.1016/j.ccell.2022.08.012,text,internal,control
10.1111/wvn.12215,text,internal,control
10.3390/ijms22063212,text,internal,control
10.1016/j.jsxm.2019.07.001,text,internal,control
10.1016/j.molcel.2022.03.011,text,internal,control
10.1007/s10555-006-9037-8,text,internal,control
10.1038/s41598-017-18266-1,text,internal,control
10.1097/md.0000000000001570,text,internal,control
10.1016/j.cell.2017.07.005,text,internal,control
10.1016/j.ccr.2007.08.029,text,internal,control
10.3892/ol.2020.12190,text,internal,control
10.1080/01926230390173824,text,internal,control
10.1016/j.ccell.2020.03.005,text,internal,control
10.1038/s41388-020-1195-6,text,internal,control
10.3390/cancers13236103,text,internal,control
10.1186/s40169-019-0234-9,text,internal,control
10.1002/cncr.22137,text,internal,control
10.1158/1078-0432.ccr-21-3025,text,internal,control
10.1093/qjmed/hct248,text,internal,control
10.1016/j.molcel.2011.11.031,text,internal,control
10.1136/gutjnl-2012-302240,text,internal,control
10.3748/wjg.v16.i46.5801,text,internal,control
10.1200/jco.2006.05.7349,text,internal,control
10.15252/embj.201490306,text,internal,control
10.3390/ijms19010010,text,internal,control
10.1016/j.ccr.2011.07.013,text,internal,control
10.1016/j.bbagen.2012.12.004,text,internal,control
10.1186/s12943-015-0301-9,text,internal,control
10.1016/s1535-6108(02)00153-8,text,internal,control
10.1038/onc.2013.207,text,internal,control
10.1016/j.ccell.2020.01.011,text,internal,control
10.1021/jf300441p,text,internal,control
10.1155/2022/3924400,text,internal,paper_mill
10.1155/2021/3171547,text,internal,paper_mill
10.2147/cmar.s250284,text,internal,paper_mill
10.1155/2022/3113857,text,internal,paper_mill
10.3892/mmr.2018.9069,text,internal,paper_mill
10.1039/c8ra07852a,text,internal,paper_mill
10.18632/oncotarget.5476,text,internal,paper_mill
10.1080/24701556.2020.1725049,text,internal,paper_mill
10.1155/2021/9780677,text,internal,paper_mill
10.1155/2021/4731281,text,internal,paper_mill
10.1155/2022/1938325,text,internal,paper_mill
10.1155/2021/8218043,text,internal,paper_mill
10.1002/jcb.26524,text,internal,paper_mill
10.26355/eurrev_201906_18051,text,internal,paper_mill
10.1155/2022/6099872,text,internal,paper_mill
10.1155/2022/6087751,text,internal,paper_mill
10.26355/eurrev_201912_19696,text,internal,paper_mill
10.1155/2022/7380324,text,internal,paper_mill
10.1155/2022/4022282,text,internal,paper_mill
10.1089/cbr.2019.3535,text,internal,paper_mill
10.3892/etm.2018.7029,text,internal,paper_mill
10.1155/2022/2077850,text,internal,paper_mill
10.1155/2022/6702773,text,internal,paper_mill
10.1155/2021/6648611,text,internal,paper_mill
10.3892/or.2015.3730,text,internal,paper_mill
10.1155/2021/6656080,text,internal,paper_mill
10.1111/bcpt.13285,text,internal,paper_mill
10.1038/s41417-020-00220-5,text,internal,paper_mill
10.1155/2021/6699054,text,internal,paper_mill
10.1002/zaac.201800003,text,internal,paper_mill
10.1155/2021/5558369,text,internal,paper_mill
10.1155/2022/5647599,text,internal,paper_mill
10.1155/2022/8129771,text,internal,paper_mill
10.3892/or.2015.4165,text,internal,paper_mill
10.1155/2022/3547070,text,internal,paper_mill
10.3892/mmr.2015.4609,text,internal,paper_mill
10.1155/2022/2318101,text,internal,paper_mill
10.1155/2020/6633242,text,internal,paper_mill
10.18632/oncotarget.23416,text,internal,paper_mill
10.1155/2021/9996565,text,internal,paper_mill
10.2147/ott.s235037,text,internal,paper_mill
10.3892/etm.2017.5664,text,internal,paper_mill
10.26355/eurrev_201801_14109,text,internal,paper_mill
10.1155/2022/7676582,text,internal,paper_mill
10.1155/2022/8825540,text,internal,paper_mill
10.1155/2022/9303703,text,internal,paper_mill
10.2147/ott.s253868,text,internal,paper_mill
10.1155/2021/9391104,text,internal,paper_mill
10.1016/j.biopha.2016.09.022,text,internal,paper_mill
10.3892/mmr.2015.3683,text,internal,paper_mill
10.1016/j.biopha.2017.12.044,text,internal,paper_mill
10.3892/ol.2021.12662,text,internal,paper_mill
10.2147/ott.s225661,text,internal,paper_mill
10.1039/c9ra07830d,text,internal,paper_mill
10.2147/cmar.s282625,text,internal,paper_mill
10.1155/2022/8401202,text,internal,paper_mill
10.1007/s10753-019-01031-z,text,internal,paper_mill
10.1002/ar.24229,text,internal,paper_mill
10.1155/2021/5463724,text,internal,paper_mill
10.1155/2022/3436631,text,internal,paper_mill
10.1002/jcb.28500,text,internal,paper_mill
10.2147/cmar.s236576,text,internal,paper_mill
10.2147/ott.s96561,text,internal,paper_mill
10.3892/or.2017.5705,text,internal,paper_mill
10.1155/2023/8262741,text,internal,paper_mill
10.1371/journal.pone.0117714,text,internal,paper_mill
10.3892/ol.2019.10561,text,internal,paper_mill
10.1155/2022/1706585,text,internal,paper_mill
10.1155/2022/3883082,text,internal,paper_mill
10.1080/24701556.2019.1706567,text,internal,paper_mill
10.3892/ijmm.2011.784,text,internal,paper_mill
10.1155/2022/6333282,text,internal,paper_mill
10.1155/2022/4597087,text,internal,paper_mill
10.1080/24701556.2020.1841231,text,internal,paper_mill
10.1155/2021/4854282,text,internal,paper_mill
10.1016/j.biopha.2017.09.028,text,internal,paper_mill
10.1155/2022/3386999,text,internal,paper_mill
10.1155/2022/3281039,text,internal,paper_mill
10.1155/2021/5970085,text,internal,paper_mill
10.1080/24701556.2021.1952231,text,internal,paper_mill
10.1155/2022/8139680,text,internal,paper_mill
10.1042/bsr20160532,text,internal,paper_mill
10.1155/2022/2901993,text,internal,paper_mill
10.1016/j.omtn.2019.08.010,text,internal,paper_mill
10.1155/2021/3957738,text,internal,paper_mill
10.1155/2022/6120337,text,internal,paper_mill
10.1177/2058739219871419,text,internal,paper_mill
10.1002/2211-5463.12611,text,internal,paper_mill
10.3892/or.2017.5997,text,internal,paper_mill
10.1042/bsr20171615,text,internal,paper_mill
10.1042/bsr20191062,text,internal,paper_mill
10.3233/cbm-182222,text,internal,paper_mill
10.3892/mmr.2017.8264,text,internal,paper_mill
10.1155/2022/2275517,text,internal,paper_mill
10.26355/eurrev_201911_19557,text,internal,paper_mill
10.1002/jcb.26570,text,internal,paper_mill
10.1155/2022/7584481,text,internal,paper_mill
10.1155/2022/3768880,text,internal,paper_mill
10.1155/2022/1345695,text,internal,paper_mill
10.1155/2022/6175053,text,internal,paper_mill
10.1155/2022/1063130,text,internal,paper_mill
10.1155/2022/9900668,text,internal,paper_mill
10.1371/journal.pone.0121175,text,internal,paper_mill
10.1155/2022/9948461,text,internal,paper_mill
10.1155/2022/7261786,text,internal,paper_mill
10.1016/j.omtn.2021.02.020,text,internal,paper_mill
10.1155/2022/4996870,text,internal,paper_mill
10.1097/cad.0000000000000785,text,internal,paper_mill
10.1002/bab.1308,text,internal,paper_mill
10.1155/2021/9664195,text,internal,paper_mill
10.1155/2022/7155525,text,internal,paper_mill
10.1155/2021/9977131,text,internal,paper_mill
10.1002/2211-5463.12204,text,internal,paper_mill
10.3892/ol.2021.12790,text,internal,paper_mill
10.1080/24701556.2020.1813174,text,internal,paper_mill
10.1155/2022/9277847,text,internal,paper_mill
10.18632/aging.102628,text,internal,paper_mill
10.3389/fonc.2021.630241,text,internal,paper_mill
10.1155/2022/1251388,text,internal,paper_mill
10.1016/j.pharep.2018.04.006,text,internal,paper_mill
10.1002/ar.24200,text,internal,paper_mill
10.1016/j.pharep.2019.05.007,text,internal,paper_mill
10.1155/2021/4711232,text,internal,paper_mill
10.1155/2022/2351366,text,internal,paper_mill
10.1155/2021/6653793,text,internal,paper_mill
10.1155/2021/4171019,text,internal,paper_mill
10.3892/etm.2019.7990,text,internal,paper_mill
10.1007/s12032-022-01836-3,text,internal,paper_mill
10.1089/cbr.2014.1778,text,internal,paper_mill
10.2147/ott.s208329,text,internal,paper_mill
10.1155/2020/6364801,text,internal,paper_mill
10.2147/ott.s187670,text,internal,paper_mill
10.1155/2021/2680526,text,internal,paper_mill
10.1155/2021/9354202,text,internal,paper_mill
10.1155/2021/1382061,text,internal,paper_mill
10.1002/zaac.201800059,text,internal,paper_mill
10.3892/ijmm.2018.3531,text,internal,paper_mill
10.1177/2058739219854598,text,internal,paper_mill
10.1111/jcmm.13760,text,internal,paper_mill
10.1155/2021/7065963,text,internal,paper_mill
10.3892/mmr.2018.8979,text,internal,paper_mill
10.1155/2022/5356069,text,internal,paper_mill
10.3892/or.2016.4824,text,internal,paper_mill
10.1155/2022/6988237,text,internal,paper_mill
10.26355/eurrev_201908_18655,text,internal,paper_mill
10.1155/2022/8402732,text,internal,paper_mill
10.1186/s12885-018-5175-y,text,internal,paper_mill
10.1080/15384101.2020.1749466,text,internal,paper_mill
10.3892/ol.2017.6114,text,internal,paper_mill
10.3892/or.2019.7016,text,internal,paper_mill
10.3892/ijmm.2020.4760,text,internal,paper_mill
10.1155/2022/5262189,text,internal,paper_mill
10.1155/2022/6879566,text,internal,paper_mill
10.1002/jcb.27108,text,internal,paper_mill
10.1155/2023/9821500,text,internal,paper_mill
10.1155/2022/5218993,text,internal,paper_mill
10.1155/2022/2023159,text,internal,paper_mill
10.3892/etm.2017.5245,text,internal,paper_mill
10.1002/jcb.26330,text,internal,paper_mill
10.1155/2022/9084852,text,internal,paper_mill
10.1155/2023/2986379,text,internal,paper_mill
10.1139/bcb-2016-0232,text,internal,paper_mill
10.3892/ol.2017.6811,text,internal,paper_mill
10.3892/etm.2018.6216,text,internal,paper_mill
10.1155/2023/6222324,text,internal,paper_mill
10.1002/jcp.29296,text,internal,paper_mill
10.1155/2021/5525763,text,internal,paper_mill
10.1002/jcb.26426,text,internal,paper_mill
10.26355/eurrev_202005_21177,text,internal,paper_mill
10.1155/2020/1203938,text,internal,paper_mill
10.1155/2022/2525433,text,internal,paper_mill
10.1080/21691401.2019.1669622,text,internal,paper_mill
10.3727/096504018x15199511344806,text,internal,paper_mill
10.1002/jcp.28693,text,internal,paper_mill
10.1042/bsr20180882,text,internal,paper_mill
10.1155/2022/2988159,text,internal,paper_mill
10.1155/2022/7517821,text,internal,paper_mill
10.1155/2023/3783631,text,internal,paper_mill
10.3892/etm.2017.4204,text,internal,paper_mill
10.1002/jcb.26270,text,internal,paper_mill
10.1155/2022/2836880,text,internal,paper_mill
10.1042/bsr20191453,text,internal,paper_mill
10.3892/etm.2018.6537,text,internal,paper_mill
10.1186/s13578-019-0290-2,text,internal,paper_mill
10.1155/2022/9112479,text,internal,paper_mill
10.1016/j.omtn.2019.11.002,text,internal,paper_mill
10.1080/24701556.2020.1793359,text,internal,paper_mill
10.1002/jcb.27257,text,internal,paper_mill
10.3892/ijmm.2021.4887,text,internal,paper_mill
10.1080/21691401.2019.1652629,text,internal,paper_mill
10.26355/eurrev_201912_19784,text,internal,paper_mill
10.1016/j.fob.2015.10.009,text,internal,paper_mill
10.2147/ott.s179866,text,internal,paper_mill
10.1155/2022/4277254,text,internal,paper_mill
10.1155/2022/7069348,text,internal,paper_mill
10.1080/21691401.2019.1617726,text,internal,paper_mill
10.26355/eurrev_202002_20360,text,internal,paper_mill
10.1155/2022/2857022,text,internal,paper_mill
10.3892/mmr.2017.7586,text,internal,paper_mill
10.1155/2021/2495958,text,internal,paper_mill
10.1155/2022/4379556,text,internal,paper_mill
10.26355/eurrev_201809_15913,text,internal,paper_mill
10.1155/2022/2791464,text,internal,paper_mill
10.1007/s13277-015-3744-0,text,internal,paper_mill
10.1155/2023/9997676,text,internal,paper_mill
10.1155/2021/2392395,text,internal,paper_mill
10.3892/ijo.2018.4576,text,internal,paper_mill
10.1039/c8ra08083f,text,internal,paper_mill
10.1155/2022/9910049,text,internal,paper_mill
10.1089/cbr.2018.2626,text,internal,paper_mill
10.1177/1559325820950061,text,internal,paper_mill
10.1155/2022/9385451,text,internal,paper_mill
10.1155/2022/6234032,text,internal,paper_mill
10.26355/eurrev_201905_17915,text,internal,paper_mill
10.2147/cmar.s210845,text,internal,paper_mill
10.1186/s11658-019-0137-1,text,internal,paper_mill
10.1080/15384101.2020.1795595,text,internal,paper_mill
10.1002/ar.24378,text,internal,paper_mill
10.26355/eurrev_201803_14464,text,internal,paper_mill
10.1038/s41419-018-0960-8,text,internal,paper_mill
10.2147/cmar.s194073,text,internal,paper_mill
10.1155/2020/8855949,text,internal,paper_mill
10.1155/2022/2012457,text,internal,paper_mill
10.1155/2022/1822262,text,internal,paper_mill
10.1155/2022/3197402,text,internal,paper_mill
10.1155/2021/2105176,text,internal,paper_mill
10.3892/mmr.2018.8417,text,internal,paper_mill
10.3892/mmr.2018.8887,text,internal,paper_mill
10.1002/cam4.2808,text,internal,paper_mill
10.1155/2021/8585887,text,internal,paper_mill
10.3892/etm.2018.6226,text,internal,paper_mill
10.26355/eurrev_201812_16623,text,internal,paper_mill
10.1016/j.abb.2019.04.009,text,internal,paper_mill
10.1155/2021/5972962,text,internal,paper_mill
10.1155/2022/5220368,text,internal,paper_mill
10.1080/24701556.2019.1569055,text,internal,paper_mill
10.1089/cbr.2018.2664,text,internal,paper_mill
10.1186/s12906-016-1341-4,text,internal,paper_mill
10.1155/2022/4774531,text,internal,paper_mill
10.1155/2022/9979200,text,internal,paper_mill
10.1155/2021/1040374,text,internal,paper_mill
10.1039/c8ra10224d,text,internal,paper_mill
10.1002/jgm.3330,text,internal,paper_mill
10.3892/mmr.2016.5477,text,internal,paper_mill
10.1155/2022/1263812,text,internal,paper_mill
10.1155/2021/1716182,text,internal,paper_mill
10.1186/s13046-018-0845-9,text,internal,paper_mill
10.2147/ott.s192137,text,internal,paper_mill
10.1016/j.febslet.2015.08.007,text,internal,paper_mill
10.1177/2058739219827166,text,internal,paper_mill
10.18632/aging.103043,text,internal,paper_mill
10.1155/2021/6000385,text,internal,paper_mill
10.1177/1533034617733904,text,internal,paper_mill
10.3389/fonc.2021.600451,text,internal,paper_mill
10.1155/2021/8072126,text,internal,paper_mill
10.1155/2022/7864114,text,internal,paper_mill
10.3892/ijo.2019.4922,text,internal,paper_mill
10.1371/journal.pone.0109734,text,internal,paper_mill
10.1002/jcb.26629,text,internal,paper_mill
10.3892/ijo.2013.2046,text,internal,paper_mill
10.3233/jifs-233484,text,internal,paper_mill
10.1155/2020/8084028,text,internal,paper_mill
10.1155/2022/9565136,text,internal,paper_mill
10.1155/2022/4525892,text,internal,paper_mill
10.1155/2022/8931131,text,internal,paper_mill
10.1155/2022/7052830,text,internal,paper_mill
10.1155/2021/6659701,text,internal,paper_mill
10.3389/fonc.2023.1105877,text,internal,paper_mill
10.3892/or.2018.6804,text,internal,paper_mill
10.3892/or.2017.6147,text,internal,paper_mill
10.1155/2020/3516128,text,internal,paper_mill
10.1155/2022/3118046,text,internal,paper_mill
10.1016/j.bbrc.2018.10.054,text,internal,paper_mill
10.1155/2022/4667117,text,internal,paper_mill
10.1155/2022/3199884,text,internal,paper_mill
10.1155/2022/3032087,text,internal,paper_mill
10.1155/2022/8500910,text,internal,paper_mill
10.1038/srep19070,text,internal,paper_mill
10.2147/ott.s232542,text,internal,paper_mill
10.1177/2058739218818954,text,internal,paper_mill
10.1155/2022/5775971,text,internal,paper_mill
10.1042/bsr20190696,text,internal,paper_mill
10.1002/jcb.28686,text,internal,paper_mill
10.1155/2022/7580642,text,internal,paper_mill
10.1080/15384101.2018.1542895,text,internal,paper_mill
10.1155/2022/2694377,text,internal,paper_mill
10.1039/c9ra08322g,text,internal,paper_mill
10.2147/cmar.s345618,text,internal,paper_mill
10.3233/jifs-221302,text,internal,paper_mill
10.26355/eurrev_202001_19905,text,internal,paper_mill
10.2147/ott.s277284,text,internal,paper_mill
10.3233/jifs-239804,text,internal,paper_mill
10.1155/2022/2138954,text,internal,paper_mill
10.1155/2022/8282624,text,internal,paper_mill
10.1002/zaac.201800467,text,internal,paper_mill
10.3892/ijmm.2018.3853,text,internal,paper_mill
10.1155/2022/3336880,text,internal,paper_mill
10.1155/2022/1721526,text,internal,paper_mill
10.1155/2022/3718317,text,internal,paper_mill
10.1155/2023/9638322,text,internal,paper_mill
10.1080/15384101.2018.1475829,text,internal,paper_mill
10.1002/jcp.26272,text,internal,paper_mill
10.1002/jcb.26148,text,internal,paper_mill
10.3233/jifs-169980,text,internal,paper_mill
10.3892/or.2018.6763,text,internal,paper_mill
10.1155/2022/2296574,text,internal,paper_mill
10.3892/etm.2016.3880,text,internal,paper_mill
10.1002/bab.1504,text,internal,paper_mill
10.1089/dna.2015.3171,text,internal,paper_mill
10.1155/2021/7074343,text,internal,paper_mill
10.1002/ijc.28658,text,internal,control
10.1080/02841860701769768,text,internal,control
10.1016/j.ccr.2011.05.006,text,internal,control
10.1158/1078-0432.ccr-11-1532,text,internal,control
10.1186/1471-2458-13-13,text,internal,control
10.1016/j.ccell.2024.10.015,text,internal,control
10.1016/j.cell.2019.03.010,text,internal,control
10.1016/j.ccell.2020.06.005,text,internal,control
10.1038/s41388-019-0763-0,text,internal,control
10.1159/000341411,text,internal,control
10.1309/rvup-qmu3-5x6w-3cq1,text,internal,control
10.1002/cncr.25606,text,internal,control
10.1002/gcc.10222,text,internal,control
10.1093/carcin/bgh074,text,internal,control
10.6084/m9.figshare.23665299,text,internal,control
10.1158/0008-5472.can-09-2477,text,internal,control
10.1002/nbm.1595,text,internal,control
10.1055/s-0038-1673621,text,internal,control
10.3390/ijms20184497,text,internal,control
10.1007/bf02236556,text,internal,control
10.1016/j.ccr.2014.06.021,text,internal,control
10.1016/j.ccr.2014.01.010,text,internal,control
10.1111/cpf.12785,text,internal,control
10.1038/s41388-017-0060-8,text,internal,control
10.1007/s00268-005-0128-4,text,internal,control
10.1158/0008-5472.can-09-4148,text,internal,control
10.1038/sj.bjc.6691946,text,internal,control
10.1186/1471-2407-10-508,text,internal,control
10.1093/carcin/bgh301,text,internal,control
10.1093/carcin/bgu218,text,internal,control
10.1371/journal.pone.0076421,text,internal,control
10.3390/ijms19092729,text,internal,control
10.3390/app11073256,text,internal,control
10.1088/0957-4484/21/31/315106,text,internal,control
10.1177/1534735416683807,text,internal,control
10.1158/1940-6207.capr-11-0002,text,internal,control
10.1186/s12929-022-00859-2,text,internal,control
10.1016/j.ccell.2020.12.018,text,internal,control
10.1371/journal.pone.0120852,text,internal,control
10.1038/onc.2015.282,text,internal,control
10.4161/cc.7.14.6324,text,internal,control
10.3748/wjg.v20.i14.3950,text,internal,control
10.1016/j.molcel.2021.08.005,text,internal,control
10.1016/j.ccr.2013.01.002,text,internal,control
10.1038/srep28176,text,internal,control
10.1111/j.1600-0714.2010.00910.x,text,internal,control
10.1016/j.cell.2016.05.069,text,internal,control
10.1016/j.ccell.2018.12.010,text,internal,control
10.1155/2014/153867,text,internal,control
10.1016/j.jtha.2024.01.003,text,internal,control
10.1016/j.molcel.2020.04.034,text,internal,control
10.1002/jso.20109,text,internal,control
10.1080/14796694.2024.2377531,text,internal,control
10.3390/ijms160922094,text,internal,control
10.1016/j.cancergencyto.2006.04.010,text,internal,control
10.1038/onc.2015.328,text,internal,control
10.1016/j.molcel.2012.09.028,text,internal,control
10.1002/pon.828,text,internal,control
10.1080/0284186x.2023.2269310,text,internal,control
10.1002/mnfr.200700272,text,internal,control
10.1093/carcin/bgv018,text,internal,control
10.1007/s10549-024-07564-8,text,internal,control
10.1016/j.ccell.2023.09.017,text,internal,control
10.1038/onc.2016.389,text,internal,control
10.1016/j.cell.2015.08.038,text,internal,control
10.1002/mnfr.201000005,text,internal,control
10.1038/onc.2016.251,text,internal,control
10.1158/0008-5472.can-10-2350,text,internal,control
10.1016/j.ccell.2024.07.005,text,internal,control
10.1371/journal.pone.0019396,text,internal,control
10.1155/2013/713480,text,internal,control
10.1038/s41388-020-01429-2,text,internal,control
10.1186/s12929-016-0269-9,text,internal,control
10.1038/s41388-018-0577-5,text,internal,control
10.1099/vir.0.2008/001925-0,text,internal,control
10.1038/s41388-017-0119-6,text,internal,control
10.1158/1078-0432.ccr-06-1393,text,internal,control
10.1016/j.ccell.2021.09.004,text,internal,control
10.1038/s41388-020-1341-1,text,internal,control
10.1097/01.cji.0000171291.72039.e2,text,internal,control
10.1038/s41388-022-02333-7,text,internal,control
10.1007/s10552-004-3073-x,text,internal,control
10.1038/s41591-024-03235-9,text,internal,control
10.1016/j.ccr.2013.05.008,text,internal,control
10.3892/or_00000544,text,internal,control
10.1016/j.ccell.2021.07.007,text,internal,control
10.1038/oncsis.2015.17,text,internal,control
10.1038/srep10420,text,internal,control
10.1136/jcp.2004.022772,text,internal,control
10.1038/s41598-022-09698-5,text,internal,control
10.1016/j.ccell.2016.03.018,text,internal,control
10.1038/s41388-017-0029-7,text,internal,control
10.1158/1940-6207.capr-12-0004-t,text,internal,control
10.3390/cells1030558,text,internal,control
10.1158/0008-5472.can-16-0641,text,internal,control
10.1038/ajg.2011.326,text,internal,control
10.4209/aaqr.2011.09.0155,text,internal,control
10.1016/j.ctrv.2011.03.001,text,internal,control
10.5387/fms.2015-6,text,internal,control
10.1038/ncomms4472,text,internal,control
10.1016/j.biopha.2021.111585,text,internal,control
10.1002/cncr.21087,text,internal,control
10.1038/s41388-018-0375-0,text,internal,control
10.1007/s002689900596,text,internal,control
10.1097/mpa.0b013e318164548a,text,internal,control
10.1016/j.ccell.2014.11.021,text,internal,control
10.1186/bcr811,text,internal,control
10.1177/1457496916683094,text,internal,control
10.1186/1749-8090-6-98,text,internal,control
10.1038/s41388-018-0386-x,text,internal,control
10.1155/2014/719578,text,internal,control
10.1371/journal.pone.0174487,text,internal,control
10.1002/ijc.20646,text,internal,control
10.1007/s00268-005-0485-z,text,internal,control
10.1016/s1072-7515(98)00326-3,text,internal,control
10.1067/mhn.2000.105252,text,internal,control
10.1016/j.cell.2016.12.022,text,internal,control
10.1002/ijc.25223,text,internal,control
10.1016/j.cell.2024.03.039,text,internal,control
10.1016/j.ccell.2023.03.021,text,internal,control
10.1016/j.bj.2019.09.002,text,internal,control
10.1186/s12929-024-01055-0,text,internal,control
10.1111/j.1349-7006.2008.00793.x,text,internal,control
10.1186/s13063-019-3441-1,text,internal,control
10.1371/journal.pone.0035128,text,internal,control
10.1186/1471-2407-6-136,text,internal,control
10.1158/0008-5472.can-14-3265,text,internal,control
10.1016/j.jtho.2018.12.033,text,internal,control
10.3390/ijms22126562,text,internal,control
10.1016/j.euf.2015.10.005,text,internal,control
10.1016/j.ccr.2009.03.004,text,internal,control
10.1016/j.ccell.2020.04.011,text,internal,control
10.1002/mnfr.201200150,text,internal,control
10.1080/02841860701558807,text,internal,control
10.1111/jpi.12308,text,internal,control
10.1039/c3lc41256c,text,internal,control
10.1677/erc.0.0110179,text,internal,control
10.1016/j.ejmech.2004.09.006,text,internal,control
10.3390/cancers11091334,text,internal,control
10.1111/aas.14552,text,internal,control
10.1038/s41388-022-02263-4,text,internal,control
10.1016/s0020-7292(01)00529-x,text,internal,control
10.1016/j.ccr.2013.09.021,text,internal,control
10.1016/j.cell.2019.01.051,text,internal,control
10.21873/anticanres.12228,text,internal,control
10.1016/j.ccr.2011.02.005,text,internal,control
10.3389/fmicb.2018.00862,text,internal,control
10.1186/s12957-021-02308-0,text,internal,control
10.1158/1078-0432.ccr-13-1221,text,internal,control
10.1136/gutjnl-2020-322200,text,internal,control
10.1038/s41388-021-01779-5,text,internal,control
10.1158/1078-0432.ccr-15-1169,text,internal,control
10.1002/cam4.1499,text,internal,control
10.3390/ijms20204986,text,internal,control
10.1038/s41388-022-02253-6,text,internal,control
10.1016/j.ccr.2009.07.007,text,internal,control
10.1186/1477-7819-10-40,text,internal,control
10.1016/j.ccr.2011.03.011,text,internal,control
10.1038/s41388-021-01774-w,text,internal,control
10.1155/2010/430939,text,internal,control
10.1158/1078-0432.ccr-10-1824,text,internal,control
10.1016/j.euf.2020.11.001,text,internal,control
10.1186/s12929-015-0113-7,text,internal,control
10.1001/jamadermatol.2019.2335,text,internal,control
10.1016/j.biopha.2020.111046,text,internal,control
10.1067/msy.2000.105498,text,internal,control
10.1097/00002820-200212000-00012,text,internal,control
10.1038/srep39121,text,internal,control
10.1016/j.ccr.2008.01.021,text,internal,control
10.3390/molecules26216452,text,internal,control
10.1038/s41591-024-02929-4,text,internal,control
10.1038/onc.2014.474,text,internal,control
10.1016/j.ccr.2012.08.013,text,internal,control
10.1016/j.ccell.2022.05.017,text,internal,control
10.1074/jbc.m702452200,text,internal,control
10.1038/s41388-024-03227-6,text,internal,control
10.1186/s12864-024-10168-7,text,internal,control
10.1016/j.ymthe.2017.11.016,text,internal,control
10.1038/cddis.2017.333,text,internal,control
10.1038/onc.2016.489,text,internal,control
10.1371/journal.pone.0162740,text,internal,control
10.1002/(sici)1098-2264(200004)27:4<403::aid-gcc10>3.0.co;2-1,text,internal,control
10.1097/igc.0000000000000384,text,internal,control
10.1016/j.molcel.2015.11.005,text,internal,control
10.1111/j.1440-1746.2005.03746.x,text,internal,control
10.3390/ijms222413386,text,internal,control
10.1038/sj.onc.1203597,text,internal,control
10.3892/ijo.2013.1789,text,internal,control
10.1016/j.ccell.2018.07.014,text,internal,control
10.1080/02841860214957,text,internal,control
10.1002/bjs.4362,text,internal,control
10.1371/journal.pone.0180620,text,internal,control
10.3390/cancers12123522,text,internal,control
10.1080/0284186x.2022.2115314,text,internal,control
10.1001/jamainternmed.2021.7769,text,internal,control
10.1093/bjs/znae175.064,text,internal,control
10.1038/sj.bjc.6602593,text,internal,control
10.1016/j.ccell.2021.09.002,text,internal,control
10.1081/cnv-120023771,text,internal,control
10.1207/s15327914nc441_1,text,internal,control
10.1186/s12916-015-0485-2,text,internal,control
10.1158/0008-5472.can-10-0833,text,internal,control
10.1002/(sici)1097-0215(19990820)84:4<370::aid-ijc7>3.3.co;2-z,text,internal,control
10.1055/s-2005-837754,text,internal,control
10.1002/mnfr.200700325,text,internal,control
10.1111/cas.12558,text,internal,control
10.1093/jncics/pkz072,text,internal,control
10.1111/j.1365-2362.2006.01676.x,text,internal,control
10.1002/jcp.21783,text,internal,control
10.1111/ecc.12403,text,internal,control
10.1016/j.amsu.2021.102414,text,internal,control
10.1016/j.canlet.2020.01.019,text,internal,control
10.1002/1097-0142(20000601)88:11<2619::aid-cncr26>3.0.co;2-j,text,internal,control
10.1016/j.cell.2017.06.010,text,internal,control
10.1038/onc.2011.312,text,internal,control
10.1002/1878-0261.13159,text,internal,control
10.1016/j.cell.2021.08.036,text,internal,control
10.1002/ijc.20619,text,internal,control
10.1016/j.ccell.2019.02.001,text,internal,control
10.1016/j.breast.2015.01.008,text,internal,control
10.1016/j.ccell.2023.04.007,text,internal,control
10.1038/onc.2011.269,text,internal,control
10.1038/onc.2016.249,text,internal,control
10.1038/ncomms2876,text,internal,control
10.1002/anie.202106147,text,internal,control
10.1186/s40364-021-00306-8,text,internal,control
10.1016/j.cell.2023.07.004,text,internal,control
10.1186/s12575-018-0073-x,text,internal,control
10.1371/journal.pone.0018087,text,internal,control
10.1016/j.ccr.2013.11.007,text,internal,control
10.1186/s13058-024-01879-6,text,internal,control
10.1016/j.cllc.2011.10.002,text,internal,control
10.1080/0284186x.2019.1620966,text,internal,control
10.1186/s13046-019-1256-2,text,internal,control
10.1021/acs.analchem.9b03966,text,internal,control
10.1038/s41598-019-43740-3,text,internal,control
10.1021/jf302778a,text,internal,control
10.1016/j.ccell.2023.06.004,text,internal,control
10.1016/j.ccell.2017.04.004,text,internal,control
10.1200/jco.1999.17.5.1382,text,internal,control
10.1002/stem.477,text,internal,control
10.1016/j.cell.2015.10.025,text,internal,control
10.1021/pr900825t,text,internal,control
10.1111/dote.12340,text,internal,control
10.1038/s41591-023-02332-5,text,internal,control
10.1177/1534735411400311,text,internal,control
10.1164/ajrccm.162.5.2002108,text,internal,control
10.1016/j.ccell.2023.08.012,text,internal,control
10.15252/embj.2022112806,text,internal,control
10.1021/jf104088x,text,internal,control
10.1248/cpb.59.266,text,internal,control
10.1111/bph.12935,text,internal,control
10.1016/j.ccell.2020.06.008,text,internal,control
10.1158/1535-7163.mct-13-0605,text,internal,control
10.1002/ijc.20663,text,internal,control
10.1016/j.febslet.2007.11.021,text,internal,control
10.1038/s41388-021-01896-1,text,internal,control
10.1002/hed.23949,text,internal,control
10.1016/j.ccell.2015.01.006,text,internal,control
10.1186/s13058-024-01840-7,text,internal,control
10.1097/00043764-200005000-00010,text,internal,control
10.1200/jco.2005.12.172,text,internal,control
10.1016/j.cell.2015.01.004,text,internal,control
10.1002/ijc.1553,text,internal,control
10.1016/s1028-4559(09)60296-5,text,internal,control
10.3892/or.2011.1360,text,internal,control
10.1038/onc.2017.118,text,internal,control
10.1038/s41388-021-01787-5,text,internal,control
10.1016/j.cell.2016.08.058,text,internal,control
10.1158/0008-5472.can-18-2376,text,internal,control
10.1016/j.ccell.2015.02.006,text,internal,control
10.1016/j.ccell.2024.08.013,text,internal,control
10.1080/01635580701308240,text,internal,control
10.1016/s1535-6108(04)00112-6,text,internal,control
10.1038/s41598-020-62136-2,text,internal,control
10.1038/s41388-021-01754-0,text,internal,control
10.1016/j.ccr.2014.04.016,text,internal,control
10.1186/s12931-020-01608-5,text,internal,control
10.1097/cmr.0b013e3283414444,text,internal,control
10.1126/scisignal.aam6826,text,internal,control
10.2217/imt-2016-0141,text,internal,control
10.1159/000101952,text,internal,control
10.1016/j.ypmed.2021.106622,text,internal,control
10.3390/app13095330,text,internal,control
10.1016/j.ccr.2010.10.001,text,internal,control
10.18632/aging.101019,text,internal,control
10.1016/j.ccr.2005.05.014,text,internal,control
10.1210/me.2002-0107,text,internal,control
10.1158/0008-5472.can-04-3250,text,internal,control
10.1016/j.ccell.2024.02.009,text,internal,control
10.1016/s1097-2765(03)00455-6,text,internal,control
10.1038/s41598-018-36036-5,text,internal,control
10.1097/ncc.0b013e3182336f8b,text,internal,control
10.1038/s41598-020-77322-5,text,internal,control
10.1016/j.tranon.2015.04.001,text,internal,control
10.2340/sju.v59.18674,text,internal,control
10.1158/1078-0432.ccr-08-3179,text,internal,control
10.3390/ijms17091530,text,internal,control
10.1186/1476-4598-9-100,text,internal,control
10.1021/jf103656v,text,internal,control
10.1093/carcin/bgs396,text,internal,control
10.1038/s41388-022-02329-3,text,internal,control
10.1038/s41388-021-02148-y,text,internal,control
10.1371/journal.pone.0043593,text,internal,control
10.3390/ijms130810143,text,internal,control
10.1007/s11010-009-0217-z,text,internal,control
10.1016/j.ccr.2012.12.001,text,internal,control
10.1002/ijc.31891,text,internal,control
10.1038/onc.2010.563,text,internal,control
10.5858/2003-127-e96-mpecti,text,internal,control
10.1186/s12943-018-0849-2,text,external,paper_mill
10.1111/jcmm.14386,text,external,paper_mill
10.3892/ol.2020.12127,text,external,paper_mill
10.26355/eurrev_202009_22823,text,external,paper_mill
10.3727/096504017x14902261600566,text,external,paper_mill
10.3727/096504017x15041934685237,text,external,paper_mill
10.3892/mmr.2018.9630,text,external,paper_mill
10.2147/cmar.s199239,text,external,paper_mill
10.1186/s12935-018-0543-x,text,external,paper_mill
10.3727/096504017x14878536973557,text,external,paper_mill
10.1038/srep33676,text,external,paper_mill
10.1134/s0006297917040095,text,external,paper_mill
10.3892/or.2016.5290,text,external,paper_mill
10.1016/j.bbrc.2018.02.051,text,external,paper_mill
10.3892/mmr.2018.9096,text,external,paper_mill
10.1371/journal.pone.0066999,text,external,paper_mill
10.3233/cbm-190534,text,external,paper_mill
10.1016/j.canlet.2014.08.012,text,external,paper_mill
10.1002/biof.1614,text,external,paper_mill
10.1080/21691401.2019.1642904,text,external,paper_mill
10.1038/srep26679,text,external,paper_mill
10.12659/msm.915463,text,external,paper_mill
10.18632/oncotarget.15519,text,external,paper_mill
10.1016/j.reth.2019.07.007,text,external,paper_mill
10.3892/ijmm.2012.884,text,external,paper_mill
10.12659/msm.913915,text,external,paper_mill
10.4238/2015.july.17.20,text,external,paper_mill
10.4103/0973-1482.150362,text,external,paper_mill
10.26355/eurrev_201808_15707,text,external,paper_mill
10.1155/2014/827989,text,external,paper_mill
10.1016/j.biopha.2018.06.071,text,external,paper_mill
10.1111/1440-1681.13271,text,external,paper_mill
10.1080/24701556.2022.2034861,text,external,paper_mill
10.3389/fonc.2021.711735,text,external,paper_mill
10.3892/ol.2012.1084,text,external,paper_mill
10.1186/s12967-015-0595-9,text,external,paper_mill
10.1186/s13046-015-0229-3,text,external,paper_mill
10.3892/or.2016.5320,text,external,paper_mill
10.3390/ijms140714171,text,external,paper_mill
10.3892/mmr.2015.4659,text,external,paper_mill
10.5230/jgc.2021.21.e40,text,external,paper_mill
10.26355/eurrev_202004_21022,text,external,paper_mill
10.4238/2015.july.3.28,text,external,paper_mill
10.1007/s13277-015-3453-8,text,external,paper_mill
10.2147/ott.s225023,text,external,paper_mill
10.1111/jcmm.15414,text,external,paper_mill
10.1002/biof.1640,text,external,paper_mill
10.1134/s0022476620070136,text,external,paper_mill
10.1007/s13277-014-2123-6,text,external,paper_mill
10.1111/jcmm.15751,text,external,paper_mill
10.1159/000501631,text,external,paper_mill
10.1002/cam4.1682,text,external,paper_mill
10.2147/cmar.s333416,text,external,paper_mill
10.1186/s13046-020-01720-w,text,external,paper_mill
10.3892/ijmm.2018.3533,text,external,paper_mill
10.1007/s12035-014-8850-2,text,external,paper_mill
10.3892/ijmm.2020.4666,text,external,paper_mill
10.3727/096504018x15152072098476,text,external,paper_mill
10.1080/15384101.2019.1618120,text,external,paper_mill
10.2147/cmar.s270515,text,external,paper_mill
10.21037/tcr-19-2967b,text,external,paper_mill
10.7314/apjcp.2014.15.11.4563,text,external,paper_mill
10.1038/s41419-019-1660-8,text,external,paper_mill
10.2147/ott.s207542,text,external,paper_mill
10.1186/s13568-020-01035-1,text,external,paper_mill
10.2147/ott.s127872,text,external,paper_mill
10.7150/thno.44688,text,external,paper_mill
10.26355/eurrev_202003_20493,text,external,paper_mill
10.3892/mmr.2018.8769,text,external,paper_mill
10.2147/dddt.s222694,text,external,paper_mill
10.1007/s13277-016-4788-5,text,external,paper_mill
10.1111/jcmm.14384,text,external,paper_mill
10.2147/cmar.s263619,text,external,paper_mill
10.18632/oncotarget.20487,text,external,paper_mill
10.3892/or.2018.6821,text,external,paper_mill
10.17179/excli2017-932,text,external,paper_mill
10.1155/2021/9652420,text,external,paper_mill
10.3892/etm.2017.4255,text,external,paper_mill
10.1080/21691401.2019.1652630,text,external,paper_mill
10.1155/2021/5572402,text,external,paper_mill
10.1038/s41419-018-1170-0,text,external,paper_mill
10.3727/096504016x14826089198805,text,external,paper_mill
10.18632/aging.102505,text,external,paper_mill
10.18632/oncotarget.11351,text,external,paper_mill
10.26355/eurrev_201912_19683,text,external,paper_mill
10.26355/eurrev_201811_16259,text,external,paper_mill
10.1007/s00280-014-2651-1,text,external,paper_mill
10.1039/c8ra01231h,text,external,paper_mill
10.1080/24701556.2020.1783312,text,external,paper_mill
10.1186/s13046-017-0666-2,text,external,paper_mill
10.3892/ijo.2017.4122,text,external,paper_mill
10.1080/08923973.2018.1455208,text,external,paper_mill
10.30498/ijb.2019.85193,text,external,paper_mill
10.1111/jcmm.16003,text,external,paper_mill
10.3892/ol.2020.11547,text,external,paper_mill
10.1186/s12967-021-02872-9,text,external,paper_mill
10.3892/mmr.2014.2195,text,external,paper_mill
10.1007/s13277-015-3990-1,text,external,paper_mill
10.1042/bsr20193867,text,external,paper_mill
10.1016/j.biopha.2019.108754,text,external,paper_mill
10.1111/jcmm.13497,text,external,paper_mill
10.2147/ott.s253470,text,external,paper_mill
10.1002/jcb.28282,text,external,paper_mill
10.1111/jcmm.13483,text,external,paper_mill
10.1016/j.lfs.2021.119236,text,external,paper_mill
10.3727/096504017x14886679715637,text,external,paper_mill
10.2147/dddt.s97614,text,external,paper_mill
10.21037/tcr.2020.02.24,text,external,paper_mill
10.1155/2015/172165,text,external,paper_mill
10.26355/eurrev_201809_15807,text,external,paper_mill
10.1186/s13046-016-0371-6,text,external,paper_mill
10.1080/24701556.2020.1745833,text,external,paper_mill
10.1038/s41419-021-03612-z,text,external,paper_mill
10.4238/2015.october.28.32,text,external,paper_mill
10.1186/s12943-020-1145-5,text,external,paper_mill
10.1038/s41419-019-1922-5,text,external,paper_mill
10.1186/s12935-019-0838-6,text,external,paper_mill
10.1007/s13277-014-1796-1,text,external,paper_mill
10.26355/eurrev_202004_20836,text,external,paper_mill
10.3389/fcell.2021.650999,text,external,paper_mill
10.3892/etm.2013.988,text,external,paper_mill
10.4103/0973-1482.146129,text,external,paper_mill
10.1007/s13277-013-0948-z,text,external,paper_mill
10.18632/oncotarget.15318,text,external,paper_mill
10.1186/s12885-015-1119-y,text,external,paper_mill
10.1080/10799893.2019.1701031,text,external,paper_mill
10.18632/oncotarget.12329,text,external,paper_mill
10.17305/bjbms.2020.4538,text,external,paper_mill
10.1186/s11658-021-00251-2,text,external,paper_mill
10.1080/15384101.2019.1632135,text,external,paper_mill
10.1155/2022/6426800,text,external,paper_mill
10.1111/jgh.15775,text,external,paper_mill
10.1016/j.omto.2021.06.009,text,external,paper_mill
10.2147/cmar.s265545,text,external,paper_mill
10.1089/gtmb.2014.0106,text,external,paper_mill
10.2147/ott.s227831,text,external,paper_mill
10.1007/s12035-014-8894-3,text,external,paper_mill
10.3892/mmr.2019.9934,text,external,paper_mill
10.2147/ijgm.s275016,text,external,paper_mill
10.1515/mgmc-2018-0022,text,external,paper_mill
10.1002/cam4.1860,text,external,paper_mill
10.3892/mmr.2017.6975,text,external,paper_mill
10.1515/tnsci-2018-0026,text,external,paper_mill
10.12659/msm.918454,text,external,paper_mill
10.3892/or.2014.3483,text,external,paper_mill
10.1002/iub.1710,text,external,paper_mill
10.1111/jcmm.15156,text,external,paper_mill
10.1016/j.ejmech.2019.03.033,text,external,paper_mill
10.1016/j.biopha.2018.11.029,text,external,paper_mill
10.2147/ott.s282350,text,external,paper_mill
10.3233/cbm-170964,text,external,paper_mill
10.21037/atm-21-6123,text,external,paper_mill
10.3892/mmr.2017.7840,text,external,paper_mill
10.1177/1533034617735931,text,external,paper_mill
10.1186/s13046-020-01779-5,text,external,paper_mill
10.3892/ol.2018.8038,text,external,paper_mill
10.1155/2021/2804478,text,external,paper_mill
10.1080/21655979.2021.1995573,text,external,paper_mill
10.18632/aging.102673,text,external,paper_mill
10.2147/ott.s251714,text,external,paper_mill
10.1590/1414-431x20187665,text,external,paper_mill
10.3892/or.2018.6736,text,external,paper_mill
10.1111/jcmm.14062,text,external,paper_mill
10.1016/j.lfs.2020.118768,text,external,paper_mill
10.1186/s12943-018-0931-9,text,external,paper_mill
10.26355/eurrev_201911_19425,text,external,paper_mill
10.1007/s11010-022-04541-x,text,external,paper_mill
10.18632/oncotarget.16587,text,external,paper_mill
10.1111/jcmm.13620,text,external,paper_mill
10.1016/j.biopha.2019.109517,text,external,paper_mill
10.1002/cam4.2611,text,external,paper_mill
10.1186/s12935-018-0694-9,text,external,paper_mill
10.7314/apjcp.2012.13.2.683,text,external,paper_mill
10.26355/eurrev_201904_17683,text,external,paper_mill
10.1111/cpr.12739,text,external,paper_mill
10.1111/cpr.12389,text,external,paper_mill
10.1038/s41419-022-04723-x,text,external,paper_mill
10.1620/tjem.223.137,text,external,paper_mill
10.1007/s10565-021-09597-x,text,external,paper_mill
10.26355/eurrev_201902_17108,text,external,paper_mill
10.1186/s12964-018-0244-z,text,external,paper_mill
10.12659/msm.913974,text,external,paper_mill
10.1007/s13277-015-4014-x,text,external,paper_mill
10.18632/aging.104130,text,external,paper_mill
10.1007/s13277-015-4739-6,text,external,paper_mill
10.2147/cmar.s230171,text,external,paper_mill
10.2147/ott.s238070,text,external,paper_mill
10.3892/or.2018.6204,text,external,paper_mill
10.1089/cbr.2019.3375,text,external,paper_mill
10.1016/j.biocel.2019.04.001,text,external,paper_mill
10.1111/1440-1681.13320,text,external,paper_mill
10.1016/j.bbrc.2019.10.127,text,external,paper_mill
10.1134/s1070328418090087,text,external,paper_mill
10.1111/jcmm.12852,text,external,paper_mill
10.1038/s41419-021-03637-4,text,external,paper_mill
10.1016/j.canlet.2016.02.018,text,external,paper_mill
10.2147/ott.s107214,text,external,paper_mill
10.1155/2020/8450606,text,external,paper_mill
10.1515/chem-2020-0141,text,external,paper_mill
10.1007/s13277-014-1888-y,text,external,paper_mill
10.1155/2020/5654380,text,external,paper_mill
10.21037/atm-20-4987,text,external,paper_mill
10.1155/2019/9436047,text,external,paper_mill
10.2147/ott.s208988,text,external,paper_mill
10.3892/mmr.2018.8650,text,external,paper_mill
10.18632/oncotarget.20785,text,external,paper_mill
10.3892/ijmm.2020.4671,text,external,paper_mill
10.1186/1476-4598-13-137,text,external,paper_mill
10.26355/eurrev_201911_19564,text,external,paper_mill
10.3892/ol.2012.1058,text,external,paper_mill
10.1155/2019/4586405,text,external,paper_mill
10.1002/1878-0261.12629,text,external,paper_mill
10.18632/aging.103386,text,external,paper_mill
10.2147/ott.s222564,text,external,paper_mill
10.1016/j.biopha.2018.05.089,text,external,paper_mill
10.26355/eurrev_201912_19768,text,external,paper_mill
10.1007/s11418-017-1122-5,text,external,paper_mill
10.3892/mmr.2014.2819,text,external,paper_mill
10.17179/excli2017-690,text,external,paper_mill
10.1111/jcmm.13658,text,external,paper_mill
10.2147/ott.s193787,text,external,paper_mill
10.1002/cam4.2494,text,external,paper_mill
10.1080/15384101.2019.1710912,text,external,paper_mill
10.1002/cbin.11035,text,external,paper_mill
10.1071/ch18287,text,external,paper_mill
10.1002/mgg3.1091,text,external,paper_mill
10.2147/cmar.s267355,text,external,paper_mill
10.18632/oncotarget.17045,text,external,paper_mill
10.2147/cmar.s260866,text,external,paper_mill
10.26355/eurrev_201903_17239,text,external,paper_mill
10.1186/s40659-019-0214-y,text,external,paper_mill
10.3892/mmr.2018.9085,text,external,paper_mill
10.1002/jcb.29467,text,external,paper_mill
10.2147/ott.s184078,text,external,paper_mill
10.2147/cmar.s180418,text,external,paper_mill
10.3727/096504017x14965095236521,text,external,paper_mill
10.1134/s1070328420080072,text,external,paper_mill
10.21037/atm-20-7365,text,external,paper_mill
10.1080/15384101.2020.1761617,text,external,paper_mill
10.1080/15384101.2018.1502574,text,external,paper_mill
10.1155/2021/9964159,text,external,paper_mill
10.1186/s12935-018-0671-3,text,external,paper_mill
10.1111/jphp.12781,text,external,paper_mill
10.3892/ol.2018.8268,text,external,paper_mill
10.5114/aoms.2017.71420,text,external,paper_mill
10.1080/15384047.2022.2102360,text,external,paper_mill
10.5114/aoms.2019.86798,text,external,paper_mill
10.18632/aging.104187,text,external,paper_mill
10.26355/eurrev_201807_15508,text,external,paper_mill
10.1002/jcb.26182,text,external,paper_mill
10.1134/s0022476620060207,text,external,paper_mill
10.2147/cmar.s183085,text,external,paper_mill
10.5114/aoms.2018.79429,text,external,paper_mill
10.1002/jcb.27308,text,external,paper_mill
10.1007/s13577-017-0170-1,text,external,paper_mill
10.18632/aging.102109,text,external,paper_mill
10.2147/ott.s173750,text,external,paper_mill
10.3727/096504017x14982569377511,text,external,paper_mill
10.1007/s13277-014-1746-y,text,external,paper_mill
10.5114/aoms.2019.85152,text,external,paper_mill
10.3727/096504016x14685034103275,text,external,paper_mill
10.1186/s12935-020-01717-7,text,external,paper_mill
10.1016/j.acthis.2016.02.001,text,external,paper_mill
10.1007/s11010-016-2684-3,text,external,paper_mill
10.3892/or.2015.3861,text,external,paper_mill
10.26355/eurrev_202001_20185,text,external,paper_mill
10.1186/1476-4598-13-252,text,external,paper_mill
10.1186/1471-2407-14-378,text,external,paper_mill
10.1002/cam4.1281,text,external,paper_mill
10.3892/ijo.2022.5304,text,external,paper_mill
10.3892/ijmm.2021.5044,text,external,paper_mill
10.1186/s12935-020-1154-x,text,external,paper_mill
10.3892/ol.2019.10700,text,external,paper_mill
10.1002/iub.2366,text,external,paper_mill
10.1007/s13277-014-2054-2,text,external,paper_mill
10.1186/s12885-021-08779-4,text,external,paper_mill
10.1080/15384101.2019.1642068,text,external,paper_mill
10.1186/1746-1596-9-96,text,external,paper_mill
10.1016/j.prp.2021.153549,text,external,paper_mill
10.1038/s41417-020-00263-8,text,external,paper_mill
10.1038/s41417-019-0098-6,text,external,paper_mill
10.12659/msm.909669,text,external,paper_mill
10.1016/j.biopha.2017.01.117,text,external,paper_mill
10.2147/cmar.s284277,text,external,paper_mill
10.1002/kjm2.12284,text,external,paper_mill
10.5650/jos.ess20087,text,external,paper_mill
10.2147/ott.s205688,text,external,paper_mill
10.1038/s41419-019-1439-y,text,external,paper_mill
10.3727/096504018x15172747209020,text,external,paper_mill
10.1080/21691401.2019.1626404,text,external,paper_mill
10.18632/oncotarget.17783,text,external,paper_mill
10.18632/oncotarget.9068,text,external,paper_mill
10.1186/s12885-021-08528-7,text,external,paper_mill
10.7314/apjcp.2012.13.10.4915,text,external,paper_mill
10.3892/mmr.2015.4423,text,external,paper_mill
10.1186/s40659-016-0086-3,text,external,paper_mill
10.1007/s10565-021-09614-z,text,external,paper_mill
10.3389/fcell.2020.620603,text,external,paper_mill
10.1186/s13046-015-0197-7,text,external,paper_mill
10.3892/etm.2015.2656,text,external,paper_mill
10.1080/21691401.2019.1664559,text,external,paper_mill
10.3892/etm.2017.4426,text,external,paper_mill
10.1111/jcmm.14148,text,external,paper_mill
10.1002/ptr.6533,text,external,paper_mill
10.1016/j.tranon.2021.101036,text,external,paper_mill
10.1186/s12943-019-1116-x,text,external,paper_mill
10.1039/c7mb00406k,text,external,paper_mill
10.18632/aging.101418,text,external,paper_mill
10.1080/15685551.2022.2033432,text,external,paper_mill
10.1080/15384101.2017.1407893,text,external,paper_mill
10.26355/eurrev_201907_18437,text,external,paper_mill
10.26355/eurrev_202010_23389,text,external,paper_mill
10.26355/eurrev_202005_21326,text,external,paper_mill
10.1038/s41598-017-06472-w,text,external,paper_mill
10.1080/15384047.2019.1679554,text,external,paper_mill
10.1186/s12964-020-0518-0,text,external,paper_mill
10.1080/13880209.2022.2112963,text,external,paper_mill
10.1186/s11671-021-03640-w,text,external,paper_mill
10.4238/2015.december.28.30,text,external,paper_mill
10.1515/hsz-2018-0380,text,external,paper_mill
10.1007/s11033-014-3267-6,text,external,paper_mill
10.1016/j.biopha.2017.10.074,text,external,paper_mill
10.1038/s41419-019-2170-4,text,external,paper_mill
10.2147/ott.s196142,text,external,paper_mill
10.26355/eurrev_201904_17585,text,external,paper_mill
10.3892/mmr.2015.3477,text,external,paper_mill
10.1042/cs20171588,text,external,paper_mill
10.3892/etm.2013.926,text,external,paper_mill
10.2147/ott.s263728,text,external,paper_mill
10.1242/bio.015552,text,external,paper_mill
10.5230/jgc.2022.22.e26,text,external,paper_mill
10.1536/ihj.18-048,text,external,paper_mill
10.18632/oncotarget.3889,text,external,paper_mill
10.1016/j.tranon.2021.101088,text,external,paper_mill
10.1186/s13578-019-0359-y,text,external,paper_mill
10.1080/21655979.2020.1809922,text,external,paper_mill
10.1167/iovs.61.6.41,text,external,paper_mill
10.1038/srep40464,text,external,paper_mill
10.12659/msm.910998,text,external,paper_mill
10.12659/msm.904892,text,external,paper_mill
10.18632/oncotarget.3713,text,external,paper_mill
10.3727/096504016x14519995067562,text,external,paper_mill
10.3892/mmr.2017.8006,text,external,paper_mill
10.2147/ott.s182525,text,external,paper_mill
10.1002/mgg3.1112,text,external,paper_mill
10.1007/s10528-020-10007-w,text,external,paper_mill
10.1080/15384047.2021.1902912,text,external,paper_mill
10.2147/ott.s158355,text,external,paper_mill
10.3389/fonc.2020.00116,text,external,paper_mill
10.18632/oncotarget.4291,text,external,paper_mill
10.3892/mmr.2015.4014,text,external,paper_mill
10.1038/s41419-021-03700-0,text,external,paper_mill
10.1038/s41419-018-0881-6,text,external,paper_mill
10.1111/1759-7714.14300,text,external,paper_mill
10.1002/jcla.23116,text,external,paper_mill
10.26355/eurrev_202001_20055,text,external,paper_mill
10.1134/s0022476619110209,text,external,paper_mill
10.7314/apjcp.2015.16.3.965,text,external,paper_mill
10.1111/ahg.12059,text,external,paper_mill
10.4103/0973-1482.154926,text,external,paper_mill
10.18632/aging.203114,text,external,paper_mill
10.26355/eurrev_202002_20176,text,external,paper_mill
10.1002/2211-5463.12404,text,external,paper_mill
10.21037/atm-20-5842,text,external,paper_mill
10.3727/096504017x14897896412027,text,external,paper_mill
10.1042/bsr20181147,text,external,paper_mill
10.1080/00958972.2019.1659963,text,external,paper_mill
10.1080/00958972.2018.1501561,text,external,paper_mill
10.1089/dna.2013.2291,text,external,paper_mill
10.1038/s41388-021-02014-x,text,external,paper_mill
10.18632/aging.103476,text,external,paper_mill
10.26355/eurrev_201903_17378,text,external,paper_mill
10.18632/oncotarget.7559,text,external,paper_mill
10.2147/ott.s186923,text,external,paper_mill
10.1042/bsr20191182,text,external,paper_mill
10.18632/oncotarget.21069,text,external,paper_mill
10.1007/s11356-018-1784-x,text,external,paper_mill
10.1080/21691401.2019.1666861,text,external,paper_mill
10.1007/s13277-016-4822-7,text,external,paper_mill
10.1002/slct.201904571,text,external,paper_mill
10.26355/eurrev_201908_18656,text,external,paper_mill
10.1111/1759-7714.13051,text,external,paper_mill
10.1371/journal.pone.0054081,text,external,paper_mill
10.1002/jcb.26560,text,external,paper_mill
10.26355/eurrev_201812_16532,text,external,paper_mill
10.26355/eurrev_201807_15413,text,external,paper_mill
10.3727/096504017x14953948675403,text,external,paper_mill
10.3727/096504017x14878509668646,text,external,paper_mill
10.4103/0973-1482.148726,text,external,paper_mill
10.1002/jcb.29445,text,external,paper_mill
10.1007/s10238-019-00591-6,text,external,paper_mill
10.1111/cpr.12640,text,external,paper_mill
10.3892/etm.2012.787,text,external,paper_mill
10.21037/jgo-20-472,text,external,paper_mill
10.2147/cmar.s237285,text,external,paper_mill
10.26355/eurrev_202012_24173,text,external,paper_mill
10.26355/eurrev_201810_16042,text,external,paper_mill
10.1111/jcmm.15133,text,external,paper_mill
10.1186/s13046-019-1504-5,text,external,paper_mill
10.3892/br.2013.98,text,external,paper_mill
10.1016/j.redox.2019.101120,text,external,paper_mill
10.1080/15384047.2018.1537579,text,external,paper_mill
10.1111/jog.12806,text,external,paper_mill
10.18632/aging.202847,text,external,paper_mill
10.1111/cpr.12833,text,external,paper_mill
10.3892/etm.2017.5016,text,external,paper_mill
10.1186/s12957-016-0784-x,text,external,paper_mill
10.18632/oncotarget.14854,text,external,paper_mill
10.1155/2020/4027627,text,external,paper_mill
10.1002/cbf.3445,text,external,paper_mill
10.7314/apjcp.2012.13.10.5105,text,external,paper_mill
10.26355/eurrev_201909_18992,text,external,paper_mill
10.1016/j.biopha.2020.109839,text,external,paper_mill
10.1016/j.biopha.2019.109298,text,external,paper_mill
10.3892/etm.2017.5169,text,external,paper_mill
10.26355/eurrev_201909_18997,text,external,paper_mill
10.26355/eurrev_201905_17931,text,external,paper_mill
10.1186/s13046-015-0245-3,text,external,paper_mill
10.1186/s12935-016-0349-7,text,external,paper_mill
10.26355/eurrev_201902_16988,text,external,paper_mill
10.1080/21655979.2021.2024653,text,external,paper_mill
10.1007/s13277-014-2235-z,text,external,paper_mill
10.3892/mmr.2019.10381,text,external,paper_mill
10.1002/cam4.1960,text,external,paper_mill
10.1186/s12957-015-0607-5,text,external,paper_mill
10.1016/j.cellsig.2021.110216,text,external,paper_mill
10.1002/jcb.27957,text,external,paper_mill
10.1155/2015/134027,text,external,paper_mill
10.4103/0973-1482.155978,text,external,paper_mill
10.26355/eurrev_201912_19788,text,external,paper_mill
10.3892/ol.2022.13220,text,external,paper_mill
10.1080/24701556.2022.2034009,text,external,paper_mill
10.1002/jcla.24424,text,external,paper_mill
10.1080/15384101.2019.1629773,text,external,paper_mill
10.2147/ott.s245254,text,external,paper_mill
10.1016/j.abb.2018.11.023,text,external,paper_mill
10.1371/journal.pone.0073213,text,external,paper_mill
10.21037/atm-20-4558,text,external,paper_mill
10.1080/15384101.2020.1807666,text,external,paper_mill
10.1134/s0022476620040113,text,external,paper_mill
10.26355/eurrev_202001_20026,text,external,paper_mill
10.12659/msm.900092,text,external,paper_mill
10.1016/j.cell.2005.12.032,text,external,control
10.1002/hed.27945,text,external,control
10.1080/0284186x.2022.2062682,text,external,control
10.1016/j.ccr.2007.06.014,text,external,control
10.1016/j.ccr.2009.10.015,text,external,control
10.1016/j.cell.2024.02.009,text,external,control
10.1016/j.ccell.2024.05.017,text,external,control
10.1016/j.ccr.2010.10.015,text,external,control
10.1111/jan.16308,text,external,control
10.1016/j.cell.2009.05.022,text,external,control
10.1016/j.ccell.2017.03.005,text,external,control
10.1016/j.cell.2022.04.025,text,external,control
10.1016/j.ccr.2009.08.014,text,external,control
10.1158/1078-0432.ccr-17-1535,text,external,control
10.1016/j.cell.2019.06.003,text,external,control
10.1016/j.canlet.2014.03.014,text,external,control
10.1002/prca.201800102,text,external,control
10.1016/j.cell.2018.08.048,text,external,control
10.1016/j.ccr.2009.04.012,text,external,control
10.1055/s-0033-1336763,text,external,control
10.1016/j.ygyno.2011.11.008,text,external,control
10.1038/s41467-024-47987-x,text,external,control
10.1158/1535-7163.mct-16-0026,text,external,control
10.1371/journal.pmed.0030168,text,external,control
10.1016/j.cell.2004.12.018,text,external,control
10.1016/j.ccell.2020.02.008,text,external,control
10.1016/j.jpainsymman.2006.10.017,text,external,control
10.1245/s10434-015-4675-0,text,external,control
10.1016/j.ccell.2022.06.011,text,external,control
10.1097/01.ogx.0000436776.14414.33,text,external,control
10.1016/s0738-3991(01)00116-1,text,external,control
10.1016/j.ccr.2009.01.002,text,external,control
10.1016/j.oraloncology.2017.03.007,text,external,control
10.1016/j.cell.2024.03.040,text,external,control
10.15252/embj.2021110046,text,external,control
10.1016/j.ccr.2006.03.031,text,external,control
10.1007/s00384-016-2628-0,text,external,control
10.1016/j.ccell.2020.12.001,text,external,control
10.1016/j.ccell.2023.03.005,text,external,control
10.1016/s1535-6108(04)00021-2,text,external,control
10.1080/0284186x.2023.2278189,text,external,control
10.1186/1471-2407-14-413,text,external,control
10.1016/j.cell.2012.06.035,text,external,control
10.5603/rpor.99673,text,external,control
10.1080/028418602753669472,text,external,control
10.1016/s0959-8049(00)00037-x,text,external,control
10.1016/j.cell.2011.11.060,text,external,control
10.1038/sj.bjc.6601498,text,external,control
10.1016/j.ccr.2013.10.009,text,external,control
10.1016/j.ccell.2018.02.008,text,external,control
10.1016/j.ccr.2007.12.003,text,external,control
10.15252/embj.201696151,text,external,control
10.1017/s0007114507853414,text,external,control
10.1016/j.ccr.2013.06.010,text,external,control
10.1016/j.cdp.2005.06.006,text,external,control
10.1007/s11764-012-0228-8,text,external,control
10.1016/j.ccr.2014.05.002,text,external,control
10.15252/embj.201899386,text,external,control
10.1016/j.molcel.2024.09.013,text,external,control
10.1034/j.1399-0004.2000.570511.x,text,external,control
10.1016/j.cell.2012.02.053,text,external,control
10.1016/s0090-4295(99)00033-3,text,external,control
10.1016/j.molcel.2022.03.035,text,external,control
10.1186/s12885-023-11562-2,text,external,control
10.1073/pnas.1710901115,text,external,control
10.21873/anticanres.11284,text,external,control
10.1002/bjs.9754,text,external,control
10.1186/bcr1072,text,external,control
10.1007/s00262-011-0991-9,text,external,control
10.1007/s00005-012-0205-y,text,external,control
10.1016/j.ccr.2012.03.002,text,external,control
10.21873/anticanres.14834,text,external,control
10.1016/j.ccell.2022.01.005,text,external,control
10.1007/s00330-012-2669-x,text,external,control
10.1002/hed.23524,text,external,control
10.1177/14574969231181228,text,external,control
10.1007/s101470200038,text,external,control
10.1016/j.cell.2011.02.030,text,external,control
10.1002/ijc.34625,text,external,control
10.1016/j.ccell.2020.07.012,text,external,control
10.1093/jncics/pkad050,text,external,control
10.1007/s00259-016-3449-7,text,external,control
10.1016/j.ccell.2018.10.003,text,external,control
10.1186/s12885-015-1857-x,text,external,control
10.1016/j.ccell.2023.04.008,text,external,control
10.3389/fcell.2022.798590,text,external,control
10.1002/pds.5329,text,external,control
10.1016/j.ccell.2020.03.001,text,external,control
10.1016/j.ccr.2005.12.026,text,external,control
10.1038/emboj.2012.112,text,external,control
10.1186/s12913-024-11275-7,text,external,control
10.1016/j.ccr.2012.11.009,text,external,control
10.3389/fonc.2023.1079040,text,external,control
10.1056/nejmcibr1714003,text,external,control
10.1097/jom.0000000000000258,text,external,control
10.1016/j.ccr.2011.05.026,text,external,control
10.4103/2152-7806.176138,text,external,control
10.1038/bjc.2015.108,text,external,control
10.1016/j.ccell.2022.09.014,text,external,control
10.1016/j.ccell.2020.12.008,text,external,control
10.1016/j.cell.2021.02.019,text,external,control
10.21873/anticanres.12999,text,external,control
10.4236/psych.2017.811116,text,external,control
10.14701/ahbps.lv-sy-3-4,text,external,control
10.1016/j.ccr.2011.08.011,text,external,control
10.1016/j.molcel.2023.07.015,text,external,control
10.1186/s12885-015-1446-z,text,external,control
10.1016/j.cell.2012.06.031,text,external,control
10.1038/sj.emboj.7601790,text,external,control
10.1177/1010428317697569,text,external,control
10.1245/s10434-023-13964-9,text,external,control
10.1186/s12916-017-0915-4,text,external,control
10.1016/j.ccell.2014.12.008,text,external,control
10.1111/igc.0b013e3181daaefb,text,external,control
10.1136/jitc-2023-007990,text,external,control
10.1016/j.molcel.2016.07.013,text,external,control
10.1371/journal.pone.0074982,text,external,control
10.1159/000196936,text,external,control
10.1016/j.ccr.2009.12.048,text,external,control
10.1002/ijc.32195,text,external,control
10.3892/ol.2020.11746,text,external,control
10.1016/j.ygyno.2005.09.022,text,external,control
10.1016/j.ccell.2022.11.007,text,external,control
10.1111/j.1369-7625.2007.00478.x,text,external,control
10.1016/j.jpainsymman.2022.04.172,text,external,control
10.1186/bcr2788,text,external,control
10.1080/08035259950169279,text,external,control
10.1111/ans.14761,text,external,control
10.21873/anticanres.11519,text,external,control
10.1016/s1535-6108(04)00086-8,text,external,control
10.1111/j.1471-6712.2007.00557.x,text,external,control
10.1002/path.4886,text,external,control
10.1186/s12885-016-2923-8,text,external,control
10.15252/embj.2018100600,text,external,control
10.1186/s12885-019-5827-6,text,external,control
10.1016/j.trecan.2018.10.004,text,external,control
10.1016/j.cell.2011.10.043,text,external,control
10.1016/j.ccr.2011.12.026,text,external,control
10.1016/j.ccr.2012.07.012,text,external,control
10.1038/s44318-024-00262-7,text,external,control
10.1016/j.cell.2016.06.031,text,external,control
10.1080/00365520510023224,text,external,control
10.1080/17533010802528058,text,external,control
10.1016/j.cell.2014.08.007,text,external,control
10.1016/j.ccr.2012.06.009,text,external,control
10.1016/j.ccell.2023.06.002,text,external,control
10.1093/jnci/djn036,text,external,control
10.1016/j.ccell.2014.12.001,text,external,control
10.1080/0284186x.2020.1764095,text,external,control
10.1002/cncr.10819,text,external,control
10.1158/0008-5472.can-16-2274,text,external,control
10.1016/j.ccell.2019.12.013,text,external,control
10.1016/j.ejso.2021.05.046,text,external,control
10.1016/j.ccell.2020.10.022,text,external,control
10.1038/s41698-024-00712-9,text,external,control
10.1016/j.cell.2013.08.040,text,external,control
10.2147/ott.s70922,text,external,control
10.1016/j.ccell.2017.05.006,text,external,control
10.1200/jco.2007.13.9568,text,external,control
10.1016/j.molcel.2023.10.020,text,external,control
10.1016/j.ccr.2006.05.014,text,external,control
10.1002/humu.20860,text,external,control
10.1016/s1097-2765(01)00425-7,text,external,control
10.3109/02813432.2015.1067512,text,external,control
10.1016/j.ccr.2014.07.020,text,external,control
10.1016/j.molcel.2009.04.031,text,external,control
10.1016/s1535-6108(02)00154-x,text,external,control
10.1016/j.sjpain.2015.12.008,text,external,control
10.4172/1948-5956.s5-003,text,external,control
10.1126/scitranslmed.3010567,text,external,control
10.1016/j.jsxm.2018.04.223,text,external,control
10.4161/cc.7.1.5102,text,external,control
10.1038/emboj.2008.292,text,external,control
10.1016/j.ccr.2013.02.021,text,external,control
10.1097/dcr.0000000000001567,text,external,control
10.1016/j.ccell.2022.10.022,text,external,control
10.1016/j.ccell.2017.01.007,text,external,control
10.1016/j.cell.2023.11.005,text,external,control
10.1016/j.molcel.2015.06.028,text,external,control
10.1016/j.ccr.2009.07.015,text,external,control
10.1016/j.cell.2017.08.010,text,external,control
10.1007/s00428-014-1667-6,text,external,control
10.1016/j.canep.2010.08.002,text,external,control
10.1016/j.cell.2009.02.005,text,external,control
10.1007/s10350-004-6317-7,text,external,control
10.1002/ueg2.12204,text,external,control
10.1016/j.cell.2021.07.029,text,external,control
10.1016/j.cell.2009.08.007,text,external,control
10.1016/j.ccell.2016.03.016,text,external,control
10.1038/cddis.2014.545,text,external,control
10.1515/med-2021-0264,text,external,control
10.1016/j.ccr.2008.03.007,text,external,control
10.3109/21681805.2014.909883,text,external,control
10.1155/2011/614097,text,external,control
10.1016/j.cell.2009.09.002,text,external,control
10.3109/0284186x.2012.711952,text,external,control
10.1016/j.ccr.2012.01.014,text,external,control
10.1016/j.ccell.2020.05.018,text,external,control
10.1002/pros.23325,text,external,control
10.1158/1055-9965.epi-21-0508,text,external,control
10.1159/000493977,text,external,control
10.1371/journal.pone.0112839,text,external,control
10.1016/j.ccell.2024.05.025,text,external,control
10.1007/s13193-011-0050-1,text,external,control
10.1016/j.ccr.2006.01.021,text,external,control
10.1111/bjh.17392,text,external,control
10.1016/j.cell.2019.06.020,text,external,control
10.1186/s12894-020-00593-7,text,external,control
10.1002/ijc.1621,text,external,control
10.3892/or.18.5.1249,text,external,control
10.1016/s1535-6108(04)00111-4,text,external,control
10.1593/neo.08312,text,external,control
10.1080/00365521.2022.2142481,text,external,control
10.1016/j.tranon.2018.08.003,text,external,control
10.1002/cam4.1638,text,external,control
10.1002/ijc.30413,text,external,control
10.1016/j.ccr.2008.11.013,text,external,control
10.1016/s1535-6108(02)00239-8,text,external,control
10.1016/j.neo.2014.03.003,text,external,control
10.1016/j.ccell.2023.08.004,text,external,control
10.4236/jct.2013.41031,text,external,control
10.1186/s13058-017-0911-9,text,external,control
10.1007/bf02235487,text,external,control
10.1111/j.1600-0404.1985.tb00859.x,text,external,control
10.1016/j.ccell.2016.03.023,text,external,control
10.1016/s1535-6108(02)00083-1,text,external,control
10.1016/j.ccr.2005.05.018,text,external,control
10.1016/j.ccell.2019.05.002,text,external,control
10.1016/j.eururo.2024.01.017,text,external,control
10.1111/j.1365-2354.2002.00295.x,text,external,control
10.15252/embj.2021107680,text,external,control
10.1016/s0885-3924(03)00239-2,text,external,control
10.1200/jco.2003.07.020,text,external,control
10.1016/j.redox.2015.08.008,text,external,control
10.1177/20571585221101734,text,external,control
10.1016/j.ccr.2009.09.020,text,external,control
10.1038/nm1120,text,external,control
10.1016/j.ccell.2021.01.003,text,external,control
10.1152/ajplung.00036.2008,text,external,control
10.1016/j.ccell.2016.03.001,text,external,control
10.15252/embj.2019104063,text,external,control
10.1111/j.1463-1318.2005.00877.x,text,external,control
10.15406/ogij.2020.11.00507,text,external,control
10.1186/s13073-023-01177-4,text,external,control
10.1111/j.1743-6109.2011.02455.x,text,external,control
10.1016/j.ebiom.2017.06.018,text,external,control
10.1054/ejon.2002.0218,text,external,control
10.1016/j.ccr.2005.05.025,text,external,control
10.1080/02841860410033721,text,external,control
10.1038/emboj.2012.132,text,external,control
10.1159/000518956,text,external,control
10.1016/j.cell.2020.06.032,text,external,control
10.1371/journal.pone.0217942,text,external,control
10.1016/s1535-6108(02)00243-x,text,external,control
10.1016/j.cell.2009.11.025,text,external,control
10.1186/s13058-024-01882-x,text,external,control
10.1016/j.ccell.2020.11.002,text,external,control
10.1016/s1097-2765(00)80182-3,text,external,control
10.1016/j.cell.2018.08.027,text,external,control
10.1016/j.ccr.2010.11.008,text,external,control
10.1016/j.ccell.2016.03.014,text,external,control
10.15252/embj.201592757,text,external,control
10.1016/j.ccell.2021.07.022,text,external,control
10.1016/j.cell.2011.03.019,text,external,control
10.1016/j.cell.2009.04.030,text,external,control
10.1016/j.cell.2024.04.032,text,external,control
10.1016/j.ccell.2020.08.015,text,external,control
10.1016/j.cell.2020.11.009,text,external,control
10.1016/j.cell.2020.06.036,text,external,control
10.1159/000281347,text,external,control
10.1002/pbc.24223,text,external,control
10.1016/j.ijrobp.2006.01.017,text,external,control
10.7326/0003-4819-131-9-199911020-00004,text,external,control
10.1016/j.molcel.2024.04.012,text,external,control
10.1111/exd.12913,text,external,control
10.1016/j.ccell.2015.03.007,text,external,control
10.1007/s40846-023-00818-8,text,external,control
10.1097/01.ede.0000276634.25126.dd,text,external,control
10.1016/j.cell.2017.04.014,text,external,control
10.1016/j.cell.2009.05.026,text,external,control
10.1016/j.ccell.2016.02.017,text,external,control
10.1016/s2666-7568(23)00141-1,text,external,control
10.1371/journal.pone.0029001,text,external,control
10.1016/j.cancergencyto.2004.01.030,text,external,control
10.1016/j.ccr.2012.03.043,text,external,control
10.1016/s1535-6108(03)00140-5,text,external,control
10.1002/bjs.10963,text,external,control
10.1007/s00520-014-2332-y,text,external,control
10.1016/j.molcel.2010.02.018,text,external,control
10.1016/s1535-6108(02)00102-2,text,external,control
10.1016/j.isci.2022.105317,text,external,control
10.1016/j.ccell.2023.06.008,text,external,control
10.1016/j.ccell.2014.11.003,text,external,control
10.1016/j.molcel.2021.03.028,text,external,control
10.1038/emboj.2013.178,text,external,control
10.1038/sj/bjc/6692094,text,external,control
10.1016/j.cell.2006.05.041,text,external,control
10.1002/bjs.4058,text,external,control
10.1016/j.ccell.2014.09.005,text,external,control
10.1002/ijc.34858,text,external,control
10.1245/s10434-015-4394-6,text,external,control
10.1016/s1535-6108(02)00187-3,text,external,control
10.1002/mds3.10165,text,external,control
10.1016/j.ccell.2023.12.009,text,external,control
10.1158/1078-0432.ccr-10-0501,text,external,control
10.1080/028418501127346972,text,external,control
10.1016/j.cell.2017.09.049,text,external,control
10.1111/apa.14903,text,external,control
10.1177/11795549221086578,text,external,control
10.1016/j.cell.2013.08.025,text,external,control
10.1186/s12902-016-0095-9,text,external,control
10.1371/journal.pone.0179363,text,external,control
10.1016/j.cell.2011.12.028,text,external,control
10.1186/bcr193,text,external,control
10.1016/j.ccr.2009.01.001,text,external,control
10.1038/sj.emboj.7601115,text,external,control
10.1080/10428194.2016.1193853,text,external,control
10.1002/adhm.202202063,text,external,control
10.1016/j.cell.2014.12.018,text,external,control
10.1186/1471-2407-6-246,text,external,control
10.3390/cancers16213588,text,external,control
10.1054/bjoc.2001.1858,text,external,control
10.1177/145749690309200409,text,external,control
10.1016/j.ccell.2023.12.005,text,external,control
10.1080/110241599750007270,text,external,control
10.1016/j.ccell.2017.08.002,text,external,control
10.1186/s12885-020-06986-z,text,external,control
10.1002/mnfr.200800487,text,external,control
10.1080/02813432.2021.2004734,text,external,control
10.1080/21681805.2020.1730435,text,external,control
10.1371/journal.pone.0007133,text,external,control
10.1016/j.cell.2018.08.039,text,external,control
10.1046/j.1365-2168.2002.02151.x,text,external,control
10.1186/s12885-018-4676-z,text,external,control
10.3171/2009.10.peds09453,text,external,control
10.3390/cancers11121981,text,external,control
10.1055/a-1734-7952,text,external,control
10.1007/s12020-019-02035-3,text,external,control
10.1016/j.ccell.2020.10.019,text,external,control
10.1016/j.ccell.2022.09.015,text,external,control
10.1016/j.ccr.2004.11.021,text,external,control
10.1016/j.ccell.2024.02.001,text,external,control
10.3892/ijo.19.6.1303,text,external,control
10.1016/j.ccell.2020.09.005,text,external,control
10.1016/j.cell.2021.02.048,text,external,control
10.1111/ecc.12907,text,external,control
10.1016/j.molcel.2006.05.001,text,external,control
10.1016/s0090-4295(02)02166-0,text,external,control
10.1038/emboj.2012.316,text,external,control
10.1016/j.ccr.2004.09.007,text,external,control
10.1186/s12957-022-02568-4,text,external,control
10.1158/1078-0432.ccr-05-2807,text,external,control
10.1016/j.cell.2005.04.014,text,external,control
10.1016/j.ccell.2021.11.001,text,external,control
10.1016/j.ccell.2014.11.009,text,external,control
10.1002/gcc.22103,text,external,control
10.3390/jpm13071163,text,external,control
10.1016/j.ccell.2018.03.018,text,external,control
10.1016/j.ccr.2012.08.016,text,external,control
10.1038/sj.emboj.7600979,text,external,control
10.1038/s41416-021-01480-0,text,external,control
10.3892/mmr.1.2.263,text,external,control
10.1111/and.14410,text,external,control
10.1016/j.molcel.2014.03.002,text,external,control
10.1038/s41467-020-15315-8,text,external,control
10.1016/j.ccr.2007.03.017,text,external,control
10.1016/j.ccell.2022.01.009,text,external,control
10.1016/j.ejon.2012.12.005,text,external,control
10.1016/j.ccr.2005.10.017,text,external,control
10.1080/02841860701441830,text,external,control
10.1016/j.ccr.2013.08.004,text,external,control
10.1016/j.molcel.2008.12.026,text,external,control
10.1111/codi.17163,text,external,control
10.1016/j.molcel.2018.09.025,text,external,control
10.1016/j.ccell.2017.08.015,text,external,control
10.1177/145749690509400106,text,external,control
10.1080/02841860903104137,text,external,control
10.1016/j.cell.2017.01.031,text,external,control
10.1097/00003643-200406002-00383,text,external,control
10.1001/jamasurg.2014.3852,text,external,control
10.15252/embj.2018100923,text,external,control
10.1080/0284186x.2023.2245557,text,external,control
10.1016/j.ejca.2006.05.013,text,external,control
10.15252/embj.2019104013,text,external,control
10.1016/j.cell.2017.10.014,text,external,control
10.1016/j.ccell.2023.02.002,text,external,control
10.1136/bmj.319.7201.55a,text,external,control
10.1016/j.cell.2013.11.019,text,external,control
10.1182/blood-2007-06-094060,text,external,control
10.4103/2153-3539.175378,text,external,control
10.1002/pon.3341,text,external,control
10.1016/j.molonc.2010.11.004,text,external,control
10.1016/j.ccr.2006.10.020,text,external,control
10.7326/m17-1441,text,external,control
10.1515/bc.2007.032,text,external,control
10.1016/j.ccr.2008.12.018,text,external,control
10.1016/j.cell.2022.02.021,text,external,control
10.1136/thx.2009.125914,text,external,control
10.1016/j.jconrel.2017.10.015,text,external,control
10.1016/j.ccr.2008.01.001,text,external,control
10.1371/journal.pone.0126688,text,external,control
10.1016/j.ccr.2008.01.011,text,external,control
10.1016/j.ccell.2020.04.010,text,external,control
10.1016/j.breast.2013.06.001,text,external,control
10.1016/j.ccell.2022.07.007,text,external,control
10.1016/j.molcel.2024.04.009,text,external,control
10.1016/j.ccell.2014.12.002,text,external,control
10.1186/2191-219x-1-18,text,external,control
10.1016/j.cell.2007.03.052,text,external,control
10.1016/j.cell.2015.04.036,text,external,control
10.1016/j.ccr.2008.09.004,text,external,control
10.1007/s00259-005-1848-2,text,external,control
10.1159/000051853,text,external,control
10.1038/s41598-021-83102-6,text,external,control
10.1016/j.ccr.2014.01.008,text,external,control
10.1016/j.ccell.2020.09.003,text,external,control
10.1016/j.ccell.2019.08.006,text,external,control
10.1016/j.molcel.2020.10.033,text,external,control
10.1016/j.canlet.2011.03.002,text,external,control
10.1016/j.cell.2014.07.027,text,external,control
10.1002/ijc.29141,text,external,control
10.1093/emboj/cdf364,text,external,control
10.1039/d4an01050g,text,external,control
10.1074/jbc.m202414200,text,external,control
10.1016/j.ccell.2020.09.009,text,external,control
10.1159/000087972,text,external,control
10.1016/j.ccr.2005.04.003,text,external,control
10.1093/emboj/cdg105,text,external,control
10.1016/j.ccell.2018.04.007,text,external,control
10.1016/j.ccr.2010.04.019,text,external,control
10.1016/j.ccell.2024.08.018,text,external,control
10.1080/21681805.2020.1851763,text,external,control
10.1016/s0169-5002(01)00294-x,text,external,control
10.1016/j.ccr.2013.10.001,text,external,control
10.1371/journal.pcbi.1008898,text,external,control
10.1158/2767-9764.crc-22-0295,text,external,control
10.1016/j.ccell.2019.08.010,text,external,control
10.1080/00365521.2022.2151319,text,external,control
10.1111/jocn.14300,text,external,control
10.1016/j.ccr.2014.04.027,text,external,control
10.1016/j.molcel.2005.10.033,text,external,control
10.1016/j.ccr.2004.09.026,text,external,control
10.1053/ejso.2002.1414,text,external,control
10.1016/j.cell.2017.01.034,text,external,control
10.1016/j.ccr.2008.02.001,text,external,control
10.3390/cancers13030499,text,external,control
10.1002/cam4.5,text,external,control
10.1186/s12967-017-1256-y,text,external,control
10.1016/j.ccr.2012.01.007,text,external,control
10.1016/j.ccr.2013.10.025,text,external,control
10.1016/j.ccell.2019.05.009,text,external,control
10.1016/s1535-6108(03)00215-0,text,external,control
10.1016/j.ccell.2020.05.008,text,external,control
10.1016/j.ccell.2018.03.002,text,external,control
10.1016/j.ccr.2004.08.012,text,external,control
10.1245/s10434-020-08649-6,text,external,control
10.1080/2162402x.2020.1783046,text,external,control
10.1038/ajg.2014.194,text,external,control
10.1034/j.1600-0463.2003.1110401.x,text,external,control
10.1016/j.ccell.2014.09.019,text,external,control
10.1016/j.ccell.2022.05.015,text,external,control
10.1016/j.ccell.2019.04.001,text,external,control
10.1136/bmjopen-2013-004648,text,external,control
10.1038/emboj.2010.335,text,external,control
10.1021/acs.chemrestox.4c00499,text,external,control
10.1007/s00520-008-0410-8,text,external,control
10.1371/journal.pone.0121398,text,external,control
10.1093/occmed/kqg004,text,external,control
10.1097/igc.0000000000000801,text,external,control
10.1016/j.ccell.2024.03.011,text,external,control
10.1016/s1535-6108(03)00336-2,text,external,control
10.1016/j.molcel.2012.01.015,text,external,control
10.1016/j.ccell.2019.06.001,text,external,control
10.1097/cej.0000000000000328,text,external,control
10.1186/2193-1801-3-141,text,external,control
10.1016/j.molcel.2015.02.001,text,external,control
10.1016/j.ccr.2005.08.009,text,external,control
10.1016/s0360-3016(98)00454-4,text,external,control
10.1186/1479-5876-10-104,text,external,control
10.1016/j.molcel.2013.09.001,text,external,control
10.1016/j.ccr.2013.08.005,text,external,control
10.1016/j.ccell.2015.03.010,text,external,control
10.1038/s41416-019-0463-0,text,external,control
10.1007/s00423-013-1142-x,text,external,control
10.1016/j.molcel.2011.01.023,text,external,control
10.1007/bf02906126,text,external,control
10.1093/jnci/91.2.156,text,external,control
10.1371/journal.pone.0219206,text,external,control
10.1158/0008-5472.can-11-2883,text,external,control
10.3390/ijms24043830,text,external,control
10.1016/j.molcel.2022.06.005,text,external,control
10.1016/j.ccell.2021.02.015,text,external,control
10.1111/ecc.12025,text,external,control
10.1016/j.ccr.2014.04.021,text,external,control
10.1038/s44318-024-00113-5,text,external,control
10.1016/j.ccr.2013.01.009,text,external,control
10.1038/s41598-017-10717-z,text,external,control
10.3109/0284186x.2011.584327,text,external,control
10.15252/embj.2022111961,text,external,control
10.1097/00001648-200105000-00023,text,external,control
10.1042/bsr20180906,image,internal,paper_mill
10.3892/or.2015.4321,image,internal,paper_mill
10.1155/2022/7904293,image,internal,paper_mill
10.1155/2022/7954111,image,internal,paper_mill
10.1155/2022/3751400,image,internal,paper_mill
10.3892/or.2016.5275,image,internal,paper_mill
10.3892/ol.2017.6811,image,internal,paper_mill
10.1155/2021/5070099,image,internal,paper_mill
10.1155/2022/3805013,image,internal,paper_mill
10.3892/or.2015.4406,image,internal,paper_mill
10.1155/2022/3317624,image,internal,paper_mill
10.1155/2022/9022700,image,internal,paper_mill
10.3892/mmr.2018.9186,image,internal,paper_mill
10.1155/2020/3208391,image,internal,paper_mill
10.1155/2022/4085039,image,internal,paper_mill
10.3892/or.2017.6074,image,internal,paper_mill
10.1155/2022/3858249,image,internal,paper_mill
10.1155/2021/1159145,image,internal,paper_mill
10.1155/2022/5224288,image,internal,paper_mill
10.3892/ol.2016.4688,image,internal,paper_mill
10.1155/2022/9170274,image,internal,paper_mill
10.1155/2022/3547070,image,internal,paper_mill
10.1016/j.omtn.2020.05.008,image,internal,paper_mill
10.3389/fbioe.2021.705886,image,internal,paper_mill
10.18632/oncotarget.21167,image,internal,paper_mill
10.3892/ijo.2019.4875,image,internal,paper_mill
10.1155/2022/2043880,image,internal,paper_mill
10.1155/2022/9912776,image,internal,paper_mill
10.1155/2022/7531371,image,internal,paper_mill
10.1155/2022/3972298,image,internal,paper_mill
10.1155/2022/1979254,image,internal,paper_mill
10.1186/s12935-020-01737-3,image,internal,paper_mill
10.3892/mmr.2017.7828,image,internal,paper_mill
10.1155/2022/2184867,image,internal,paper_mill
10.1155/2022/3585540,image,internal,paper_mill
10.1155/2022/9714140,image,internal,paper_mill
10.1155/2022/8460121,image,internal,paper_mill
10.1155/2022/3281039,image,internal,paper_mill
10.1155/2022/5215748,image,internal,paper_mill
10.1155/2022/5787808,image,internal,paper_mill
10.1155/2022/9944847,image,internal,paper_mill
10.1155/2022/6187275,image,internal,paper_mill
10.1155/2022/3475955,image,internal,paper_mill
10.1155/2021/6699054,image,internal,paper_mill
10.1155/2022/8202975,image,internal,paper_mill
10.1155/2022/8598046,image,internal,paper_mill
10.1177/0300060520922449,image,internal,paper_mill
10.1155/2022/8091114,image,internal,paper_mill
10.2147/cmar.s243869,image,internal,paper_mill
10.1155/2022/4764720,image,internal,paper_mill
10.1155/2022/1417752,image,internal,paper_mill
10.1155/2022/4094132,image,internal,paper_mill
10.1155/2022/6952304,image,internal,paper_mill
10.1186/s12935-020-01287-8,image,internal,paper_mill
10.1155/2022/3255403,image,internal,paper_mill
10.1155/2021/6000385,image,internal,paper_mill
10.1155/2021/3267536,image,internal,paper_mill
10.3892/ijo.2015.3117,image,internal,paper_mill
10.3892/mmr.2019.9830,image,internal,paper_mill
10.3389/fgene.2021.703883,image,internal,paper_mill
10.1042/bsr20180558,image,internal,paper_mill
10.3892/mmr.2015.3827,image,internal,paper_mill
10.3892/ol.2018.8374,image,internal,paper_mill
10.1155/2022/1938325,image,internal,paper_mill
10.3892/mmr.2014.2021,image,internal,paper_mill
10.3892/ol.2018.8049,image,internal,paper_mill
10.2147/ott.s257001,image,internal,paper_mill
10.1155/2021/9999268,image,internal,paper_mill
10.2147/ott.s187670,image,internal,paper_mill
10.1155/2022/1475871,image,internal,paper_mill
10.1155/2022/9112479,image,internal,paper_mill
10.1155/2022/2466007,image,internal,paper_mill
10.1042/bsr20180571,image,internal,paper_mill
10.3892/ijmm.2019.4333,image,internal,paper_mill
10.1155/2022/6857685,image,internal,paper_mill
10.1155/2022/2771869,image,internal,paper_mill
10.1155/2021/7329072,image,internal,paper_mill
10.1155/2022/6157026,image,internal,paper_mill
10.3389/fchem.2021.722990,image,internal,paper_mill
10.1155/2022/1948766,image,internal,paper_mill
10.3892/or.2017.6142,image,internal,paper_mill
10.1155/2022/3137370,image,internal,paper_mill
10.1007/s11010-020-03814-7,image,internal,paper_mill
10.1155/2022/8926221,image,internal,paper_mill
10.1155/2022/1279961,image,internal,paper_mill
10.1155/2022/5456554,image,internal,paper_mill
10.1177/1533033819874803,image,internal,paper_mill
10.1155/2022/7145606,image,internal,paper_mill
10.1155/2022/7729524,image,internal,paper_mill
10.1186/s13046-016-0379-y,image,internal,paper_mill
10.1155/2021/8635381,image,internal,paper_mill
10.1155/2022/4370341,image,internal,paper_mill
10.3892/ol.2019.10902,image,internal,paper_mill
10.1155/2022/4931210,image,internal,paper_mill
10.2147/ott.s229739,image,internal,paper_mill
10.1177/2058738418814341,image,internal,paper_mill
10.1155/2022/6431164,image,internal,paper_mill
10.1155/2022/9995962,image,internal,paper_mill
10.1155/2023/8262741,image,internal,paper_mill
10.3892/mmr.2015.3826,image,internal,paper_mill
10.3892/ijo.2018.4586,image,internal,paper_mill
10.1155/2022/8381559,image,internal,paper_mill
10.1155/2022/9180216,image,internal,paper_mill
10.2147/cmar.s199818,image,internal,paper_mill
10.1155/2022/2311471,image,internal,paper_mill
10.1042/bsr20190787,image,internal,paper_mill
10.3892/mmr.2015.4511,image,internal,paper_mill
10.3892/or.2016.4700,image,internal,paper_mill
10.1155/2022/8131531,image,internal,paper_mill
10.3892/mmr.2018.9652,image,internal,paper_mill
10.1155/2022/6602648,image,internal,paper_mill
10.3892/mmr.2015.3222,image,internal,paper_mill
10.2147/ott.s208329,image,internal,paper_mill
10.5114/aoms.2019.81729,image,internal,paper_mill
10.1155/2022/2836880,image,internal,paper_mill
10.1155/2022/5648195,image,internal,paper_mill
10.1155/2022/7408136,image,internal,paper_mill
10.1155/2021/7779693,image,internal,paper_mill
10.3892/ol.2019.10985,image,internal,paper_mill
10.3892/etm.2018.6223,image,internal,paper_mill
10.1111/jcmm.16405,image,internal,paper_mill
10.1042/bsr20191062,image,internal,paper_mill
10.1155/2022/4162354,image,internal,paper_mill
10.1186/s12935-019-0777-2,image,internal,paper_mill
10.1155/2022/3865601,image,internal,paper_mill
10.1155/2019/9258075,image,internal,paper_mill
10.3892/mmr.2017.7660,image,internal,paper_mill
10.1155/2022/9993393,image,internal,paper_mill
10.1155/2021/6468405,image,internal,paper_mill
10.1155/2022/9148843,image,internal,paper_mill
10.1155/2021/9972664,image,internal,paper_mill
10.3892/or.2015.4495,image,internal,paper_mill
10.1155/2022/7858477,image,internal,paper_mill
10.3892/mmr.2016.6059,image,internal,paper_mill
10.3727/096504018x15150662230295,image,internal,paper_mill
10.1155/2022/9223400,image,internal,paper_mill
10.2147/cmar.s269774,image,internal,paper_mill
10.1155/2019/5152072,image,internal,paper_mill
10.3892/mmr.2016.5105,image,internal,paper_mill
10.1042/bsr20191611,image,internal,paper_mill
10.3892/ol.2017.7432,image,internal,paper_mill
10.3892/mmr.2017.6658,image,internal,paper_mill
10.3892/mmr.2015.3937,image,internal,paper_mill
10.1155/2022/1418232,image,internal,paper_mill
10.2147/ott.s87183,image,internal,paper_mill
10.1155/2023/3783631,image,internal,paper_mill
10.1155/2021/6673712,image,internal,paper_mill
10.2147/cmar.s273687,image,internal,paper_mill
10.2147/cmar.s211122,image,internal,paper_mill
10.1155/2022/4421418,image,internal,paper_mill
10.1155/2022/1032503,image,internal,paper_mill
10.1155/2022/5217625,image,internal,paper_mill
10.1155/2022/3193553,image,internal,paper_mill
10.1155/2020/8812923,image,internal,paper_mill
10.3892/ijo.2019.4765,image,internal,paper_mill
10.1155/2021/6717582,image,internal,paper_mill
10.3892/or.2014.3626,image,internal,paper_mill
10.1155/2022/5261285,image,internal,paper_mill
10.1155/2022/7095423,image,internal,paper_mill
10.1042/bsr20180532,image,internal,paper_mill
10.1155/2021/1221899,image,internal,paper_mill
10.3892/mmr.2015.4033,image,internal,paper_mill
10.1155/2021/6651236,image,internal,paper_mill
10.1155/2022/7825272,image,internal,paper_mill
10.1155/2022/9304392,image,internal,paper_mill
10.1155/2021/7952922,image,internal,paper_mill
10.3892/etm.2017.4593,image,internal,paper_mill
10.1155/2022/8740408,image,internal,paper_mill
10.1155/2022/6181448,image,internal,paper_mill
10.3892/or.2016.4604,image,internal,paper_mill
10.1155/2023/3560340,image,internal,paper_mill
10.1155/2022/2692539,image,internal,paper_mill
10.1155/2022/9942014,image,internal,paper_mill
10.1155/2022/5081439,image,internal,paper_mill
10.1155/2022/1905437,image,internal,paper_mill
10.1155/2022/2021613,image,internal,paper_mill
10.2147/cmar.s276290,image,internal,paper_mill
10.1155/2021/4854282,image,internal,paper_mill
10.2147/cmar.s198615,image,internal,paper_mill
10.1155/2021/5557309,image,internal,paper_mill
10.1155/2022/2048095,image,internal,paper_mill
10.1155/2020/4965670,image,internal,paper_mill
10.1155/2022/8495159,image,internal,paper_mill
10.1155/2022/3293054,image,internal,paper_mill
10.1155/2022/2244228,image,internal,paper_mill
10.3892/or.2017.6119,image,internal,paper_mill
10.1155/2022/3118046,image,internal,paper_mill
10.1155/2021/9391104,image,internal,paper_mill
10.1155/2021/9338091,image,internal,paper_mill
10.1155/2022/2329576,image,internal,paper_mill
10.1155/2021/4520450,image,internal,paper_mill
10.1155/2022/2696916,image,internal,paper_mill
10.1155/2022/9000331,image,internal,paper_mill
10.1155/2022/9554223,image,internal,paper_mill
10.2147/cmar.s269572,image,internal,paper_mill
10.1155/2023/9349494,image,internal,paper_mill
10.1155/2022/7196449,image,internal,paper_mill
10.1155/2022/3050199,image,internal,paper_mill
10.1155/2021/7733654,image,internal,paper_mill
10.2147/cmar.s318980,image,internal,paper_mill
10.3892/mmr.2017.7103,image,internal,paper_mill
10.3892/or.2015.4432,image,internal,paper_mill
10.3892/ijmm.2020.4637,image,internal,paper_mill
10.2147/ott.s277284,image,internal,paper_mill
10.1155/2022/9277847,image,internal,paper_mill
10.3892/ijmm.2020.4704,image,internal,paper_mill
10.1155/2022/8576768,image,internal,paper_mill
10.1155/2023/9477442,image,internal,paper_mill
10.3892/ol.2015.3077,image,internal,paper_mill
10.2147/ott.s168807,image,internal,paper_mill
10.3892/mmr.2017.7586,image,internal,paper_mill
10.1155/2022/6320329,image,internal,paper_mill
10.1155/2022/8542376,image,internal,paper_mill
10.1155/2022/4237040,image,internal,paper_mill
10.1155/2022/8544337,image,internal,paper_mill
10.3389/fonc.2021.600451,image,internal,paper_mill
10.1155/2021/5812499,image,internal,paper_mill
10.1155/2021/8522417,image,internal,paper_mill
10.1002/1878-0261.12760,image,internal,paper_mill
10.1155/2022/7052830,image,internal,paper_mill
10.1002/mgg3.1349,image,internal,paper_mill
10.1155/2022/2056807,image,internal,paper_mill
10.1155/2022/6257536,image,internal,paper_mill
10.3892/ijmm.2020.4581,image,internal,paper_mill
10.2147/cmar.s253777,image,internal,paper_mill
10.1155/2022/4477099,image,internal,paper_mill
10.1155/2022/3049619,image,internal,paper_mill
10.1155/2021/9809990,image,internal,paper_mill
10.1155/2022/2872461,image,internal,paper_mill
10.1042/bsr20180882,image,internal,paper_mill
10.1038/s41419-020-03170-w,image,internal,paper_mill
10.3892/ol.2016.4577,image,internal,paper_mill
10.1155/2022/2645528,image,internal,paper_mill
10.3892/mmr.2021.11858,image,internal,paper_mill
10.1155/2022/6066567,image,internal,paper_mill
10.3892/or.2017.6157,image,internal,paper_mill
10.3892/ijo.2015.2900,image,internal,paper_mill
10.1155/2022/2012457,image,internal,paper_mill
10.1155/2023/2759679,image,internal,paper_mill
10.1155/2022/1740295,image,internal,paper_mill
10.12659/msm.910702,image,internal,paper_mill
10.1155/2021/2033353,image,internal,paper_mill
10.1155/2022/6481846,image,internal,paper_mill
10.3892/etm.2017.4204,image,internal,paper_mill
10.1155/2023/3913351,image,internal,paper_mill
10.1155/2022/4600751,image,internal,paper_mill
10.1155/2020/6723487,image,internal,paper_mill
10.1155/2022/9427076,image,internal,paper_mill
10.1155/2022/3113857,image,internal,paper_mill
10.1155/2022/7781686,image,internal,paper_mill
10.1155/2022/1776082,image,internal,paper_mill
10.4103/1008-682x.178849,image,internal,paper_mill
10.1186/s13046-018-0770-y,image,internal,paper_mill
10.3892/mmr.2017.7273,image,internal,paper_mill
10.1155/2022/6507865,image,internal,paper_mill
10.1002/2211-5463.12204,image,internal,paper_mill
10.1155/2022/6720287,image,internal,paper_mill
10.1042/bsr20140020,image,internal,paper_mill
10.3892/or.2019.7061,image,internal,paper_mill
10.1155/2022/9490827,image,internal,paper_mill
10.1155/2021/6653439,image,internal,paper_mill
10.1155/2022/5499298,image,internal,paper_mill
10.1155/2022/6107940,image,internal,paper_mill
10.1155/2022/4968016,image,internal,paper_mill
10.1155/2022/2240605,image,internal,paper_mill
10.1016/j.omtn.2019.10.007,image,internal,paper_mill
10.1155/2022/7052066,image,internal,paper_mill
10.1186/s13046-018-0875-3,image,internal,paper_mill
10.3892/or.2016.4824,image,internal,paper_mill
10.1177/1559325820907536,image,internal,paper_mill
10.1016/j.omtn.2019.05.020,image,internal,paper_mill
10.1155/2022/1121312,image,internal,paper_mill
10.1155/2021/3001131,image,internal,paper_mill
10.1155/2022/8931131,image,internal,paper_mill
10.1155/2021/6248793,image,internal,paper_mill
10.3892/or.2020.7908,image,internal,paper_mill
10.1155/2022/6370766,image,internal,paper_mill
10.1155/2022/3398156,image,internal,paper_mill
10.3892/or.2015.3734,image,internal,paper_mill
10.1042/bsr20181598,image,internal,paper_mill
10.1002/2211-5463.12642,image,internal,paper_mill
10.1155/2021/6968194,image,internal,paper_mill
10.1016/j.omtn.2019.08.024,image,internal,paper_mill
10.1155/2022/5647599,image,internal,paper_mill
10.1155/2022/1562511,image,internal,paper_mill
10.1186/s12935-020-01365-x,image,internal,paper_mill
10.3892/ijo.2018.4576,image,internal,paper_mill
10.1155/2022/4880151,image,internal,paper_mill
10.1155/2022/8666724,image,internal,paper_mill
10.3892/etm.2017.4435,image,internal,paper_mill
10.3892/ijmm.2021.4932,image,internal,paper_mill
10.1155/2021/1619809,image,internal,paper_mill
10.1155/2022/2484418,image,internal,paper_mill
10.1155/2021/6666453,image,internal,paper_mill
10.1155/2020/2539150,image,internal,paper_mill
10.1155/2022/1091042,image,internal,paper_mill
10.1155/2022/4277254,image,internal,paper_mill
10.1155/2022/1297072,image,internal,paper_mill
10.1155/2021/1068090,image,internal,paper_mill
10.2147/ott.s234144,image,internal,paper_mill
10.1155/2021/1040374,image,internal,paper_mill
10.1155/2022/3719857,image,internal,paper_mill
10.1155/2022/7642511,image,internal,paper_mill
10.3892/ol.2019.11222,image,internal,paper_mill
10.3892/ijo.2016.3398,image,internal,paper_mill
10.1155/2021/4623850,image,internal,paper_mill
10.1155/2022/4668774,image,internal,paper_mill
10.1038/srep19070,image,internal,paper_mill
10.1155/2020/2727060,image,internal,paper_mill
10.1155/2022/4147753,image,internal,paper_mill
10.3892/etm.2017.4828,image,internal,paper_mill
10.1155/2021/1426753,image,internal,paper_mill
10.1016/j.omtn.2019.07.012,image,internal,paper_mill
10.3389/fimmu.2021.699746,image,internal,paper_mill
10.1155/2021/6622342,image,internal,paper_mill
10.1155/2021/9549287,image,internal,paper_mill
10.1155/2022/4519982,image,internal,paper_mill
10.1155/2021/9980459,image,internal,paper_mill
10.3892/mmr.2019.9857,image,internal,paper_mill
10.1155/2022/9811905,image,internal,paper_mill
10.1155/2022/6279826,image,internal,paper_mill
10.1042/bsr20182018,image,internal,paper_mill
10.1155/2022/3947434,image,internal,paper_mill
10.1021/acsomega.0c06270,image,internal,paper_mill
10.1038/s41419-022-04750-8,image,internal,paper_mill
10.1155/2022/8157157,image,internal,paper_mill
10.1155/2021/6457688,image,internal,paper_mill
10.1155/2022/9398823,image,internal,paper_mill
10.1186/s11658-018-0107-z,image,internal,paper_mill
10.1155/2022/6862463,image,internal,paper_mill
10.1155/2021/4856820,image,internal,paper_mill
10.1155/2022/6878783,image,internal,paper_mill
10.2147/cmar.s236576,image,internal,paper_mill
10.1155/2022/7784921,image,internal,paper_mill
10.1155/2022/7864114,image,internal,paper_mill
10.1155/2022/9086540,image,internal,paper_mill
10.1371/journal.pone.0088779,image,internal,paper_mill
10.1155/2022/1012684,image,internal,paper_mill
10.1155/2021/5516819,image,internal,paper_mill
10.1155/2022/9498109,image,internal,paper_mill
10.3892/mmr.2017.8350,image,internal,paper_mill
10.3892/mmr.2016.5571,image,internal,paper_mill
10.1155/2021/3927828,image,internal,paper_mill
10.2147/ott.s272895,image,internal,paper_mill
10.1155/2020/9825073,image,internal,paper_mill
10.1038/oncsis.2016.28,image,internal,paper_mill
10.1042/bsr20192298,image,internal,paper_mill
10.2147/cmar.s293322,image,internal,paper_mill
10.1155/2022/6890790,image,internal,paper_mill
10.1155/2021/5906855,image,internal,paper_mill
10.1155/2021/9935451,image,internal,paper_mill
10.1155/2022/5263021,image,internal,paper_mill
10.3892/or.2017.5604,image,internal,paper_mill
10.1155/2022/6293816,image,internal,paper_mill
10.1155/2022/8430485,image,internal,paper_mill
10.1155/2022/7671169,image,internal,paper_mill
10.3389/fonc.2023.1095362,image,internal,paper_mill
10.2147/ott.s160428,image,internal,paper_mill
10.1155/2022/9170053,image,internal,paper_mill
10.1155/2022/5707504,image,internal,paper_mill
10.1155/2022/5268554,image,internal,paper_mill
10.1155/2022/1094607,image,internal,paper_mill
10.1002/cam4.2839,image,internal,paper_mill
10.1016/j.omtn.2019.10.047,image,internal,paper_mill
10.1038/srep12460,image,internal,paper_mill
10.1155/2022/8450673,image,internal,paper_mill
10.1155/2022/7502185,image,internal,paper_mill
10.1155/2023/5746940,image,internal,paper_mill
10.1155/2021/5955343,image,internal,paper_mill
10.1155/2022/5260608,image,internal,paper_mill
10.3892/etm.2020.9046,image,internal,paper_mill
10.1042/bsr20190283,image,internal,paper_mill
10.1155/2022/4411054,image,internal,paper_mill
10.1155/2022/9448144,image,internal,paper_mill
10.1155/2021/3207328,image,internal,paper_mill
10.2147/ott.s256617,image,internal,paper_mill
10.1155/2021/9354202,image,internal,paper_mill
10.1155/2021/5185075,image,internal,paper_mill
10.1155/2021/6648611,image,internal,paper_mill
10.1155/2022/6702773,image,internal,paper_mill
10.18632/oncotarget.22952,image,internal,paper_mill
10.1155/2022/2335443,image,internal,paper_mill
10.1155/2022/1566441,image,internal,paper_mill
10.1155/2022/7380324,image,internal,paper_mill
10.2147/cmar.s280315,image,internal,paper_mill
10.1177/1533033818797587,image,internal,paper_mill
10.1155/2022/9783113,image,internal,paper_mill
10.1042/bsr20170743,image,internal,paper_mill
10.3892/ol.2020.11271,image,internal,paper_mill
10.1155/2021/9917060,image,internal,paper_mill
10.1155/2022/8636527,image,internal,paper_mill
10.3892/or.2017.5705,image,internal,paper_mill
10.1155/2022/4513208,image,internal,paper_mill
10.1155/2021/5972962,image,internal,paper_mill
10.3892/mmr.2017.7077,image,internal,paper_mill
10.1155/2022/2271788,image,internal,paper_mill
10.1155/2022/4464056,image,internal,paper_mill
10.3727/096504018x15195193936573,image,internal,paper_mill
10.3892/ol.2021.12526,image,internal,paper_mill
10.1155/2022/7587398,image,internal,paper_mill
10.1155/2019/8023460,image,internal,paper_mill
10.1155/2022/5852451,image,internal,paper_mill
10.1155/2022/4416439,image,internal,paper_mill
10.1371/journal.pone.0117714,image,internal,paper_mill
10.1155/2022/8402732,image,internal,paper_mill
10.1155/2022/5997895,image,internal,paper_mill
10.3892/etm.2018.6302,image,internal,paper_mill
10.1155/2022/9578788,image,internal,paper_mill
10.3892/mmr.2019.10424,image,internal,paper_mill
10.1155/2022/4168937,image,internal,paper_mill
10.3892/or.2017.5636,image,internal,paper_mill
10.1155/2022/9570900,image,internal,paper_mill
10.3892/or.2020.7456,image,internal,paper_mill
10.1186/s13046-019-1239-3,image,internal,paper_mill
10.1155/2022/8139680,image,internal,paper_mill
10.1016/j.omto.2020.03.009,image,internal,paper_mill
10.1177/2058738420954598,image,internal,paper_mill
10.1155/2022/7261786,image,internal,paper_mill
10.1186/s12890-021-01600-9,image,internal,paper_mill
10.1371/journal.pone.0119225,image,internal,paper_mill
10.3892/ol.2020.12253,image,internal,paper_mill
10.1155/2021/1163250,image,internal,paper_mill
10.1155/2020/5459209,image,internal,paper_mill
10.1177/1533033820917978,image,internal,paper_mill
10.1155/2021/4763944,image,internal,paper_mill
10.1155/2021/2057782,image,internal,paper_mill
10.1155/2022/2204981,image,internal,paper_mill
10.3892/ijo.2014.2577,image,internal,paper_mill
10.1155/2022/1447207,image,internal,paper_mill
10.1155/2022/4299919,image,internal,paper_mill
10.1186/s11658-019-0137-1,image,internal,paper_mill
10.1155/2022/8401202,image,internal,paper_mill
10.3892/mmr.2018.9106,image,internal,paper_mill
10.1186/s12935-020-01636-7,image,internal,paper_mill
10.3892/mmr.2016.4901,image,internal,paper_mill
10.3892/mmr.2020.11634,image,internal,paper_mill
10.1155/2022/4893859,image,internal,paper_mill
10.1155/2022/1162218,image,internal,paper_mill
10.1155/2023/6970256,image,internal,paper_mill
10.1155/2022/7348344,image,internal,paper_mill
10.1155/2022/8308192,image,internal,paper_mill
10.1155/2022/9046507,image,internal,paper_mill
10.3892/etm.2015.2306,image,internal,paper_mill
10.2147/ott.s210567,image,internal,paper_mill
10.3892/etm.2017.4733,image,internal,paper_mill
10.3892/ol.2020.11397,image,internal,paper_mill
10.3892/ol.2017.6558,image,internal,paper_mill
10.1155/2021/9059116,image,internal,paper_mill
10.3892/ol.2020.11296,image,internal,paper_mill
10.3892/or.2018.6424,image,internal,paper_mill
10.1155/2022/1565094,image,internal,paper_mill
10.1155/2022/4959840,image,internal,paper_mill
10.1042/bsr20170021,image,internal,paper_mill
10.1155/2022/4891889,image,internal,paper_mill
10.1371/journal.pone.0115300,image,internal,paper_mill
10.1042/bsr20191453,image,internal,paper_mill
10.1155/2022/9565136,image,internal,paper_mill
10.1155/2022/9948461,image,internal,paper_mill
10.1155/2022/2287470,image,internal,paper_mill
10.1155/2022/9288476,image,internal,paper_mill
10.3892/mmr.2019.9990,image,internal,paper_mill
10.1155/2022/8263986,image,internal,paper_mill
10.1155/2019/9648269,image,internal,paper_mill
10.1155/2022/9049571,image,internal,paper_mill
10.1002/2211-5463.12611,image,internal,paper_mill
10.1155/2022/9292538,image,internal,paper_mill
10.2147/ott.s154339,image,internal,paper_mill
10.1155/2021/1090698,image,internal,paper_mill
10.1155/2021/2709461,image,internal,paper_mill
10.1155/2022/9539503,image,internal,paper_mill
10.1155/2022/6201067,image,internal,paper_mill
10.2147/ott.s245537,image,internal,paper_mill
10.3892/ol.2015.4001,image,internal,paper_mill
10.2147/ott.s254662,image,internal,paper_mill
10.1155/2022/5746761,image,internal,paper_mill
10.3892/or.2021.8093,image,internal,paper_mill
10.2147/cmar.s210845,image,internal,paper_mill
10.3892/mmr.2015.3425,image,internal,paper_mill
10.1155/2021/5471281,image,internal,paper_mill
10.1155/2021/3251891,image,internal,paper_mill
10.1042/bsr20194496,image,internal,paper_mill
10.1155/2020/3740418,image,internal,paper_mill
10.3892/ol.2020.12186,image,internal,paper_mill
10.1016/j.omtn.2019.04.030,image,internal,paper_mill
10.1155/2022/8100325,image,internal,paper_mill
10.1038/s41598-018-26496-0,image,internal,paper_mill
10.1155/2022/6405400,image,internal,paper_mill
10.2147/cmar.s197583,image,internal,paper_mill
10.1155/2022/9683819,image,internal,paper_mill
10.1155/2022/8973449,image,internal,paper_mill
10.1155/2022/5032172,image,internal,paper_mill
10.1155/2022/7065845,image,internal,paper_mill
10.1155/2021/9938515,image,internal,paper_mill
10.2147/cmar.s332640,image,internal,paper_mill
10.1155/2022/5218993,image,internal,paper_mill
10.1590/1414-431x20187046,image,internal,paper_mill
10.1155/2022/2672033,image,internal,paper_mill
10.3892/ijmm.2016.2774,image,internal,paper_mill
10.3892/ijo.2013.2046,image,internal,paper_mill
10.3892/mmr.2015.3545,image,internal,paper_mill
10.1155/2022/6392206,image,internal,paper_mill
10.2147/cmar.s305547,image,internal,paper_mill
10.3892/or.2018.6804,image,internal,paper_mill
10.18632/oncotarget.5476,image,internal,paper_mill
10.1155/2022/1125932,image,internal,paper_mill
10.1155/2022/1693824,image,internal,paper_mill
10.3892/ijmm.2020.4547,image,internal,paper_mill
10.1155/2022/6716324,image,internal,paper_mill
10.3892/mmr.2015.3749,image,internal,paper_mill
10.1155/2022/4379556,image,internal,paper_mill
10.1155/2022/8150444,image,internal,paper_mill
10.1155/2021/6974225,image,internal,paper_mill
10.3892/ol.2016.5044,image,internal,paper_mill
10.1155/2021/4682589,image,internal,paper_mill
10.1155/2021/7380120,image,internal,paper_mill
10.1186/s13048-020-00723-7,image,internal,paper_mill
10.1155/2022/5851269,image,internal,paper_mill
10.1155/2023/8934210,image,internal,paper_mill
10.1042/bsr20182196,image,internal,paper_mill
10.2147/cmar.s228429,image,internal,paper_mill
10.1155/2022/9900668,image,internal,paper_mill
10.2147/ott.s235037,image,internal,paper_mill
10.1155/2022/1947504,image,internal,paper_mill
10.1155/2022/1889467,image,internal,paper_mill
10.1155/2021/5970085,image,internal,paper_mill
10.1155/2022/1032557,image,internal,paper_mill
10.1155/2022/3188992,image,internal,paper_mill
10.1155/2022/5892463,image,internal,paper_mill
10.1155/2022/4491573,image,internal,paper_mill
10.1155/2022/6027058,image,internal,paper_mill
10.2147/ott.s213371,image,internal,paper_mill
10.1016/j.omtn.2021.02.020,image,internal,paper_mill
10.1155/2022/6140727,image,internal,paper_mill
10.18632/oncotarget.23416,image,internal,paper_mill
10.1155/2022/4703524,image,internal,paper_mill
10.1155/2022/8036763,image,internal,paper_mill
10.1155/2022/9350211,image,internal,paper_mill
10.1155/2022/1972516,image,internal,paper_mill
10.1002/2211-5463.13025,image,internal,paper_mill
10.1155/2021/8585887,image,internal,paper_mill
10.1177/1559325820950061,image,internal,paper_mill
10.1155/2022/6830366,image,internal,paper_mill
10.1155/2022/2309339,image,internal,paper_mill
10.3892/ijo.2015.3267,image,internal,paper_mill
10.1155/2022/5113447,image,internal,paper_mill
10.2147/ott.s184337,image,internal,paper_mill
10.1155/2022/3655225,image,internal,paper_mill
10.1155/2022/9722458,image,internal,paper_mill
10.2147/ott.s192137,image,internal,paper_mill
10.1155/2022/8447083,image,internal,paper_mill
10.1155/2021/6640652,image,internal,paper_mill
10.1155/2020/2748219,image,internal,paper_mill
10.1155/2022/5061112,image,internal,paper_mill
10.1155/2021/6687963,image,internal,paper_mill
10.1155/2022/6835625,image,internal,paper_mill
10.1155/2022/2351366,image,internal,paper_mill
10.3892/etm.2016.3085,image,internal,paper_mill
10.1042/bsr20160576,image,internal,paper_mill
10.3892/ijo.2018.4647,image,internal,paper_mill
10.1155/2022/9742461,image,internal,paper_mill
10.1371/journal.pone.0109138,image,internal,paper_mill
10.3892/ijo.2018.4615,image,internal,paper_mill
10.3892/etm.2016.3220,image,internal,paper_mill
10.1155/2022/7469041,image,internal,paper_mill
10.1155/2022/6962163,image,internal,paper_mill
10.1177/2058738418824521,image,internal,paper_mill
10.1155/2022/6365485,image,internal,paper_mill
10.2147/cmar.s270646,image,internal,paper_mill
10.1155/2021/8666498,image,internal,paper_mill
10.1155/2022/3471447,image,internal,paper_mill
10.3892/ol.2021.12662,image,internal,paper_mill
10.3892/etm.2018.6825,image,internal,paper_mill
10.1155/2022/4250013,image,internal,paper_mill
10.1155/2021/5542822,image,internal,paper_mill
10.1155/2022/1822262,image,internal,paper_mill
10.1002/2211-5463.12649,image,internal,paper_mill
10.3389/fphys.2020.00718,image,internal,paper_mill
10.1155/2022/7155525,image,internal,paper_mill
10.1177/0300060520904835,image,internal,paper_mill
10.1155/2021/5558369,image,internal,paper_mill
10.1155/2021/5538535,image,internal,paper_mill
10.1155/2022/2373580,image,internal,paper_mill
10.1155/2021/6584693,image,internal,paper_mill
10.1186/s13046-019-1210-3,image,internal,paper_mill
10.1155/2022/1790104,image,internal,paper_mill
10.1155/2022/5621341,image,internal,paper_mill
10.1155/2022/3768880,image,internal,paper_mill
10.3892/ol.2016.4904,image,internal,paper_mill
10.1155/2022/6232264,image,internal,paper_mill
10.1155/2021/2804521,image,internal,paper_mill
10.1155/2022/4522873,image,internal,paper_mill
10.2147/ott.s241816,image,internal,paper_mill
10.1155/2021/9921195,image,internal,paper_mill
10.1042/bsr20200199,image,internal,paper_mill
10.1155/2021/8936820,image,internal,paper_mill
10.1155/2022/9602725,image,internal,paper_mill
10.3892/or.2018.6721,image,internal,paper_mill
10.1016/j.omtn.2020.09.020,image,internal,paper_mill
10.1155/2022/3440586,image,internal,paper_mill
10.1155/2022/3839670,image,internal,paper_mill
10.1155/2022/6449607,image,internal,paper_mill
10.3389/fcell.2021.686453,image,internal,paper_mill
10.1155/2022/1706585,image,internal,paper_mill
10.1371/journal.pone.0117479,image,internal,paper_mill
10.1155/2022/1493847,image,internal,paper_mill
10.2147/ijn.s136378,image,internal,paper_mill
10.2147/ott.s130365,image,internal,paper_mill
10.1111/jcmm.14161,image,internal,paper_mill
10.3892/mmr.2017.7195,image,internal,paper_mill
10.1155/2022/1787854,image,internal,paper_mill
10.1155/2022/8281558,image,internal,paper_mill
10.1155/2022/2590847,image,internal,paper_mill
10.1042/bsr20194026,image,internal,paper_mill
10.3892/ijo.2018.4467,image,internal,paper_mill
10.3892/mmr.2016.5679,image,internal,paper_mill
10.1155/2021/3520034,image,internal,paper_mill
10.3892/etm.2017.5664,image,internal,paper_mill
10.3892/etm.2014.2149,image,internal,paper_mill
10.1002/2211-5463.12522,image,internal,paper_mill
10.1155/2022/8616535,image,internal,paper_mill
10.1155/2021/6662114,image,internal,paper_mill
10.1155/2022/6865472,image,internal,paper_mill
10.1002/2211-5463.12620,image,internal,paper_mill
10.1155/2023/3164166,image,internal,paper_mill
10.3727/096504017x15144748428127,image,internal,paper_mill
10.3892/mmr.2018.8979,image,internal,paper_mill
10.2147/ott.s253730,image,internal,paper_mill
10.1155/2022/5949086,image,internal,paper_mill
10.1155/2022/9231641,image,internal,paper_mill
10.1155/2022/2791464,image,internal,paper_mill
10.1155/2022/2023159,image,internal,paper_mill
10.3892/or.2015.3986,image,internal,paper_mill
10.1155/2021/8811751,image,internal,paper_mill
10.1155/2022/3331119,image,internal,paper_mill
10.1155/2022/4857814,image,internal,paper_mill
10.1177/1533034617733904,image,internal,paper_mill
10.1155/2022/2521816,image,internal,paper_mill
10.3892/mmr.2015.4074,image,internal,paper_mill
10.1155/2021/5573469,image,internal,paper_mill
10.1155/2022/4404406,image,internal,paper_mill
10.3892/mmr.2018.8444,image,internal,paper_mill
10.1155/2022/2992939,image,internal,paper_mill
10.1155/2022/4622877,image,internal,paper_mill
10.2147/ott.s213026,image,internal,paper_mill
10.1155/2020/2547902,image,internal,paper_mill
10.1155/2022/1251388,image,internal,paper_mill
10.3892/mmr.2017.6748,image,internal,paper_mill
10.1042/bsr20160532,image,internal,paper_mill
10.1242/bio.049478,image,internal,paper_mill
10.1155/2022/2338622,image,internal,paper_mill
10.3892/etm.2021.9949,image,internal,paper_mill
10.1155/2022/1954099,image,internal,paper_mill
10.1155/2021/2105176,image,internal,paper_mill
10.3892/ijo.2016.3708,image,internal,paper_mill
10.1155/2022/2017026,image,internal,paper_mill
10.1155/2022/2279044,image,internal,paper_mill
10.18632/oncotarget.23048,image,internal,paper_mill
10.3892/ol.2018.7769,image,internal,paper_mill
10.1155/2022/8776565,image,internal,paper_mill
10.3892/or.2017.6018,image,internal,paper_mill
10.1155/2021/6091585,image,internal,paper_mill
10.3892/ol.2019.10679,image,internal,paper_mill
10.1155/2021/4452500,image,internal,paper_mill
10.1155/2022/8670534,image,internal,paper_mill
10.2147/ott.s240734,image,internal,paper_mill
10.1155/2021/8997915,image,internal,paper_mill
10.1155/2021/6650791,image,internal,paper_mill
10.1155/2022/6914157,image,internal,paper_mill
10.1155/2022/3546795,image,internal,paper_mill
10.1155/2022/4247631,image,internal,paper_mill
10.1155/2020/3516128,image,internal,paper_mill
10.3892/or.2014.3623,image,internal,paper_mill
10.1155/2022/3163230,image,internal,paper_mill
10.3892/ijo.2017.3941,image,internal,paper_mill
10.3389/fonc.2020.01433,image,internal,paper_mill
10.2147/ott.s96561,image,internal,paper_mill
10.1155/2022/1926605,image,internal,paper_mill
10.3892/ol.2013.1546,image,internal,paper_mill
10.1155/2022/7037497,image,internal,paper_mill
10.3892/or.2015.3832,image,internal,paper_mill
10.1155/2022/7102500,image,internal,paper_mill
10.1155/2022/4082121,image,internal,paper_mill
10.1155/2022/9621893,image,internal,paper_mill
10.1155/2022/7168929,image,internal,paper_mill
10.1002/cam4.1329,image,internal,paper_mill
10.1155/2022/9618193,image,internal,paper_mill
10.1155/2020/1459368,image,internal,paper_mill
10.1155/2022/1174541,image,internal,paper_mill
10.1155/2022/9089365,image,internal,paper_mill
10.1111/jcmm.16909,image,internal,paper_mill
10.1155/2022/9644466,image,internal,paper_mill
10.1155/2021/9971325,image,internal,paper_mill
10.1155/2021/6733341,image,internal,paper_mill
10.3727/096504018x15247361080118,image,internal,paper_mill
10.1155/2022/4357088,image,internal,paper_mill
10.1155/2022/9294634,image,internal,paper_mill
10.18632/aging.103762,image,internal,paper_mill
10.1155/2021/2895893,image,internal,paper_mill
10.1155/2021/8689873,image,internal,paper_mill
10.1155/2021/5514726,image,internal,paper_mill
10.1155/2021/9959634,image,internal,paper_mill
10.3892/or.2016.4810,image,internal,paper_mill
10.3892/ijo.2019.4735,image,internal,paper_mill
10.2147/ott.s201282,image,internal,paper_mill
10.1371/journal.pone.0121175,image,internal,paper_mill
10.1155/2022/7918596,image,internal,paper_mill
10.1155/2021/9977131,image,internal,paper_mill
10.2147/ott.s232542,image,internal,paper_mill
10.1155/2022/2223149,image,internal,paper_mill
10.2147/ott.s232839,image,internal,paper_mill
10.1155/2022/1587398,image,internal,paper_mill
10.1002/cam4.2586,image,internal,paper_mill
10.1155/2021/1716182,image,internal,paper_mill
10.3892/mmr.2018.9166,image,internal,paper_mill
10.1155/2021/6631533,image,internal,paper_mill
10.1002/2211-5463.12032,image,internal,paper_mill
10.1042/bsr20170711,image,internal,paper_mill
10.3892/mmr.2017.7908,image,internal,paper_mill
10.1042/bsr20171546,image,internal,paper_mill
10.1155/2022/4968754,image,internal,paper_mill
10.3389/fbioe.2021.775309,image,internal,paper_mill
10.1155/2023/6222324,image,internal,paper_mill
10.1155/2022/2077850,image,internal,paper_mill
10.1155/2022/9556880,image,internal,paper_mill
10.1155/2021/9984357,image,internal,paper_mill
10.3892/or.2017.6114,image,internal,paper_mill
10.1155/2021/6659701,image,internal,paper_mill
10.1155/2022/1133332,image,internal,paper_mill
10.1186/1471-2407-14-243,image,internal,paper_mill
10.1155/2021/9995384,image,internal,paper_mill
10.3892/ijo.2017.3928,image,internal,paper_mill
10.3892/mmr.2021.12362,image,internal,paper_mill
10.1155/2022/5356069,image,internal,paper_mill
10.1155/2022/3883082,image,internal,paper_mill
10.3892/ijmm.2014.1823,image,internal,paper_mill
10.1155/2021/1395826,image,internal,paper_mill
10.1155/2022/3722703,image,internal,paper_mill
10.1155/2022/9051678,image,internal,paper_mill
10.1155/2022/2368155,image,internal,paper_mill
10.3892/etm.2017.4702,image,internal,paper_mill
10.3892/etm.2016.3584,image,internal,paper_mill
10.1155/2022/2810379,image,internal,paper_mill
10.3892/mmr.2021.12024,image,internal,paper_mill
10.1155/2022/9367919,image,internal,paper_mill
10.1177/2058738418812349,image,internal,paper_mill
10.3892/mmr.2021.12099,image,internal,paper_mill
10.1155/2022/9339905,image,internal,paper_mill
10.1155/2021/4539453,image,internal,paper_mill
10.3892/ijmm.2018.3660,image,internal,paper_mill
10.1155/2023/4242346,image,internal,paper_mill
10.1155/2022/7969422,image,internal,paper_mill
10.1042/bsr20182433,image,internal,paper_mill
10.1155/2021/5953881,image,internal,paper_mill
10.3892/etm.2017.4477,image,internal,paper_mill
10.1155/2022/8003525,image,internal,paper_mill
10.1155/2020/3589871,image,internal,paper_mill
10.1155/2022/1948657,image,internal,paper_mill
10.1155/2021/4883509,image,internal,paper_mill
10.1155/2023/2620738,image,internal,paper_mill
10.1515/med-2022-0418,image,internal,paper_mill
10.1155/2022/9432410,image,internal,paper_mill
10.1155/2022/9380796,image,internal,paper_mill
10.1155/2021/5005459,image,internal,paper_mill
10.3892/or.2017.5812,image,internal,paper_mill
10.1155/2023/5272125,image,internal,paper_mill
10.1155/2022/3737137,image,internal,paper_mill
10.1371/journal.pone.0104510,image,internal,paper_mill
10.1155/2023/5803661,image,internal,paper_mill
10.1155/2021/8396438,image,internal,paper_mill
10.1155/2022/7514898,image,internal,paper_mill
10.1155/2022/2702328,image,internal,paper_mill
10.1155/2021/9963700,image,internal,paper_mill
10.1155/2021/2360717,image,internal,paper_mill
10.1155/2022/7619438,image,internal,paper_mill
10.1155/2022/3110330,image,internal,paper_mill
10.1186/s12885-018-5199-3,image,internal,paper_mill
10.1155/2022/7584481,image,internal,paper_mill
10.3727/096504016x14791726591124,image,internal,paper_mill
10.1155/2021/9780677,image,internal,paper_mill
10.3892/mmr.2017.7552,image,internal,paper_mill
10.3892/etm.2014.1708,image,internal,paper_mill
10.2147/cmar.s244573,image,internal,paper_mill
10.1155/2022/6820281,image,internal,paper_mill
10.7150/jca.30143,image,internal,paper_mill
10.2147/ott.s233149,image,internal,paper_mill
10.3892/or.2017.5979,image,internal,paper_mill
10.2147/ott.s220998,image,internal,paper_mill
10.1155/2022/4016081,image,internal,paper_mill
10.2147/cmar.s242472,image,internal,paper_mill
10.1155/2022/6560693,image,internal,paper_mill
10.12659/msm.898740,image,internal,paper_mill
10.2147/cmar.s287676,image,internal,paper_mill
10.3892/ijmm.2018.3853,image,internal,paper_mill
10.1002/2211-5463.12869,image,internal,paper_mill
10.1155/2021/2342784,image,internal,paper_mill
10.3892/mmr.2018.9292,image,internal,paper_mill
10.1155/2021/6635947,image,internal,paper_mill
10.1155/2022/4824699,image,internal,paper_mill
10.1155/2020/8435420,image,internal,paper_mill
10.3892/or.2015.4498,image,internal,paper_mill
10.3892/or.2015.4101,image,internal,paper_mill
10.1371/journal.pone.0122851,image,internal,paper_mill
10.3892/mmr.2015.4011,image,internal,paper_mill
10.3892/etm.2019.7380,image,internal,paper_mill
10.1155/2022/1293548,image,internal,paper_mill
10.1155/2022/3112281,image,internal,paper_mill
10.1155/2022/4326728,image,internal,paper_mill
10.1186/s12890-021-01521-7,image,internal,paper_mill
10.1155/2022/1940846,image,internal,paper_mill
10.1042/bsr20181196,image,internal,paper_mill
10.1155/2022/7803001,image,internal,paper_mill
10.1155/2022/1859222,image,internal,paper_mill
10.1177/1533033819870209,image,internal,paper_mill
10.3389/fonc.2023.1105877,image,internal,paper_mill
10.1155/2022/9569226,image,internal,paper_mill
10.1155/2022/2929605,image,internal,paper_mill
10.1155/2022/6198448,image,internal,paper_mill
10.3389/fonc.2020.620550,image,internal,paper_mill
10.1155/2021/1971048,image,internal,paper_mill
10.1155/2022/2218140,image,internal,paper_mill
10.1155/2022/5422360,image,internal,paper_mill
10.1177/1533033820957000,image,internal,paper_mill
10.3892/ijo.2015.3214,image,internal,paper_mill
10.1155/2022/3386999,image,internal,paper_mill
10.1002/mgg3.991,image,internal,paper_mill
10.1155/2022/9897669,image,internal,paper_mill
10.1155/2020/2953598,image,internal,paper_mill
10.1155/2021/8893652,image,internal,paper_mill
10.3892/or.2014.3591,image,internal,paper_mill
10.1371/journal.pone.0109734,image,internal,paper_mill
10.1155/2023/6905216,image,internal,paper_mill
10.3892/etm.2016.3880,image,internal,paper_mill
10.1155/2022/2813521,image,internal,paper_mill
10.1155/2021/2231680,image,internal,paper_mill
10.3892/ol.2014.2753,image,internal,paper_mill
10.1002/cam4.3285,image,internal,paper_mill
10.3892/or.2015.4175,image,internal,paper_mill
10.1155/2022/5509346,image,internal,paper_mill
10.2147/ott.s238348,image,internal,paper_mill
10.2147/dddt.s146925,image,internal,paper_mill
10.1371/journal.pone.0127682,image,internal,paper_mill
10.3892/or.2020.7690,image,internal,paper_mill
10.1155/2022/5794422,image,internal,paper_mill
10.1155/2021/9674761,image,internal,paper_mill
10.1155/2023/9196583,image,internal,paper_mill
10.3892/mmr.2017.6841,image,internal,paper_mill
10.1155/2022/7509620,image,internal,paper_mill
10.1155/2022/6426763,image,internal,paper_mill
10.3892/or.2016.5029,image,internal,paper_mill
10.1155/2020/6364801,image,internal,paper_mill
10.1155/2021/8072126,image,internal,paper_mill
10.3892/etm.2017.4947,image,internal,paper_mill
10.1155/2020/9567846,image,internal,paper_mill
10.1155/2021/5525763,image,internal,paper_mill
10.1155/2022/2605592,image,internal,paper_mill
10.1186/s13046-019-1188-x,image,internal,paper_mill
10.1155/2022/5220368,image,internal,paper_mill
10.3892/mmr.2017.8264,image,internal,paper_mill
10.3892/or.2019.7381,image,internal,paper_mill
10.1177/0394632017703274,image,internal,paper_mill
10.1155/2022/2805645,image,internal,paper_mill
10.1155/2021/1262291,image,internal,paper_mill
10.3892/ijmm.2021.4887,image,internal,paper_mill
10.1155/2021/8218043,image,internal,paper_mill
10.3892/ol.2016.4364,image,internal,paper_mill
10.1155/2021/3761858,image,internal,paper_mill
10.2147/ott.s193675,image,internal,paper_mill
10.1155/2022/2694377,image,internal,paper_mill
10.3892/etm.2017.5467,image,internal,paper_mill
10.3892/ijmm.2020.4826,image,internal,paper_mill
10.2147/cmar.s211856,image,internal,paper_mill
10.1155/2022/9809932,image,internal,paper_mill
10.1155/2022/8825540,image,internal,paper_mill
10.1155/2022/2203615,image,internal,paper_mill
10.1016/j.omtn.2020.07.001,image,internal,paper_mill
10.3892/mmr.2017.7282,image,internal,paper_mill
10.1155/2023/5177471,image,internal,paper_mill
10.1155/2022/1853754,image,internal,paper_mill
10.1042/bsr20170799,image,internal,paper_mill
10.1155/2022/2857022,image,internal,paper_mill
10.1042/bsr20190696,image,internal,paper_mill
10.1155/2022/5049116,image,internal,paper_mill
10.1155/2022/1426343,image,internal,paper_mill
10.1155/2022/9538051,image,internal,paper_mill
10.1155/2022/7872915,image,internal,paper_mill
10.3892/ijmm.2017.3118,image,internal,paper_mill
10.1155/2022/9713218,image,internal,paper_mill
10.1042/bsr20171563,image,internal,paper_mill
10.5483/bmbrep.2022.55.6.044,image,internal,paper_mill
10.1155/2021/3347949,image,internal,paper_mill
10.3892/mmr.2016.4799,image,internal,paper_mill
10.1155/2022/4993405,image,internal,paper_mill
10.1155/2021/9913794,image,internal,paper_mill
10.2147/ccid.s323414,image,internal,paper_mill
10.3389/fonc.2020.01172,image,internal,paper_mill
10.1155/2021/9999863,image,internal,paper_mill
10.3892/or.2015.4485,image,internal,paper_mill
10.1155/2022/9693746,image,internal,paper_mill
10.1042/bsr20150002,image,internal,paper_mill
10.1016/j.omtn.2021.04.007,image,internal,paper_mill
10.1016/j.omtn.2017.10.008,image,internal,paper_mill
10.2147/cmar.s194073,image,internal,paper_mill
10.3892/etm.2018.7029,image,internal,paper_mill
10.3389/fphar.2018.00543,image,internal,paper_mill
10.1155/2022/9696403,image,internal,paper_mill
10.1155/2022/8338137,image,internal,paper_mill
10.1155/2022/6451770,image,internal,paper_mill
10.1186/s12885-018-5130-y,image,internal,paper_mill
10.1155/2021/6674988,image,internal,paper_mill
10.1155/2022/6021994,image,internal,paper_mill
10.1155/2022/4022896,image,internal,paper_mill
10.1155/2022/4557346,image,internal,paper_mill
10.1155/2022/4239500,image,internal,paper_mill
10.3892/etm.2017.4998,image,internal,paper_mill
10.3892/mmr.2018.8682,image,internal,paper_mill
10.3727/096504018x15199511344806,image,internal,paper_mill
10.3892/etm.2018.6226,image,internal,paper_mill
10.1155/2021/6388492,image,internal,paper_mill
10.1155/2022/6600403,image,internal,paper_mill
10.1155/2021/2677696,image,internal,paper_mill
10.1155/2022/9979200,image,internal,paper_mill
10.1155/2021/9201235,image,internal,paper_mill
10.1155/2022/2256690,image,internal,paper_mill
10.3892/ijo.2015.3112,image,internal,paper_mill
10.1155/2022/6940715,image,internal,paper_mill
10.1155/2022/7214904,image,internal,paper_mill
10.1155/2022/2398101,image,internal,paper_mill
10.1155/2022/7119195,image,internal,paper_mill
10.1155/2022/8579279,image,internal,paper_mill
10.2147/ott.s218876,image,internal,paper_mill
10.1155/2022/2980691,image,internal,paper_mill
10.1177/0300060519870915,image,internal,paper_mill
10.3892/mmr.2014.2268,image,internal,paper_mill
10.1155/2021/7561645,image,internal,paper_mill
10.2147/ott.s280912,image,internal,paper_mill
10.1155/2022/4541918,image,internal,paper_mill
10.1155/2022/3374655,image,internal,paper_mill
10.1155/2022/3787162,image,internal,paper_mill
10.1155/2021/6683708,image,internal,paper_mill
10.1155/2022/9580991,image,internal,paper_mill
10.1155/2023/9997676,image,internal,paper_mill
10.1155/2022/3235238,image,internal,paper_mill
10.2147/cmar.s268375,image,internal,paper_mill
10.1155/2022/6958806,image,internal,paper_mill
10.2147/ott.s216342,image,internal,paper_mill
10.1155/2022/2105332,image,internal,paper_mill
10.2147/ott.s204004,image,internal,paper_mill
10.1155/2022/6959237,image,internal,paper_mill
10.1155/2022/2415129,image,internal,paper_mill
10.3389/fmed.2021.721174,image,internal,paper_mill
10.1002/2211-5463.12265,image,internal,paper_mill
10.3892/or.2016.5146,image,internal,paper_mill
10.1155/2022/4597087,image,internal,paper_mill
10.3892/mmr.2015.4165,image,internal,paper_mill
10.1016/j.omtn.2019.10.035,image,internal,paper_mill
10.1155/2022/7686728,image,internal,paper_mill
10.3892/ol.2017.7201,image,internal,paper_mill
10.1155/2022/6738959,image,internal,paper_mill
10.1155/2022/6863281,image,internal,paper_mill
10.1155/2022/5391636,image,internal,paper_mill
10.1155/2022/2471039,image,internal,paper_mill
10.1155/2022/2270777,image,internal,paper_mill
10.3892/mmr.2017.7129,image,internal,paper_mill
10.1155/2021/5655061,image,internal,paper_mill
10.2147/cmar.s299715,image,internal,paper_mill
10.2147/ott.s183940,image,internal,paper_mill
10.3892/mmr.2015.3757,image,internal,paper_mill
10.2147/ott.s204715,image,internal,paper_mill
10.3892/etm.2017.5356,image,internal,paper_mill
10.1155/2022/7350489,image,internal,paper_mill
10.3892/mmr.2018.8599,image,internal,paper_mill
10.3389/fmolb.2020.603701,image,internal,paper_mill
10.1155/2021/4896106,image,internal,paper_mill
10.1042/bsr20160578,image,internal,paper_mill
10.2147/cmar.s291778,image,internal,paper_mill
10.1155/2021/2281327,image,internal,paper_mill
10.3892/mmr.2015.4728,image,internal,paper_mill
10.1042/bsr20171607,image,internal,paper_mill
10.1002/2211-5463.12142,image,internal,paper_mill
10.1155/2014/837543,image,internal,paper_mill
10.1155/2022/8223336,image,internal,paper_mill
10.2147/cmar.s267665,image,internal,paper_mill
10.1038/s41419-020-03123-3,image,internal,paper_mill
10.1155/2021/5888432,image,internal,paper_mill
10.1155/2021/3533608,image,internal,paper_mill
10.1155/2022/7595230,image,internal,paper_mill
10.1155/2022/7911801,image,internal,paper_mill
10.1042/bsr20160521,image,internal,paper_mill
10.3892/ol.2018.8636,image,internal,paper_mill
10.3892/or.2016.5242,image,internal,paper_mill
10.1155/2022/7799812,image,internal,paper_mill
10.1155/2022/2227629,image,internal,paper_mill
10.3892/ol.2021.12988,image,internal,paper_mill
10.1155/2023/2334675,image,internal,paper_mill
10.1155/2022/5159009,image,internal,paper_mill
10.1155/2022/9491454,image,internal,paper_mill
10.1155/2022/2587120,image,internal,paper_mill
10.3892/ol.2017.6433,image,internal,paper_mill
10.1155/2022/3268773,image,internal,paper_mill
10.3892/or.2017.5505,image,internal,paper_mill
10.2147/ott.s278582,image,internal,paper_mill
10.1155/2021/9664195,image,internal,paper_mill
10.3892/ijmm.2011.784,image,internal,paper_mill
10.1155/2023/2507683,image,internal,paper_mill
10.1002/cam4.1951,image,internal,paper_mill
10.1155/2022/5450575,image,internal,paper_mill
10.2147/cmar.s308071,image,internal,paper_mill
10.1155/2021/3171547,image,internal,paper_mill
10.1155/2022/8129771,image,internal,paper_mill
10.1155/2022/2842066,image,internal,paper_mill
10.1177/1559325820918450,image,internal,paper_mill
10.1016/j.omtn.2019.08.010,image,internal,paper_mill
10.3892/etm.2021.9885,image,internal,paper_mill
10.1177/2058738419857550,image,internal,paper_mill
10.18632/aging.102167,image,internal,paper_mill
10.1186/s13578-019-0290-2,image,internal,paper_mill
10.3892/or.2017.5997,image,internal,paper_mill
10.1155/2021/1382061,image,internal,paper_mill
10.1155/2022/9168441,image,internal,paper_mill
10.3892/ijmm.2018.3531,image,internal,paper_mill
10.1155/2022/1254367,image,internal,paper_mill
10.1155/2021/2577113,image,internal,paper_mill
10.1155/2022/2525433,image,internal,paper_mill
10.1155/2022/3478861,image,internal,paper_mill
10.2147/cmar.s282625,image,internal,paper_mill
10.1155/2022/2197071,image,internal,paper_mill
10.2147/ott.s268678,image,internal,paper_mill
10.1155/2022/1854473,image,internal,paper_mill
10.18632/aging.102628,image,internal,paper_mill
10.1155/2021/8985721,image,internal,paper_mill
10.1155/2022/2864170,image,internal,paper_mill
10.3892/ijmm.2020.4760,image,internal,paper_mill
10.1155/2022/6879035,image,internal,paper_mill
10.1002/2211-5463.12139,image,internal,paper_mill
10.1155/2022/6333282,image,internal,paper_mill
10.18632/aging.103482,image,internal,paper_mill
10.1155/2023/5552798,image,internal,paper_mill
10.3892/ijmm.2016.2754,image,internal,paper_mill
10.3892/etm.2020.9548,image,internal,paper_mill
10.1155/2022/7676541,image,internal,paper_mill
10.2147/ott.s279798,image,internal,paper_mill
10.1155/2022/9139338,image,internal,paper_mill
10.1155/2022/9223954,image,internal,paper_mill
10.1177/0300060518817171,image,internal,paper_mill
10.1155/2022/2832739,image,internal,paper_mill
10.2147/ott.s249392,image,internal,paper_mill
10.1155/2022/9268206,image,internal,paper_mill
10.1155/2022/3924400,image,internal,paper_mill
10.1155/2021/3334065,image,internal,paper_mill
10.1155/2021/9977001,image,internal,paper_mill
10.3892/or.2014.3657,image,internal,paper_mill
10.1155/2023/1742891,image,internal,paper_mill
10.1155/2021/9968691,image,internal,paper_mill
10.1155/2021/6241469,image,internal,paper_mill
10.1155/2022/1941077,image,internal,paper_mill
10.1155/2022/7806659,image,internal,paper_mill
10.1155/2022/5472446,image,internal,paper_mill
10.1002/jcla.23193,image,internal,paper_mill
10.1155/2022/9076175,image,internal,paper_mill
10.1155/2021/5230666,image,internal,paper_mill
10.1042/bsr20170710,image,internal,paper_mill
10.1155/2022/6589651,image,internal,paper_mill
10.1155/2022/8371885,image,internal,paper_mill
10.1042/bsr20150258,image,internal,paper_mill
10.1186/s13046-018-0845-9,image,internal,paper_mill
10.3892/ijmm.2019.4429,image,internal,paper_mill
10.1155/2022/9605439,image,internal,paper_mill
10.1155/2022/3158956,image,internal,paper_mill
10.1155/2022/6600278,image,internal,paper_mill
10.1371/journal.pone.0249375,image,internal,paper_mill
10.1155/2022/8363850,image,internal,paper_mill
10.3892/etm.2018.5918,image,internal,paper_mill
10.1155/2022/4591982,image,internal,paper_mill
10.1155/2022/5509129,image,internal,paper_mill
10.1155/2021/2673013,image,internal,paper_mill
10.1155/2021/8023490,image,internal,paper_mill
10.1155/2022/5262189,image,internal,paper_mill
10.1155/2021/5212721,image,internal,paper_mill
10.1155/2022/3197402,image,internal,paper_mill
10.1155/2022/7676582,image,internal,paper_mill
10.1155/2021/4171019,image,internal,paper_mill
10.1155/2021/9350677,image,internal,paper_mill
10.1155/2021/4022312,image,internal,paper_mill
10.1155/2021/5513886,image,internal,paper_mill
10.1042/bsr20200485,image,internal,paper_mill
10.1111/jcmm.15162,image,internal,paper_mill
10.3892/ol.2021.12790,image,internal,paper_mill
10.1155/2022/4119912,image,internal,paper_mill
10.1155/2022/6044676,image,internal,paper_mill
10.3892/mmr.2017.7664,image,internal,paper_mill
10.3892/or.2015.3895,image,internal,paper_mill
10.1155/2022/1755460,image,internal,paper_mill
10.1155/2022/5811219,image,internal,paper_mill
10.1155/2022/4774195,image,internal,paper_mill
10.1155/2022/6904769,image,internal,paper_mill
10.1155/2022/4321466,image,internal,paper_mill
10.1155/2022/9380283,image,internal,paper_mill
10.1155/2021/6628682,image,internal,paper_mill
10.3892/or.2017.5810,image,internal,paper_mill
10.3892/etm.2017.4608,image,internal,paper_mill
10.1155/2022/1084853,image,internal,paper_mill
10.1155/2022/2513263,image,internal,paper_mill
10.1155/2022/2629509,image,internal,paper_mill
10.1155/2023/3370440,image,internal,paper_mill
10.1155/2021/1951364,image,internal,paper_mill
10.3389/fchem.2022.928047,image,internal,paper_mill
10.1371/journal.pone.0114585,image,internal,paper_mill
10.1155/2022/5642529,image,internal,paper_mill
10.1155/2022/1893351,image,internal,paper_mill
10.3892/etm.2018.6537,image,internal,paper_mill
10.1155/2021/4242646,image,internal,paper_mill
10.1155/2021/8814843,image,internal,paper_mill
10.1177/2058738419872624,image,internal,paper_mill
10.1155/2020/8209504,image,internal,paper_mill
10.1155/2022/6989583,image,internal,paper_mill
10.1042/bsr20190421,image,internal,paper_mill
10.1155/2022/5178122,image,internal,paper_mill
10.1155/2022/9112587,image,internal,paper_mill
10.1155/2022/9266178,image,internal,paper_mill
10.2147/cmar.s345618,image,internal,paper_mill
10.1155/2022/3714422,image,internal,paper_mill
10.1155/2022/4667117,image,internal,paper_mill
10.1002/cam4.2808,image,internal,paper_mill
10.1155/2021/6656080,image,internal,paper_mill
10.1155/2022/4767621,image,internal,paper_mill
10.1155/2022/6833078,image,internal,paper_mill
10.2147/ott.s202309,image,internal,paper_mill
10.1155/2021/8853269,image,internal,paper_mill
10.1155/2022/6771005,image,internal,paper_mill
10.1155/2022/9764770,image,internal,paper_mill
10.1177/1533033819852990,image,internal,paper_mill
10.1155/2023/2986379,image,internal,paper_mill
10.1155/2022/2988159,image,internal,paper_mill
10.3892/or.2020.7905,image,internal,paper_mill
10.18632/aging.102157,image,internal,paper_mill
10.1155/2022/3577312,image,internal,paper_mill
10.3892/mmr.2017.8145,image,internal,paper_mill
10.2147/ott.s248338,image,internal,paper_mill
10.1155/2022/6446680,image,internal,paper_mill
10.1155/2022/4640849,image,internal,paper_mill
10.3892/or.2018.6624,image,internal,paper_mill
10.3892/ijmm.2014.1822,image,internal,paper_mill
10.3892/ol.2019.10561,image,internal,paper_mill
10.2147/cmar.s264681,image,internal,paper_mill
10.3892/or.2017.6130,image,internal,paper_mill
10.2147/ott.s219440,image,internal,paper_mill
10.1155/2021/8619251,image,internal,paper_mill
10.4143/crt.2017.537,image,internal,paper_mill
10.1155/2022/6099872,image,internal,paper_mill
10.1155/2022/6120337,image,internal,paper_mill
10.1155/2023/7550317,image,internal,paper_mill
10.1155/2022/6841334,image,internal,paper_mill
10.1155/2021/2840043,image,internal,paper_mill
10.3892/mmr.2015.4163,image,internal,paper_mill
10.18632/oncotarget.13747,image,internal,paper_mill
10.3892/etm.2017.4655,image,internal,paper_mill
10.1155/2022/3718317,image,internal,paper_mill
10.3892/mmr.2017.6995,image,internal,paper_mill
10.2147/ott.s225661,image,internal,paper_mill
10.18632/aging.103043,image,internal,paper_mill
10.3892/ijo.2018.4637,image,internal,paper_mill
10.3892/mmr.2015.3683,image,internal,paper_mill
10.1155/2021/7074343,image,internal,paper_mill
10.1042/bsr20182489,image,internal,paper_mill
10.1155/2022/7979523,image,internal,paper_mill
10.1039/c9ra07880k,image,internal,paper_mill
10.1038/s41419-020-03266-3,image,internal,paper_mill
10.1155/2022/5908402,image,internal,paper_mill
10.1186/s12935-019-0812-3,image,internal,paper_mill
10.1155/2020/1203938,image,internal,paper_mill
10.1155/2021/6653747,image,internal,paper_mill
10.5114/aoms.2019.83512,image,internal,paper_mill
10.1155/2021/2252705,image,internal,paper_mill
10.3892/ijmm.2019.4183,image,internal,paper_mill
10.1042/bsr20160048,image,internal,paper_mill
10.1155/2022/4629178,image,internal,paper_mill
10.1155/2022/2318101,image,internal,paper_mill
10.3892/mmr.2017.7758,image,internal,paper_mill
10.1186/s12885-019-5425-7,image,internal,paper_mill
10.1155/2021/6835963,image,internal,paper_mill
10.3892/ijo.2015.2929,image,internal,paper_mill
10.1155/2022/8430276,image,internal,paper_mill
10.3892/mmr.2017.8173,image,internal,paper_mill
10.3892/or.2012.1788,image,internal,paper_mill
10.1155/2021/6627562,image,internal,paper_mill
10.3892/ijmm.2019.4203,image,internal,paper_mill
10.1155/2021/2464269,image,internal,paper_mill
10.1155/2022/4609625,image,internal,paper_mill
10.1155/2022/6124374,image,internal,paper_mill
10.1155/2022/9559496,image,internal,paper_mill
10.1155/2022/1193075,image,internal,paper_mill
10.18632/aging.103036,image,internal,paper_mill
10.1155/2022/5358030,image,internal,paper_mill
10.3892/etm.2019.7990,image,internal,paper_mill
10.1155/2022/9694425,image,internal,paper_mill
10.3892/ol.2018.9335,image,internal,paper_mill
10.1155/2021/5514669,image,internal,paper_mill
10.1590/1414-431x202010222,image,internal,paper_mill
10.3892/ol.2018.8584,image,internal,control
10.1093/nar/gkv024,image,internal,control
10.1186/1476-4598-12-26,image,internal,control
10.1038/s41591-019-0582-4,image,internal,control
10.1038/onc.2013.18,image,internal,control
10.1038/s41591-024-03215-z,image,internal,control
10.1136/bmjopen-2024-083895,image,internal,control
10.1001/jamanetworkopen.2022.2530,image,internal,control
10.1177/11795549221086578,image,internal,control
10.1038/sj.bjc.6602581,image,internal,control
10.1002/msb.145122,image,internal,control
10.1186/s13148-018-0533-9,image,internal,control
10.1038/emboj.2008.196,image,internal,control
10.1186/1477-5751-13-3,image,internal,control
10.1038/s41388-019-0747-0,image,internal,control
10.1016/j.ccell.2020.06.005,image,internal,control
10.1530/erc-22-0247,image,internal,control
10.2147/jhc.s159693,image,internal,control
10.1007/s00520-021-06517-x,image,internal,control
10.1186/s12943-015-0449-3,image,internal,control
10.3892/ijo.2013.2203,image,internal,control
10.1186/s12929-019-0522-0,image,internal,control
10.1016/j.ccell.2016.04.014,image,internal,control
10.1371/journal.pone.0039445,image,internal,control
10.3390/ijms21082947,image,internal,control
10.3389/fonc.2014.00062,image,internal,control
10.1038/onc.2009.463,image,internal,control
10.1038/s41388-024-03054-9,image,internal,control
10.1038/s41388-023-02835-y,image,internal,control
10.1038/onc.2011.496,image,internal,control
10.3390/cells10071684,image,internal,control
10.1038/s41591-018-0022-x,image,internal,control
10.1038/onc.2014.436,image,internal,control
10.1038/onc.2010.560,image,internal,control
10.1155/2009/285830,image,internal,control
10.15252/embj.2022111620,image,internal,control
10.1186/s13014-015-0562-x,image,internal,control
10.1371/journal.pone.0015313,image,internal,control
10.1038/onc.2015.246,image,internal,control
10.1038/s41388-023-02781-9,image,internal,control
10.1038/s41388-020-01466-x,image,internal,control
10.3892/ijo.2016.3387,image,internal,control
10.1038/onc.2016.279,image,internal,control
10.18632/oncotarget.4216,image,internal,control
10.1038/onc.2011.504,image,internal,control
10.1038/onc.2010.586,image,internal,control
10.1038/onc.2013.271,image,internal,control
10.1186/1471-2407-7-21,image,internal,control
10.1016/j.molcel.2017.09.024,image,internal,control
10.1038/nm.4321,image,internal,control
10.1038/s41388-021-01787-5,image,internal,control
10.4161/adip.23016,image,internal,control
10.1080/1354750x.2023.2168063,image,internal,control
10.1038/s41388-018-0628-y,image,internal,control
10.1038/onc.2016.323,image,internal,control
10.1038/bjc.2012.220,image,internal,control
10.1248/cpb.59.266,image,internal,control
10.5387/fms.2015-6,image,internal,control
10.1016/j.ccr.2014.01.021,image,internal,control
10.1016/j.cell.2018.12.038,image,internal,control
10.1038/s41388-022-02263-4,image,internal,control
10.1038/sj.bjc.6603487,image,internal,control
10.1038/s41598-017-04952-7,image,internal,control
10.1038/s41598-019-52915-x,image,internal,control
10.1186/s40880-018-0295-y,image,internal,control
10.1038/s41388-023-02705-7,image,internal,control
10.1038/cddis.2014.468,image,internal,control
10.1038/s41591-022-01720-7,image,internal,control
10.1371/journal.pone.0122856,image,internal,control
10.1371/journal.pone.0031864,image,internal,control
10.1038/onc.2013.562,image,internal,control
10.1136/bmjopen-2019-034351,image,internal,control
10.1038/onc.2017.46,image,internal,control
10.3390/biomedicines9050506,image,internal,control
10.7150/ijbs.7.74,image,internal,control
10.1038/onc.2012.231,image,internal,control
10.1038/emboj.2010.358,image,internal,control
10.1186/s12929-019-0602-1,image,internal,control
10.3390/molecules170910916,image,internal,control
10.1097/igc.0000000000000384,image,internal,control
10.1038/cddis.2017.459,image,internal,control
10.1038/onc.2010.314,image,internal,control
10.1186/s12871-023-01988-3,image,internal,control
10.1016/j.cell.2020.09.005,image,internal,control
10.1172/jci200112346,image,internal,control
10.1038/onc.2016.104,image,internal,control
10.1016/j.neo.2020.06.007,image,internal,control
10.1038/s41525-018-0051-x,image,internal,control
10.1038/s41388-018-0228-x,image,internal,control
10.1038/s41375-018-0113-1,image,internal,control
10.1155/2014/351959,image,internal,control
10.1038/s41388-020-1318-0,image,internal,control
10.1016/j.breast.2020.02.007,image,internal,control
10.15252/embj.201899735,image,internal,control
10.3390/cancers12010056,image,internal,control
10.2337/dc10-1640,image,internal,control
10.1186/s12929-023-00956-w,image,internal,control
10.1093/narcan/zcab026,image,internal,control
10.1371/journal.pone.0070839,image,internal,control
10.1007/s00330-012-2687-8,image,internal,control
10.1038/onc.2014.185,image,internal,control
10.1186/s13075-014-0449-5,image,internal,control
10.1080/02813432.2021.2004734,image,internal,control
10.1038/s41388-022-02475-8,image,internal,control
10.1038/s41598-021-92347-0,image,internal,control
10.1038/s41591-024-02929-4,image,internal,control
10.18632/oncotarget.3482,image,internal,control
10.1038/ncomms5697,image,internal,control
10.1038/s41388-023-02704-8,image,internal,control
10.1186/s13045-016-0334-6,image,internal,control
10.1038/onc.2016.398,image,internal,control
10.1038/s44318-024-00099-0,image,internal,control
10.1186/s12885-019-6485-4,image,internal,control
10.1038/onc.2014.282,image,internal,control
10.1038/s41388-018-0531-6,image,internal,control
10.1371/journal.pone.0117323,image,internal,control
10.1038/srep32851,image,internal,control
10.2967/jnumed.110.082370,image,internal,control
10.1016/j.tranon.2020.100793,image,internal,control
10.3390/genes13050902,image,internal,control
10.3390/ijms19124123,image,internal,control
10.1038/onc.2015.112,image,internal,control
10.1038/s41388-020-1196-5,image,internal,control
10.1002/pon.6074,image,internal,control
10.1038/s41388-022-02386-8,image,internal,control
10.3390/ijms222111492,image,internal,control
10.1038/cgt.2010.38,image,internal,control
10.1016/j.cell.2018.01.004,image,internal,control
10.1038/onc.2016.308,image,internal,control
10.1038/s41591-022-01694-6,image,internal,control
10.1186/s13048-020-00625-8,image,internal,control
10.1016/j.ccr.2013.05.014,image,internal,control
10.3389/fped.2021.764679,image,internal,control
10.1038/s41598-023-31484-0,image,internal,control
10.1007/s10151-017-1637-5,image,internal,control
10.1371/journal.pone.0021428,image,internal,control
10.1002/bco2.190,image,internal,control
10.1002/ueg2.12204,image,internal,control
10.7150/thno.24173,image,internal,control
10.1038/bjc.2011.361,image,internal,control
10.1186/bcr2788,image,internal,control
10.1186/1748-717x-7-181,image,internal,control
10.1002/bjs5.50324,image,internal,control
10.1155/2013/590393,image,internal,control
10.15252/embj.201693929,image,internal,control
10.1007/s10120-022-01326-5,image,internal,control
10.1186/s12929-017-0347-7,image,internal,control
10.1002/acm2.14044,image,internal,control
10.15252/embj.2021108599,image,internal,control
10.1016/j.ccell.2024.09.009,image,internal,control
10.1016/j.euros.2022.04.013,image,internal,control
10.1371/journal.pone.0039777,image,internal,control
10.1038/onc.2012.404,image,internal,control
10.1016/j.cell.2022.09.005,image,internal,control
10.1055/s-0037-1606182,image,internal,control
10.1111/j.1582-4934.2009.00669.x,image,internal,control
10.1042/bsr20182436,image,internal,control
10.1186/s12929-017-0327-y,image,internal,control
10.3892/or.2011.1360,image,internal,control
10.1038/onc.2010.605,image,internal,control
10.1186/bcr3457,image,internal,control
10.1186/s12903-024-04466-5,image,internal,control
10.1016/j.ccell.2015.12.002,image,internal,control
10.21037/tau-22-78,image,internal,control
10.1038/onc.2011.243,image,internal,control
10.1038/onc.2016.58,image,internal,control
10.1186/1472-6793-1-1,image,internal,control
10.1186/bcr3242,image,internal,control
10.1038/ncomms3175,image,internal,control
10.1038/onc.2014.271,image,internal,control
10.1186/s13058-024-01840-7,image,internal,control
10.1007/s11239-016-1411-y,image,internal,control
10.1007/s00280-024-04735-8,image,internal,control
10.1371/journal.pone.0171853,image,internal,control
10.1038/s41388-019-0760-3,image,internal,control
10.1038/s41388-018-0265-5,image,internal,control
10.1016/j.ccell.2019.12.012,image,internal,control
10.1038/bcj.2015.59,image,internal,control
10.1038/bjc.2012.595,image,internal,control
10.3892/ijo.2017.3866,image,internal,control
10.1371/journal.pone.0119647,image,internal,control
10.3390/diagnostics12051031,image,internal,control
10.18632/oncotarget.7027,image,internal,control
10.18632/oncotarget.19563,image,internal,control
10.2147/ott.s70922,image,internal,control
10.7150/jca.29765,image,internal,control
10.1186/s13073-021-00956-1,image,internal,control
10.1038/onc.2013.493,image,internal,control
10.1002/nbm.3504,image,internal,control
10.1038/s41388-023-02927-9,image,internal,control
10.1007/s00330-022-08945-7,image,internal,control
10.1371/journal.pone.0186852,image,internal,control
10.1097/md.0000000000003268,image,internal,control
10.1038/bjc.2014.612,image,internal,control
10.1038/onc.2016.218,image,internal,control
10.1186/s12943-018-0777-1,image,internal,control
10.1038/s41525-021-00250-4,image,internal,control
10.1038/s41388-017-0024-z,image,internal,control
10.1186/1472-6882-12-201,image,internal,control
10.1038/onc.2016.458,image,internal,control
10.1038/sj.bjc.6601007,image,internal,control
10.1038/s41598-021-81914-0,image,internal,control
10.1371/journal.pone.0057968,image,internal,control
10.1186/1472-6831-14-99,image,internal,control
10.1002/psp4.13003,image,internal,control
10.1038/onc.2015.32,image,internal,control
10.1038/onc.2015.497,image,internal,control
10.1186/1472-6882-12-22,image,internal,control
10.3390/cells9061419,image,internal,control
10.1038/onc.2011.113,image,internal,control
10.1155/2013/413783,image,internal,control
10.1055/s-0031-1291523,image,internal,control
10.3892/or.16.5.981,image,internal,control
10.1007/s10549-004-2230-y,image,internal,control
10.3390/antiox8110557,image,internal,control
10.4161/cc.29339,image,internal,control
10.18632/oncotarget.24059,image,internal,control
10.1016/j.molcel.2022.02.007,image,internal,control
10.1038/s41388-020-01432-7,image,internal,control
10.1016/j.esmoop.2024.103475,image,internal,control
10.1371/journal.pone.0219206,image,internal,control
10.1136/jclinpath-2015-202888,image,internal,control
10.1038/s41388-020-01539-x,image,internal,control
10.1245/s10434-023-13964-9,image,internal,control
10.1016/j.ccr.2011.11.017,image,internal,control
10.1038/s41388-022-02290-1,image,internal,control
10.1186/s12885-022-09480-w,image,internal,control
10.1038/s41388-019-0940-1,image,internal,control
10.1038/s41388-019-0700-2,image,internal,control
10.3389/fonc.2022.870863,image,internal,control
10.15252/embj.2023114986,image,internal,control
10.1371/journal.pone.0302813,image,internal,control
10.1038/bjc.2013.215,image,internal,control
10.1038/s41388-018-0162-y,image,internal,control
10.18632/oncotarget.4364,image,internal,control
10.1186/s12929-019-0610-1,image,internal,control
10.1038/s41388-020-01578-4,image,internal,control
10.38212/2224-6614.3090,image,internal,control
10.1038/onc.2009.31,image,internal,control
10.1038/nm.4372,image,internal,control
10.1038/s41698-024-00712-9,image,internal,control
10.1038/s41388-023-02773-9,image,internal,control
10.3390/cancers16081539,image,internal,control
10.1038/onc.2016.161,image,internal,control
10.1038/bjc.2011.112,image,internal,control
10.1038/onc.2015.91,image,internal,control
10.3390/md21120636,image,internal,control
10.3390/ijms24043830,image,internal,control
10.1038/s41419-022-05512-2,image,internal,control
10.3109/0284186x.2014.923934,image,internal,control
10.1038/s41598-020-79375-y,image,internal,control
10.1371/journal.pone.0158839,image,internal,control
10.1007/s00520-022-06987-7,image,internal,control
10.3390/ijms18071353,image,internal,control
10.1038/onc.2011.361,image,internal,control
10.1038/s41388-022-02574-6,image,internal,control
10.1002/cam4.187,image,internal,control
10.1038/s41598-019-52914-y,image,internal,control
10.1186/s13058-017-0911-9,image,internal,control
10.18632/oncotarget.1815,image,internal,control
10.1038/sj.bjc.6690151,image,internal,control
10.15252/embj.2022111961,image,internal,control
10.1097/md.0000000000017537,image,internal,control
10.1007/s10585-024-10278-2,image,internal,control
10.1038/onc.2017.35,image,internal,control
10.1186/1471-2458-9-178,image,internal,control
10.1002/1878-0261.13262,image,internal,control
10.1186/s13058-023-01712-6,image,internal,control
10.1371/journal.pone.0180844,image,internal,control
10.1038/s41388-024-03231-w,image,internal,control
10.1371/journal.pone.0066128,image,internal,control
10.1371/journal.pone.0113278,image,internal,control
10.1186/s13045-018-0557-9,image,internal,control
10.1038/s41388-022-02289-8,image,internal,control
10.1245/s10434-015-4675-0,image,internal,control
10.1177/2050312117727444,image,internal,control
10.3390/ijms22041931,image,internal,control
10.1038/s41416-022-02063-3,image,internal,control
10.1038/cddiscovery.2016.81,image,internal,control
10.1038/s41388-018-0553-0,image,internal,control
10.1016/j.ccr.2007.11.014,image,internal,control
10.1007/s12020-019-02035-3,image,internal,control
10.1038/s41388-019-0920-5,image,internal,control
10.1038/sj.bjc.6605058,image,internal,control
10.3892/ol.2019.10224,image,internal,control
10.1038/s41388-023-02925-x,image,internal,control
10.1038/nm.3562,image,internal,control
10.1177/02841851211058929,image,internal,control
10.1186/1748-717x-7-165,image,internal,control
10.2147/ndt.s103203,image,internal,control
10.1038/s41388-024-03166-2,image,internal,control
10.1038/s41591-022-01731-4,image,internal,control
10.1038/s41388-020-01524-4,image,internal,control
10.3892/ijo_00000686,image,internal,control
10.1371/journal.pone.0012724,image,internal,control
10.1016/j.redox.2015.08.008,image,internal,control
10.1007/s10549-024-07564-8,image,internal,control
10.1016/j.cell.2018.03.057,image,internal,control
10.1155/2012/578285,image,internal,control
10.1038/onc.2016.198,image,internal,control
10.1038/s41388-019-0843-1,image,internal,control
10.1007/s00330-023-10369-w,image,internal,control
10.1371/journal.pone.0126547,image,internal,control
10.1038/onc.2012.552,image,internal,control
10.1038/onc.2011.187,image,internal,control
10.1038/onc.2011.539,image,internal,control
10.1038/onc.2013.57,image,internal,control
10.1186/s12957-014-0429-x,image,internal,control
10.1038/s41388-021-01982-4,image,internal,control
10.1038/onc.2011.5,image,internal,control
10.1186/s12957-021-02223-4,image,internal,control
10.1038/s44318-024-00309-9,image,internal,control
10.3892/ol.2020.11583,image,internal,control
10.1038/onc.2010.536,image,internal,control
10.1007/s00198-020-05611-w,image,internal,control
10.1186/s12885-015-1857-x,image,internal,control
10.1038/onc.2017.109,image,internal,control
10.1002/ijc.33902,image,internal,control
10.1186/s12929-020-0627-5,image,internal,control
10.1016/j.ccell.2021.06.009,image,internal,control
10.1038/sj.emboj.7601691,image,internal,control
10.1186/s13148-015-0139-4,image,internal,control
10.1111/j.1749-6632.2012.06743.x,image,internal,control
10.1038/onc.2012.620,image,internal,control
10.3390/cancers11020265,image,internal,control
10.1038/onc.2016.459,image,internal,control
10.1038/onc.2011.587,image,internal,control
10.1002/emmm.201201569,image,internal,control
10.1038/onc.2017.318,image,internal,control
10.1186/s12885-018-4021-6,image,internal,control
10.1007/s00384-014-1932-9,image,internal,control
10.2147/tcrm.s251668,image,internal,control
10.1038/s41698-024-00594-x,image,internal,control
10.1038/onc.2017.352,image,internal,control
10.1038/sj.bjc.6604964,image,internal,control
10.1038/onc.2016.257,image,internal,control
10.1007/s10552-009-9488-7,image,internal,control
10.1038/s41388-020-1195-6,image,internal,control
10.1002/1878-0261.12410,image,internal,control
10.3389/fonc.2022.1091847,image,internal,control
10.1002/adhm.202301137,image,internal,control
10.4236/psych.2017.811116,image,internal,control
10.1186/s12920-018-0329-y,image,internal,control
10.1038/onc.2011.431,image,internal,control
10.1038/onc.2010.385,image,internal,control
10.1186/s12885-016-2296-z,image,internal,control
10.1038/s41388-017-0043-9,image,internal,control
10.3390/ijms17060987,image,internal,control
10.1038/s41388-021-01688-7,image,internal,control
10.1186/s12885-019-5449-z,image,internal,control
10.1073/pnas.1710901115,image,internal,control
10.1016/j.ccell.2022.08.014,image,internal,control
10.1038/s41388-018-0439-1,image,internal,control
10.1016/j.cell.2021.05.021,image,internal,control
10.1038/ncomms11371,image,internal,control
10.1038/sj.bjc.6690766,image,internal,control
10.18632/oncotarget.12369,image,internal,control
10.1155/2013/541695,image,internal,control
10.3390/ijms13056236,image,internal,control
10.1038/onc.2015.473,image,internal,control
10.3390/molecules21050553,image,internal,control
10.3390/ijms22062989,image,internal,control
10.1002/bco2.474,image,internal,control
10.1186/s40064-016-2295-1,image,internal,control
10.1016/j.ccell.2023.12.007,image,internal,control
10.3892/ijo.2017.3844,image,internal,control
10.1371/journal.pone.0111499,image,internal,control
10.1001/jamainternmed.2021.7769,image,internal,control
10.1038/s41388-024-03098-x,image,internal,control
10.1200/jco.23.02747,image,internal,control
10.1186/s12905-017-0387-x,image,internal,control
10.1210/clinem/dgaa982,image,internal,control
10.1038/s41591-021-01553-w,image,internal,control
10.1038/onc.2009.116,image,internal,control
10.1371/journal.pone.0199038,image,internal,control
10.1186/s12885-019-5623-3,image,internal,control
10.1038/onc.2013.470,image,internal,control
10.1371/journal.pone.0224728,image,internal,control
10.1038/onc.2014.72,image,internal,control
10.1186/1471-2407-12-611,image,internal,control
10.1038/s41388-023-02776-6,image,internal,control
10.1186/s12885-023-11562-2,image,internal,control
10.1371/journal.pone.0023756,image,internal,control
10.1038/s41388-020-01584-6,image,internal,control
10.1038/onc.2016.75,image,internal,control
10.1038/s41598-017-18266-1,image,internal,control
10.1371/journal.pone.0047045,image,internal,control
10.18632/oncotarget.7119,image,internal,control
10.1038/s41388-021-02039-2,image,internal,control
10.1186/s40169-019-0234-9,image,internal,control
10.1186/1471-2407-8-98,image,internal,control
10.3389/fphar.2012.00151,image,internal,control
10.1038/s41388-020-01478-7,image,internal,control
10.1007/s00520-024-08736-4,image,internal,control
10.1186/s13046-019-1091-5,image,internal,control
10.1038/s41388-024-03080-7,image,internal,control
10.1186/s12885-016-2108-5,image,internal,control
10.1038/onc.2012.1,image,internal,control
10.1007/s00345-018-2252-4,image,internal,control
10.1245/s10434-015-4441-3,image,internal,control
10.1038/onc.2008.405,image,internal,control
10.1038/s41419-019-2016-0,image,internal,control
10.1038/s41388-023-02780-w,image,internal,control
10.1111/cas.14135,image,internal,control
10.1038/s41467-017-00493-9,image,internal,control
10.7150/ijms.20336,image,internal,control
10.1038/sj.bjc.6604913,image,internal,control
10.1038/s41598-017-18596-0,image,internal,control
10.18632/oncotarget.16914,image,internal,control
10.1038/onc.2010.277,image,internal,control
10.1093/fampra/cmac147,image,internal,control
10.1186/s12885-022-09384-9,image,internal,control
10.1016/j.cell.2016.08.041,image,internal,control
10.15252/embj.201591973,image,internal,control
10.15252/embj.2019103209,image,internal,control
10.1038/s41388-024-03228-5,image,internal,control
10.1002/cam4.1638,image,internal,control
10.1016/j.ccell.2020.05.008,image,internal,control
10.1186/1471-2164-15-300,image,internal,control
10.1097/md.0000000000001337,image,internal,control
10.1038/s41591-023-02758-x,image,internal,control
10.1038/s41388-018-0440-8,image,internal,control
10.1038/s41388-019-1111-0,image,internal,control
10.1038/onc.2014.3,image,internal,control
10.1038/sj.bjc.6600727,image,internal,control
10.1007/s00455-017-9814-2,image,internal,control
10.1371/journal.pone.0125343,image,internal,control
10.15252/embj.2022110620,image,internal,control
10.1371/journal.pone.0028053,image,internal,control
10.1016/j.ccell.2016.02.003,image,internal,control
10.1038/s41388-018-0635-z,image,internal,control
10.1186/1472-6890-14-38,image,internal,control
10.1186/s12929-020-00676-5,image,internal,control
10.1038/onc.2013.553,image,internal,control
10.1016/j.cell.2017.07.025,image,internal,control
10.15252/embj.201695553,image,internal,control
10.3390/cancers11060786,image,internal,control
10.1016/j.cell.2009.12.040,image,internal,control
10.18632/oncotarget.11445,image,internal,control
10.1016/j.omtn.2019.06.017,image,internal,control
10.18632/oncotarget.10374,image,internal,control
10.18632/oncotarget.3481,image,internal,control
10.18632/oncotarget.24594,image,internal,control
10.3389/fonc.2020.00268,image,internal,control
10.1097/md.0000000000015200,image,internal,control
10.3389/fcell.2020.576391,image,internal,control
10.1136/bmjopen-2013-004648,image,internal,control
10.1038/sj.bjc.6603961,image,internal,control
10.3390/molecules26165052,image,internal,control
10.1371/journal.pone.0287486,image,internal,control
10.1001/jamaoncol.2020.5957,image,internal,control
10.1002/ijc.34226,image,internal,control
10.1038/sj.bjc.6601985,image,internal,control
10.1016/j.ccell.2015.06.001,image,internal,control
10.1038/sj.bjc.6690710,image,internal,control
10.1038/s41416-021-01480-0,image,internal,control
10.1038/onc.2010.255,image,internal,control
10.2147/ijn.s148305,image,internal,control
10.1038/s41388-019-0728-3,image,internal,control
10.1371/journal.pone.0031286,image,internal,control
10.1002/ijc.33963,image,internal,control
10.1016/j.molcel.2021.03.019,image,internal,control
10.1186/1471-2407-13-408,image,internal,control
10.1126/sciadv.aax7945,image,internal,control
10.1186/s12575-018-0073-x,image,internal,control
10.1038/s41388-020-01429-2,image,internal,control
10.1038/s41388-021-01997-x,image,internal,control
10.1007/s11357-023-00783-9,image,internal,control
10.1038/nm.2020,image,internal,control
10.1017/s0007114511004934,image,internal,control
10.1002/jcsm.12440,image,internal,control
10.1038/sj.bjc.6690602,image,internal,control
10.1136/gutjnl-2020-322200,image,internal,control
10.1038/onc.2012.27,image,internal,control
10.1007/s00268-021-06426-4,image,internal,control
10.15252/embj.2019103009,image,internal,control
10.1038/s41436-020-01029-1,image,internal,control
10.1038/s41598-019-53509-3,image,internal,control
10.1002/advs.201700339,image,internal,control
10.1038/bjc.2014.195,image,internal,control
10.1016/j.molcel.2017.01.021,image,internal,control
10.1017/s1478951521000110,image,internal,control
10.1186/s12913-022-08719-3,image,internal,control
10.3389/fvets.2023.1143986,image,internal,control
10.1186/1423-0127-21-59,image,internal,control
10.1016/j.ccell.2019.08.003,image,internal,control
10.1177/1534735417716302,image,internal,control
10.1038/s41388-023-02706-6,image,internal,control
10.1186/s12929-017-0358-4,image,internal,control
10.1038/onc.2016.251,image,internal,control
10.1177/1178223418792247,image,internal,control
10.1136/bmjopen-2018-027816,image,internal,control
10.1200/jco.19.00457,image,internal,control
10.1038/emboj.2008.253,image,internal,control
10.7150/thno.32915,image,internal,control
10.1038/onc.2015.38,image,internal,control
10.1038/onc.2014.349,image,internal,control
10.1038/s41388-021-01724-6,image,internal,control
10.1038/s41388-020-1349-6,image,internal,control
10.1038/onc.2013.23,image,internal,control
10.1038/s41388-021-01684-x,image,internal,control
10.1038/onc.2015.26,image,internal,control
10.1186/s13045-020-00887-1,image,internal,control
10.3390/metabo12111095,image,internal,control
10.1186/1476-4598-9-100,image,internal,control
10.1016/j.ccell.2020.12.018,image,internal,control
10.1371/journal.pone.0078709,image,internal,control
10.3390/cancers13174288,image,internal,control
10.1371/journal.pone.0018087,image,internal,control
10.3390/cancers11101576,image,internal,control
10.1038/onc.2017.184,image,internal,control
10.3892/or.2013.2673,image,internal,control
10.1177/02841851221140668,image,internal,control
10.1186/s13046-023-02724-y,image,internal,control
10.1186/1476-4598-3-28,image,internal,control
10.1038/s41591-018-0091-x,image,internal,control
10.1038/onc.2010.329,image,internal,control
10.1186/s12885-016-2923-8,image,internal,control
10.1038/onc.2014.412,image,internal,control
10.1038/sj.bjc.6990333,image,internal,control
10.1016/j.ebiom.2017.06.018,image,internal,control
10.1016/j.molcel.2018.04.008,image,internal,control
10.1038/s41388-019-0885-4,image,internal,control
10.1007/s10689-014-9728-1,image,internal,control
10.1038/s41591-022-02170-x,image,internal,control
10.1371/journal.pone.0084815,image,internal,control
10.1016/j.jfda.2018.01.012,image,internal,control
10.1038/oncsis.2017.25,image,internal,control
10.1016/j.biomed.2012.03.003,image,internal,control
10.1002/cam4.602,image,internal,control
10.18632/oncotarget.2631,image,internal,control
10.1038/nm.2401,image,internal,control
10.1038/s41388-023-02844-x,image,internal,control
10.62347/asmt9261,image,internal,control
10.1038/s41388-020-01465-y,image,internal,control
10.1186/s13099-021-00403-x,image,internal,control
10.1200/jco.24.00144,image,internal,control
10.1186/s13058-024-01897-4,image,internal,control
10.1038/s41388-017-0042-x,image,internal,control
10.3390/cells8040295,image,internal,control
10.1038/onc.2012.260,image,internal,control
10.4236/jct.2021.126031,image,internal,control
10.1016/j.ccell.2018.02.011,image,internal,control
10.1186/1471-2407-14-210,image,internal,control
10.3390/ijms160510748,image,internal,control
10.1038/s41388-021-01914-2,image,internal,control
10.1038/s41388-019-1125-7,image,internal,control
10.1186/s12885-021-09007-9,image,internal,control
10.1080/2162402x.2020.1783046,image,internal,control
10.1038/onc.2010.224,image,internal,control
10.1038/bjc.2014.250,image,internal,control
10.3389/fphar.2024.1419806,image,internal,control
10.1016/j.cell.2020.07.017,image,internal,control
10.1038/onc.2015.117,image,internal,control
10.1038/s41388-021-02089-6,image,internal,control
10.1038/s41598-021-02391-z,image,internal,control
10.1038/onc.2015.302,image,internal,control
10.1002/cjp2.238,image,internal,control
10.4137/cgm.s11134,image,internal,control
10.1038/onc.2012.405,image,internal,control
10.1016/j.ccell.2023.08.004,image,internal,control
10.1038/s41388-021-01896-1,image,internal,control
10.3892/ijo.2011.1203,image,internal,control
10.5491/shaw.2012.3.3.166,image,internal,control
10.1186/s12885-016-2265-6,image,internal,control
10.1038/nm.2608,image,internal,control
10.1016/j.neo.2019.04.007,image,internal,control
10.1038/nm.4120,image,internal,control
10.1186/s12875-024-02669-x,image,internal,control
10.7150/thno.62521,image,internal,control
10.1038/sj.bjc.6690594,image,internal,control
10.1371/journal.pone.0061901,image,internal,control
10.1016/j.molcel.2014.01.029,image,internal,control
10.1155/2012/486568,image,internal,control
10.1186/s12985-021-01613-0,image,internal,control
10.1002/cam4.572,image,internal,control
10.1038/s41388-023-02676-9,image,internal,control
10.1186/s12885-016-2874-0,image,internal,control
10.1371/journal.pone.0076340,image,internal,control
10.1016/j.ccell.2017.03.007,image,internal,control
10.1097/md.0000000000001570,image,internal,control
10.2196/15780,image,internal,control
10.1038/s41388-017-0060-8,image,internal,control
10.1038/s41388-020-01595-3,image,internal,control
10.18632/oncotarget.15207,image,internal,control
10.1038/srep00785,image,internal,control
10.1038/onc.2011.657,image,internal,control
10.1038/onc.2016.90,image,internal,control
10.1136/bmjgast-2015-000063,image,internal,control
10.1186/s12957-021-02308-0,image,internal,control
10.1371/journal.pone.0016536,image,internal,control
10.1038/onc.2016.249,image,internal,control
10.1038/cddis.2014.545,image,internal,control
10.1038/onc.2008.225,image,internal,control
10.1038/onc.2016.389,image,internal,control
10.1038/s41388-019-1136-4,image,internal,control
10.1038/s41388-024-03135-9,image,internal,control
10.3390/ijms19041115,image,internal,control
10.1038/s41388-019-1093-y,image,internal,control
10.1038/bjc.2011.151,image,internal,control
10.1038/s41388-020-01399-5,image,internal,control
10.1186/1752-0509-5-99,image,internal,control
10.1172/jci42975,image,internal,control
10.3390/ijerph17020665,image,internal,control
10.1186/bcr3337,image,internal,control
10.1002/ijc.32195,image,internal,control
10.3126/jnpa.v26i1.6631,image,internal,control
10.1186/1471-2407-14-458,image,internal,control
10.3390/cancers14030525,image,internal,control
10.1038/s41591-024-03286-y,image,internal,control
10.3390/bioengineering11090909,image,internal,control
10.3892/or.2012.1899,image,internal,control
10.1038/s41591-024-03235-9,image,internal,control
10.1038/s41388-018-0292-2,image,internal,control
10.1038/s41388-018-0476-9,image,internal,control
10.1038/s41598-021-83102-6,image,internal,control
10.1055/s-0030-1249859,image,internal,control
10.1186/s13058-024-01812-x,image,internal,control
10.1038/s41419-021-04231-4,image,internal,control
10.1186/1471-2407-9-67,image,internal,control
10.1007/s00345-016-1952-x,image,internal,control
10.1038/onc.2011.480,image,internal,control
10.1186/1476-4598-5-62,image,internal,control
10.1186/2191-219x-1-18,image,internal,control
10.1038/s41388-020-01493-8,image,internal,control
10.1016/j.ccell.2020.03.001,image,internal,control
10.1038/s41419-017-0250-x,image,internal,control
10.1097/hs9.0000000000000785,image,internal,control
10.3390/cells11132035,image,internal,control
10.1038/s41388-018-0273-5,image,internal,control
10.1186/s12885-016-2918-5,image,internal,control
10.1038/s44318-024-00271-6,image,internal,control
10.1038/s41388-018-0532-5,image,internal,control
10.4061/2011/191274,image,internal,control
10.1186/s12943-019-0988-0,image,internal,control
10.1038/s41388-018-0304-2,image,internal,control
10.1016/j.tipsro.2021.07.001,image,internal,control
10.3389/fimmu.2020.01075,image,internal,control
10.3390/cancers12113110,image,internal,control
10.1038/onc.2014.336,image,internal,control
10.1007/s00428-020-02888-4,image,internal,control
10.15252/embj.201592409,image,internal,control
10.1038/s41388-019-0692-y,image,internal,control
10.3390/pharmaceutics14020304,image,internal,control
10.3390/ijms24087493,image,internal,control
10.1016/j.cell.2019.02.016,image,internal,control
10.5603/rpor.99673,image,internal,control
10.3390/cancers16122261,image,internal,control
10.1016/j.omto.2020.03.003,image,internal,control
10.1007/s00330-012-2669-x,image,internal,control
10.1093/jncics/pky067,image,internal,control
10.1038/onc.2015.94,image,internal,control
10.1371/journal.pone.0162740,image,internal,control
10.1038/sj.bjc.6601235,image,internal,control
10.1016/j.cell.2013.09.042,image,internal,control
10.1016/j.jpra.2024.10.014,image,internal,control
10.3390/cancers10080272,image,internal,control
10.1038/bjc.2011.40,image,internal,control
10.1186/s13046-018-0728-0,image,internal,control
10.1158/1078-0432.ccr-21-3032,image,internal,control
10.1016/j.jtocrr.2021.100270,image,internal,control
10.1038/onc.2014.469,image,internal,control
10.1038/sj.onc.1207378,image,internal,control
10.3390/cells9061331,image,internal,control
10.1038/onc.2011.486,image,internal,control
10.1002/pros.23885,image,internal,control
10.1245/s10434-017-5818-2,image,internal,control
10.1016/j.phro.2021.03.004,image,internal,control
10.1038/onc.2015.345,image,internal,control
10.1155/2013/302426,image,internal,control
10.1093/jncics/pkz072,image,internal,control
10.1038/onc.2014.280,image,internal,control
10.1016/j.ccell.2022.11.001,image,internal,control
10.1038/s41388-018-0375-0,image,internal,control
10.1186/1471-2458-11-804,image,internal,control
10.1038/s41388-023-02709-3,image,internal,control
10.1371/journal.pone.0101579,image,internal,control
10.1016/j.cell.2020.10.036,image,internal,control
10.1038/s41388-018-0435-5,image,internal,control
10.1371/journal.pone.0017193,image,internal,control
10.1038/s41388-020-01479-6,image,internal,control
10.1002/hep.29781,image,internal,control
10.1016/j.breast.2021.06.012,image,internal,control
10.1038/s41388-022-02179-z,image,internal,control
10.1038/onc.2016.25,image,internal,control
10.1038/onc.2015.288,image,internal,control
10.1038/s41388-021-01956-6,image,internal,control
10.3390/ijms21176220,image,internal,control
10.1016/j.ccell.2018.03.018,image,internal,control
10.1038/onc.2011.422,image,internal,control
10.1097/pgp.0000000000000612,image,internal,control
10.1371/journal.pone.0155242,image,internal,control
10.1038/s41591-023-02791-w,image,internal,control
10.1038/onc.2013.350,image,internal,control
10.1038/s41388-018-0221-4,image,internal,control
10.3892/ol.2022.13510,image,internal,control
10.1371/journal.pone.0012417,image,internal,control
10.1371/journal.pone.0161501,image,internal,control
10.4081/ejh.2014.2227,image,internal,control
10.1038/s41598-020-77322-5,image,internal,control
10.1038/s41388-018-0636-y,image,internal,control
10.3390/cancers13040692,image,internal,control
10.1186/1471-2407-11-20,image,internal,control
10.1186/s12874-018-0628-1,image,internal,control
10.1158/2767-9764.crc-21-0100,image,internal,control
10.1016/j.ccell.2019.05.013,image,internal,control
10.1136/jitc-2022-004779,image,internal,control
10.1371/journal.pone.0026539,image,internal,control
10.3390/ijms130810143,image,internal,control
10.1371/journal.pone.0191195,image,internal,control
10.1007/s00701-017-3311-0,image,internal,control
10.1186/1742-4682-11-21,image,internal,control
10.1038/sj.onc.1210062,image,internal,control
10.3390/cells8111318,image,internal,control
10.1038/s41388-023-02694-7,image,internal,control
10.1007/s10549-013-2677-9,image,internal,control
10.4103/2153-3539.175378,image,internal,control
10.1038/sj.bjc.6690755,image,internal,control
10.1136/gutjnl-2015-309675,image,internal,control
10.1186/s12885-023-11147-z,image,internal,control
10.1038/onc.2015.409,image,internal,control
10.1111/and.14410,image,internal,control
10.1186/s12902-016-0095-9,image,internal,control
10.1038/s44318-024-00188-0,image,internal,control
10.1038/onc.2015.252,image,internal,control
10.1080/02813432.2016.1183692,image,internal,control
10.1186/s12943-015-0301-9,image,internal,control
10.1038/ncomms15507,image,internal,control
10.1097/cej.0000000000000311,image,internal,control
10.1111/jdv.18436,image,internal,control
10.1001/jamanetworkopen.2020.11768,image,internal,control
10.1177/1534735417722224,image,internal,control
10.3390/jpm13091355,image,internal,control
10.1038/onc.2010.426,image,internal,control
10.1007/s00467-020-04546-y,image,internal,control
10.1038/onc.2010.361,image,internal,control
10.18632/oncotarget.9602,image,internal,control
10.1016/j.tranon.2017.04.012,image,internal,control
10.1038/s41388-018-0574-8,image,internal,control
10.1038/onc.2011.370,image,internal,control
10.1016/j.ccell.2021.07.001,image,internal,control
10.1038/s41598-017-02057-9,image,internal,control
10.1038/onc.2017.313,image,internal,control
10.1371/journal.pone.0037764,image,internal,control
10.1016/j.jaccao.2019.12.001,image,internal,control
10.1038/s41392-018-0021-x,image,internal,control
10.1038/s41598-021-94154-z,image,internal,control
10.3390/ijms18102025,image,internal,control
10.1038/s41388-021-02170-0,image,internal,control
10.1371/journal.pone.0189300,image,internal,control
10.1371/journal.pone.0189007,image,internal,control
10.1038/s41388-020-01515-5,image,internal,control
10.1038/s41388-019-0866-7,image,internal,control
10.1038/onc.2015.48,image,internal,control
10.1038/s41388-020-1214-7,image,internal,control
10.1038/s41416-018-0162-2,image,internal,control
10.1038/onc.2015.163,image,internal,control
10.1038/s41388-018-0652-y,image,internal,control
10.1038/onc.2009.402,image,internal,control
10.3892/or.17.6.1501,image,internal,control
10.1016/j.tranon.2016.12.007,image,internal,control
10.1038/onc.2014.207,image,internal,control
10.3390/jcm12031134,image,internal,control
10.7603/s40681-016-0015-3,image,internal,control
10.1038/s41467-024-47987-x,image,internal,control
10.18632/oncotarget.13006,image,internal,control
10.18632/oncotarget.3389,image,internal,control
10.1155/2018/5912394,image,internal,control
10.1016/j.ccell.2014.12.002,image,internal,control
10.1038/s41388-019-1137-3,image,internal,control
10.1038/s41388-020-01616-1,image,internal,control
10.1038/bjc.2016.312,image,internal,control
10.1038/s41388-018-0414-x,image,internal,control
10.1038/onc.2011.354,image,internal,control
10.1038/sj.onc.1208856,image,internal,control
10.1038/s41388-018-0557-9,image,internal,control
10.1038/onc.2012.425,image,internal,control
10.1371/journal.pone.0121398,image,internal,control
10.1038/onc.2017.305,image,internal,control
10.1038/sj.bjc.6602906,image,internal,control
10.1186/1476-4598-13-155,image,internal,control
10.1016/j.cell.2019.02.012,image,internal,control
10.1186/1471-2164-13-s1-s13,image,internal,control
10.1186/1471-2458-10-67,image,internal,control
10.3892/ijo.2014.2627,image,internal,control
10.1038/s41591-024-03244-8,image,internal,control
10.1038/bjc.2014.167,image,internal,control
10.1016/j.ccell.2023.07.010,image,internal,control
10.2147/cmar.s191653,image,internal,control
10.1186/s40880-018-0317-9,image,internal,control
10.1186/s12885-020-06986-z,image,internal,control
10.1038/s41591-022-01800-8,image,internal,control
10.1007/s10585-020-10028-0,image,internal,control
10.1038/sj.bjc.6690148,image,internal,control
10.1038/nm.4045,image,internal,control
10.1371/journal.pone.0142656,image,internal,control
10.1186/1471-230x-10-51,image,internal,control
10.1038/cddis.2013.204,image,internal,control
10.1371/journal.pone.0049605,image,internal,control
10.1021/jm500249n,image,internal,control
10.1186/s13058-023-01719-z,image,internal,control
10.1038/s41388-018-0286-0,image,internal,control
10.1038/onc.2010.17,image,internal,control
10.1038/s41388-021-01811-8,image,internal,control
10.1038/s41598-018-27739-w,image,internal,control
10.1038/s41388-018-0263-7,image,internal,control
10.18632/oncotarget.6700,image,internal,control
10.1038/onc.2011.518,image,internal,control
10.15252/embj.2020106123,image,internal,control
10.3390/antiox12010167,image,internal,control
10.3390/cancers12030767,image,internal,control
10.1186/s12929-015-0128-0,image,internal,control
10.1172/jci161084,image,internal,control
10.1186/s12904-016-0075-x,image,internal,control
10.18632/oncotarget.4250,image,internal,control
10.1186/1472-6882-13-46,image,internal,control
10.1038/srep23979,image,internal,control
10.1186/s12929-018-0483-8,image,internal,control
10.1371/journal.pone.0109610,image,internal,control
10.1038/s41591-024-02965-0,image,internal,control
10.1038/onc.2017.247,image,internal,control
10.1038/s41388-019-0893-4,image,internal,control
10.3390/ijms22179254,image,internal,control
10.1038/onc.2013.367,image,internal,control
10.1038/s41591-024-03077-5,image,internal,control
10.1002/1878-0261.13159,image,internal,control
10.3390/ijms222413386,image,internal,control
10.1038/onc.2013.515,image,internal,control
10.1136/jitc-2020-001657,image,internal,control
10.1038/onc.2012.159,image,internal,control
10.1186/1476-4598-13-172,image,internal,control
10.1117/1.jmi.12.s1.s13003,image,internal,control
10.1172/jci133525,image,internal,control
10.3390/ijms20174154,image,internal,control
10.1371/journal.pone.0179363,image,internal,control
10.1038/s41388-018-0188-1,image,internal,control
10.1038/s41388-022-02395-7,image,internal,control
10.1038/nm.3548,image,internal,control
10.1016/j.molmet.2020.101046,image,internal,control
10.1038/onc.2016.454,image,internal,control
10.1177/20584601241258675,image,internal,control
10.3390/cells11101639,image,internal,control
10.1038/s41591-023-02478-2,image,internal,control
10.3892/ol.2016.5287,image,internal,control
10.3390/jpm12081283,image,internal,control
10.3892/ijo_00000705,image,internal,control
10.1002/ijc.33242,image,internal,control
10.3389/fonc.2021.640490,image,internal,control
10.1038/onc.2009.468,image,internal,control
10.1016/j.ccell.2022.09.014,image,internal,control
10.1186/s12929-022-00869-0,image,internal,control
10.1038/s41388-024-03148-4,image,internal,control
10.1371/journal.pcbi.1008898,image,internal,control
10.3892/or_00000544,image,internal,control
10.2147/rru.s68477,image,internal,control
10.1038/onc.2014.318,image,internal,control
10.1038/s41388-021-01782-w,image,internal,control
10.1186/s13046-020-01756-y,image,internal,control
10.1186/2193-1801-3-141,image,internal,control
10.1038/onc.2011.154,image,internal,control
10.1371/journal.pmed.0030168,image,internal,control
10.2340/17453674.2022.2044,image,internal,control
10.1186/s12929-022-00878-z,image,internal,control
10.1186/bcr1140,image,internal,control
10.1038/s41388-019-0871-x,image,internal,control
10.1016/j.ccell.2023.02.002,image,internal,control
10.1038/s41388-024-03028-x,image,internal,control
10.1002/cam4.1135,image,internal,control
10.1093/jncics/pkad050,image,internal,control
10.1016/j.cell.2020.06.036,image,internal,control
10.1038/onc.2017.227,image,internal,control
10.1038/s41419-024-07067-w,image,internal,control
10.1038/s41598-018-31498-z,image,internal,control
10.15252/embj.2022112806,image,internal,control
10.1038/s41388-022-02221-0,image,internal,control
10.1038/s41388-018-0276-2,image,internal,control
10.1038/onc.2015.301,image,internal,control
10.1038/s41591-018-0230-4,image,internal,control
10.1038/s41388-021-01859-6,image,internal,control
10.3390/cancers14163933,image,internal,control
10.1038/onc.2013.48,image,internal,control
10.1080/23723556.2015.1026527,image,internal,control
10.1038/emboj.2010.129,image,internal,control
10.1016/j.adro.2019.11.007,image,internal,control
10.1093/gerona/glu222,image,internal,control
10.1038/s41591-019-0561-9,image,internal,control
10.4103/2152-7806.176138,image,internal,control
10.15252/embj.2021107680,image,internal,control
10.1007/s10549-016-3983-9,image,internal,control
10.1038/s41388-022-02291-0,image,internal,control
10.1371/journal.pone.0112839,image,internal,control
10.1038/s41388-020-01509-3,image,internal,control
10.3390/ijms17091530,image,internal,control
10.1093/annonc/mdq337,image,internal,control
10.3390/cancers14194665,image,internal,control
10.1016/j.isci.2022.105317,image,internal,control
10.3390/ph14010057,image,internal,control
10.1016/j.ccell.2023.09.008,image,internal,control
10.1371/journal.pone.0161007,image,internal,control
10.1038/s41388-020-01635-y,image,internal,control
10.1155/2012/891893,image,internal,control
10.1038/s41388-018-0137-z,image,internal,control
10.18632/oncotarget.2674,image,internal,control
10.1186/s12885-015-1592-3,image,internal,control
10.1038/onc.2012.528,image,internal,control
10.1111/jan.16308,image,internal,control
10.1155/2014/532161,image,internal,control
10.1016/j.tranon.2015.04.001,image,internal,control
10.1038/ncomms13867,image,internal,control
10.1111/jcmm.12001,image,internal,control
10.1186/s12885-018-4676-z,image,internal,control
10.18632/oncotarget.8433,image,internal,control
10.1038/onc.2016.342,image,internal,control
10.1016/j.ccell.2015.04.017,image,internal,control
10.1038/onc.2008.454,image,internal,control
10.1016/j.ccell.2023.06.006,image,internal,control
10.3389/fonc.2024.1399171,image,internal,control
10.1038/s41388-020-01636-x,image,internal,control
10.1084/jem.20141702,image,internal,control
10.1038/s41591-022-01937-6,image,internal,control
10.1002/ijc.28052,image,internal,control
10.1001/jamainternmed.2023.2442,image,internal,control
10.1038/onc.2013.398,image,internal,control
10.1016/j.ccell.2020.09.019,image,internal,control
10.1038/s41388-018-0411-0,image,internal,control
10.1371/journal.pmed.1003903,image,internal,control
10.1117/1.jmi.9.3.033503,image,internal,control
10.3389/fonc.2019.00060,image,internal,control
10.1186/1476-4598-5-20,image,internal,control
10.1038/srep20097,image,internal,control
10.1371/journal.pone.0074982,image,internal,control
10.3390/cancers12113477,image,internal,control
10.1371/journal.pone.0042766,image,internal,control
10.1038/s41388-020-01431-8,image,internal,control
10.1038/s41388-019-0895-2,image,internal,control
10.1038/s41591-023-02600-4,image,internal,control
10.3390/pharmaceutics10040193,image,internal,control
10.1038/s41598-019-45588-z,image,internal,control
10.1038/onc.2011.94,image,internal,control
10.1007/s00280-018-3690-9,image,internal,control
10.1186/1741-7015-6-6,image,internal,control
10.1038/onc.2009.337,image,internal,control
10.1038/s41591-023-02304-9,image,internal,control
10.4137/grsb.s562,image,internal,control
10.1038/sj.bjc.6604135,image,internal,control
10.1038/onc.2015.483,image,internal,control
10.1093/nar/gkw785,image,internal,control
10.1038/modpathol.2008.172,image,internal,control
10.1016/j.ccell.2022.12.009,image,internal,control
10.2967/jnumed.121.261993,image,internal,control
10.1186/s12916-015-0485-2,image,internal,control
10.1038/onc.2010.619,image,internal,control
10.3390/cancers13112631,image,internal,control
10.1186/s12935-014-0118-4,image,internal,control
10.1016/j.cell.2020.07.005,image,internal,control
10.1038/cddis.2013.420,image,internal,control
10.1038/onc.2008.389,image,internal,control
10.1038/s41388-020-01512-8,image,internal,control
10.7759/cureus.6553,image,internal,control
10.1002/1878-0261.12096,image,internal,control
10.25040/ntsh2023.02.18,image,internal,control
10.1007/s00405-010-1417-6,image,internal,control
10.1038/onc.2013.332,image,internal,control
10.3390/biomedicines9010069,image,internal,control
10.1111/cas.13697,image,internal,control
10.1016/j.cell.2023.05.028,image,internal,control
10.1038/bjc.2012.559,image,internal,control
10.3324/haematol.2016.152025,image,internal,control
10.1155/2015/768093,image,internal,control
10.1038/onc.2016.227,image,internal,control
10.1186/1748-717x-8-159,image,internal,control
10.1186/1476-4598-13-189,image,internal,control
10.1186/1471-2407-6-246,image,internal,control
10.1038/s41374-019-0336-4,image,internal,control
10.1038/s41598-021-88177-9,image,internal,control
10.1186/s13046-019-1247-3,image,internal,control
10.1016/j.molcel.2012.12.023,image,internal,control
10.1002/cam4.3691,image,internal,control
10.1186/s13046-021-02042-1,image,internal,control
10.1371/journal.pone.0005052,image,internal,control
10.1186/s12885-018-4568-2,image,internal,control
10.1038/bjc.2015.254,image,internal,control
10.3390/cancers11070899,image,internal,control
10.1038/s41388-018-0176-5,image,internal,control
10.1016/j.cell.2018.11.046,image,internal,control
10.1016/j.ymthe.2017.11.016,image,internal,control
10.1120/jacmp.v16i6.5673,image,internal,control
10.3389/fmicb.2018.00983,image,internal,control
10.1002/1878-0261.13083,image,internal,control
10.1038/s44318-024-00201-6,image,internal,control
10.1038/onc.2015.187,image,internal,control
10.1186/s12935-018-0625-9,image,internal,control
10.1186/bcr3080,image,internal,control
10.3390/jcm8070959,image,internal,control
10.1038/onc.2016.508,image,internal,control
10.1371/journal.pone.0108049,image,internal,control
10.15252/embj.2019101654,image,internal,control
10.3390/ijms18030636,image,internal,control
10.3390/cancers11060739,image,internal,control
10.15252/embj.2018100852,image,internal,control
10.1016/j.redox.2021.102124,image,internal,control
10.3390/cancers12010199,image,internal,control
10.1038/s41388-023-02901-5,image,internal,control
10.1038/onc.2017.171,image,internal,control
10.1038/s41388-019-1047-4,image,internal,control
10.1016/j.ccell.2023.12.021,image,internal,control
10.3390/ijms22062870,image,internal,control
10.1038/onc.2010.563,image,internal,control
10.3390/healthcare8030314,image,internal,control
10.1038/sj.bjc.6604033,image,internal,control
10.1038/s41388-019-0773-y,image,internal,control
10.18632/oncotarget.8629,image,internal,control
10.1016/j.cell.2023.07.004,image,internal,control
10.1038/onc.2014.362,image,internal,control
10.3390/biom11020263,image,internal,control
10.3390/cancers12010182,image,internal,control
10.1186/s12929-017-0343-y,image,internal,control
10.3390/cells9010027,image,internal,control
10.1186/1479-5876-7-16,image,internal,control
10.1038/s41388-023-02678-7,image,internal,control
10.1186/s12905-017-0469-9,image,internal,control
10.1016/j.redox.2012.10.001,image,internal,control
10.3389/fonc.2019.00129,image,internal,control
10.1186/s12885-019-5652-y,image,internal,control
10.2196/17084,image,internal,control
10.3390/cancers14040913,image,internal,control
10.1038/onc.2012.494,image,internal,control
10.1172/jci159181,image,internal,control
10.1038/s41591-022-01754-x,image,internal,control
10.1038/onc.2017.261,image,internal,control
10.1186/s12885-022-09315-8,image,internal,control
10.3892/ijo.28.5.1031,image,internal,control
10.1038/s41388-020-1293-5,image,internal,control
10.1038/onc.2014.94,image,internal,control
10.1186/s12929-022-00881-4,image,internal,control
10.1371/journal.pmed.1003178,image,internal,control
10.1186/bcr3423,image,internal,control
10.1038/s44318-024-00262-7,image,internal,control
10.7150/ijbs.85443,image,internal,control
10.1038/srep27540,image,internal,control
10.1038/s41591-018-0205-5,image,internal,control
10.1038/s44318-024-00040-5,image,internal,control
10.1371/journal.pone.0023452,image,internal,control
10.1016/j.ccr.2014.03.006,image,internal,control
10.1158/0008-5472.can-22-1159,image,internal,control
10.3389/fphar.2019.01226,image,internal,control
10.1038/onc.2017.264,image,internal,control
10.1016/j.ccell.2020.08.016,image,internal,control
10.18632/aging.203345,image,internal,control
10.1097/jom.0000000000000258,image,internal,control
10.1038/s41591-023-02568-1,image,internal,control
10.1038/s41419-020-2432-1,image,internal,control
10.1002/cncr.28669,image,internal,control
10.1038/s41388-019-0953-9,image,internal,control
10.1038/onc.2016.307,image,internal,control
10.1371/journal.pone.0308254,image,internal,control
10.3389/fonc.2019.00688,image,internal,control
10.1038/s41591-018-0115-6,image,internal,control
10.1016/j.ccell.2020.10.022,image,internal,control
10.1038/onc.2011.246,image,internal,control
10.1186/s12905-021-01242-3,image,internal,control
10.1186/s12885-016-2104-9,image,internal,control
10.1038/sj.bjc.6601498,image,internal,control
10.1038/onc.2013.521,image,internal,control
10.1038/nm.2377,image,internal,control
10.1038/s41419-018-0915-0,image,internal,control
10.1186/s12929-022-00888-x,image,internal,control
10.7717/peerj.1386,image,internal,control
10.1038/s41388-023-02813-4,image,internal,control
10.1038/onc.2016.123,image,internal,control
10.1038/s41388-019-0873-8,image,internal,control
10.3390/diagnostics12051064,image,internal,control
10.4236/ojn.2016.65038,image,internal,control
10.1186/s13014-015-0490-9,image,internal,control
10.3390/jcm8081160,image,internal,control
10.1371/journal.pone.0126390,image,internal,control
10.1038/onc.2013.589,image,internal,control
10.15252/embj.2021110553,image,internal,control
10.1038/s41388-021-01740-6,image,internal,control
10.1016/j.molcel.2019.05.036,image,internal,control
10.1038/s41388-024-03197-9,image,internal,control
10.1186/s13014-017-0829-5,image,internal,control
10.1038/s41598-022-16077-7,image,internal,control
10.1038/onc.2010.521,image,internal,control
10.7150/thno.22012,image,internal,control
10.3892/ijo.2011.1194,image,internal,control
10.3390/cancers14030746,image,internal,control
10.3390/cancers11040541,image,internal,control
10.1186/1476-4598-8-43,image,internal,control
10.1002/path.4886,image,internal,control
10.1038/s41388-021-01839-w,image,internal,control
10.15252/embj.2021108389,image,internal,control
10.15252/embj.2019102147,image,internal,control
10.1016/j.ccell.2024.10.015,image,internal,control
10.1038/s41388-019-0779-5,image,internal,control
10.1038/s41388-019-0702-0,image,internal,control
10.1093/aje/kwab216,image,internal,control
10.1038/s41420-020-0272-5,image,internal,control
10.1038/s41388-022-02312-y,image,internal,control
10.1038/s41388-020-01507-5,image,internal,control
10.1038/onc.2013.77,image,internal,control
10.1038/onc.2016.195,image,internal,control
10.1158/1078-0432.ccr-21-3025,image,internal,control
10.1186/1477-7819-8-36,image,internal,control
10.1186/s13550-020-0600-z,image,internal,control
10.1186/1471-2407-9-288,image,internal,control
10.1371/journal.pone.0076951,image,internal,control
10.1038/onc.2013.563,image,internal,control
10.3892/or.18.5.1249,image,internal,control
10.1172/jci31537,image,internal,control
10.3390/children11010095,image,internal,control
10.15252/emmm.201404913,image,internal,control
10.1038/onc.2016.499,image,internal,control
10.3389/fonc.2023.1176698,image,internal,control
10.1186/s12885-015-1099-y,image,internal,control
10.1038/onc.2011.371,image,internal,control
10.1038/onc.2016.337,image,internal,control
10.1007/s00330-021-07907-9,image,internal,control
10.2337/dc11-1449,image,internal,control
10.1038/onc.2009.206,image,internal,control
10.1038/s41388-022-02375-x,image,internal,control
10.1186/s12906-022-03790-z,image,internal,control
10.7150/thno.60040,image,internal,control
10.1155/2011/504034,image,internal,control
10.3390/cancers13236103,image,internal,control
10.1038/onc.2008.426,image,internal,control
10.1186/1471-2458-13-13,image,internal,control
10.1038/s41388-022-02235-8,image,internal,control
10.9745/ghsp-d-19-00404,image,internal,control
10.1038/onc.2011.44,image,internal,control
10.3390/cancers14030732,image,internal,control
10.1038/s41388-022-02333-7,image,internal,control
10.3389/fimmu.2018.00412,image,internal,control
10.1038/s41388-017-0045-7,image,internal,control
10.1038/s41388-021-01722-8,image,internal,control
10.1186/s12885-018-4229-5,image,internal,control
10.2967/jnumed.118.223701,image,internal,control
10.1186/s13027-021-00386-z,image,internal,control
10.1038/s41591-019-0628-7,image,internal,control
10.1038/s41467-018-04313-6,image,internal,control
10.1080/2162402x.2020.1786888,image,internal,control
10.1038/onc.2011.450,image,internal,control
10.1186/bcr1072,image,internal,control
10.1186/s12889-017-4819-1,image,internal,control
10.1172/jci45390,image,internal,control
10.3389/fcell.2022.798590,image,internal,control
10.15252/embj.2022110844,image,internal,control
10.1371/journal.pone.0208115,image,internal,control
10.1155/2016/4368101,image,internal,control
10.1186/1476-4598-13-218,image,internal,control
10.1038/s41388-021-01814-5,image,internal,control
10.1038/bjc.2011.295,image,internal,control
10.1371/journal.pone.0248550,image,internal,control
10.1002/1878-0261.13012,image,internal,control
10.3389/fimmu.2024.1444007,image,internal,control
10.1038/onc.2011.340,image,internal,control
10.1038/s41388-018-0657-6,image,internal,control
10.3390/cells9030623,image,internal,control
10.1038/s41388-017-0023-0,image,internal,control
10.1093/jnci/djw236,image,internal,control
10.1016/j.ccell.2024.09.014,image,internal,control
10.1038/s41388-018-0133-3,image,internal,control
10.3802/jgo.2013.24.4.342,image,internal,control
10.3748/wjg.v23.i7.1171,image,internal,control
10.1038/onc.2011.430,image,internal,control
10.1038/s41388-021-01860-z,image,internal,control
10.18632/oncotarget.13845,image,internal,control
10.3390/ijms18061172,image,internal,control
10.1038/s41388-022-02507-3,image,internal,control
10.1038/onc.2011.259,image,internal,control
10.1186/s12910-020-0447-x,image,internal,control
10.1371/journal.pone.0210465,image,internal,control
10.1038/s41388-022-02326-6,image,internal,control
10.3390/ijms21207790,image,internal,control
10.3892/ijo_00000775,image,internal,control
10.1038/onc.2012.341,image,internal,control
10.1038/s41591-023-02332-5,image,internal,control
10.1177/15330338231192902,image,internal,control
10.1007/s10549-014-3057-9,image,internal,control
10.1038/s41388-020-01435-4,image,internal,control
10.3390/ijms14059790,image,internal,control
10.1038/s41598-019-40629-z,image,internal,control
10.1007/s00262-013-1453-3,image,internal,control
10.1038/emboj.2009.32,image,internal,control
10.3389/fimmu.2018.03081,image,internal,control
10.1038/onc.2011.526,image,internal,control
10.3390/cancers11030347,image,internal,control
10.1038/onc.2011.620,image,internal,control
10.1093/ajcp/aqad029,image,internal,control
10.1038/onc.2013.342,image,internal,control
10.15406/ogij.2020.11.00507,image,internal,control
10.1038/s41388-023-02632-7,image,internal,control
10.1038/s41388-022-02185-1,image,internal,control
10.1038/s41388-021-02058-z,image,internal,control
10.1038/s41586-023-06102-8,image,internal,control
10.2340/1651-226x.2024.40003,image,internal,control
10.1371/journal.pone.0277784,image,internal,control
10.1038/onc.2016.414,image,internal,control
10.1155/2021/2392395,image,internal,paper_mill
10.1155/2022/2805607,image,internal,paper_mill
10.1111/jcmm.13760,image,internal,paper_mill
10.3892/etm.2017.4595,image,internal,paper_mill
10.1155/2023/9821500,image,internal,paper_mill
10.1155/2023/2891120,image,internal,paper_mill
10.1155/2021/8371996,image,internal,paper_mill
10.3892/ol.2013.1188,image,internal,paper_mill
10.1155/2022/9690401,image,internal,paper_mill
10.1155/2022/7451395,image,internal,paper_mill
10.3892/mmr.2015.4168,image,internal,paper_mill
10.1590/1414-431x20198385,image,internal,paper_mill
10.2147/ott.s168654,image,internal,paper_mill
10.1155/2021/6697597,image,internal,paper_mill
10.1155/2021/6299472,image,internal,paper_mill
10.1155/2021/4019358,image,internal,paper_mill
10.1155/2022/3880356,image,internal,paper_mill
10.1155/2022/1263812,image,internal,paper_mill
10.1155/2021/7566365,image,internal,paper_mill
10.1039/c7ra12520h,image,internal,paper_mill
10.1155/2022/3241812,image,internal,paper_mill
10.1155/2022/4418300,image,internal,paper_mill
10.2147/ott.s249770,image,internal,paper_mill
10.3892/mmr.2015.4393,image,internal,paper_mill
10.1155/2022/9493816,image,internal,paper_mill
10.1002/2211-5463.12933,image,internal,paper_mill
10.3892/ol.2013.1123,image,internal,paper_mill
10.3892/mmr.2019.10013,image,internal,paper_mill
10.3892/or.2017.6147,image,internal,paper_mill
10.1590/1414-431x20198934,image,internal,paper_mill
10.1155/2022/5248230,image,internal,paper_mill
10.3892/or.2018.6825,image,internal,paper_mill
10.2147/ott.s215012,image,internal,paper_mill
10.3892/ol.2019.11241,image,internal,paper_mill
10.2147/ott.s213231,image,internal,paper_mill
10.2147/cmar.s265775,image,internal,paper_mill
10.3892/mmr.2018.8417,image,internal,paper_mill
10.3892/or.2017.5423,image,internal,paper_mill
10.1186/s13046-018-1012-z,image,internal,paper_mill
10.1042/bsr20170837,image,internal,paper_mill
10.1155/2022/6316158,image,internal,paper_mill
10.2147/cmar.s229083,image,internal,paper_mill
10.1002/1878-0261.12603,image,internal,paper_mill
10.1155/2022/2608633,image,internal,paper_mill
10.3892/ol.2019.10040,image,internal,paper_mill
10.1042/bsr20200392,image,internal,paper_mill
10.1155/2022/9303703,image,internal,paper_mill
10.1155/2022/1635446,image,internal,paper_mill
10.1155/2021/8715823,image,internal,paper_mill
10.1155/2021/5546612,image,internal,paper_mill
10.1155/2020/1974506,image,internal,paper_mill
10.2147/ott.s207593,image,internal,paper_mill
10.1002/2211-5463.12676,image,internal,paper_mill
10.3892/mmr.2018.9295,image,internal,paper_mill
10.3892/or.2014.3698,image,internal,paper_mill
10.1177/1533033819870791,image,internal,paper_mill
10.3892/mmr.2016.5572,image,internal,paper_mill
10.3892/ol.2015.2904,image,internal,paper_mill
10.1155/2022/9747880,image,internal,paper_mill
10.3892/or.2017.5916,image,internal,paper_mill
10.1155/2022/9054266,image,internal,paper_mill
10.2147/ott.s240022,image,internal,paper_mill
10.1155/2020/8824519,image,internal,paper_mill
10.1155/2020/8360841,image,internal,paper_mill
10.3892/or.2015.4165,image,internal,paper_mill
10.3892/ijmm.2021.4898,image,internal,paper_mill
10.1155/2022/2363410,image,internal,paper_mill
10.3727/096504017x15132494420120,image,internal,paper_mill
10.1155/2021/3727794,image,internal,paper_mill
10.1155/2021/6088322,image,internal,paper_mill
10.1098/rsob.190173,image,internal,paper_mill
10.1155/2021/6653793,image,internal,paper_mill
10.3892/ol.2017.6114,image,internal,paper_mill
10.3892/mmr.2016.4779,image,internal,paper_mill
10.1155/2022/1721526,image,internal,paper_mill
10.1016/j.omtn.2019.10.026,image,internal,paper_mill
10.3892/or.2017.5745,image,internal,paper_mill
10.3892/ijo.2019.4759,image,internal,paper_mill
10.3892/mmr.2017.6816,image,internal,paper_mill
10.1177/1533033819876913,image,internal,paper_mill
10.1155/2022/9385451,image,internal,paper_mill
10.2147/ott.s253868,image,internal,paper_mill
10.1155/2022/3199884,image,internal,paper_mill
10.1155/2022/2825712,image,internal,paper_mill
10.1155/2022/4071081,image,internal,paper_mill
10.1155/2022/5054507,image,internal,paper_mill
10.1155/2021/9996565,image,internal,paper_mill
10.3892/etm.2015.2633,image,internal,paper_mill
10.1155/2022/1280756,image,internal,paper_mill
10.2147/cmar.s269258,image,internal,paper_mill
10.3892/or.2015.4186,image,internal,paper_mill
10.3892/mmr.2014.2123,image,internal,paper_mill
10.3892/or.2017.5794,image,internal,paper_mill
10.1155/2021/4468140,image,internal,paper_mill
10.1155/2022/3963681,image,internal,paper_mill
10.1155/2021/6591541,image,internal,paper_mill
10.1155/2022/8974859,image,internal,paper_mill
10.3892/or.2021.8068,image,internal,paper_mill
10.1155/2019/7192798,image,internal,paper_mill
10.1155/2021/4757668,image,internal,paper_mill
10.1177/1533033819850189,image,internal,paper_mill
10.1155/2022/8575305,image,internal,paper_mill
10.1155/2022/9896490,image,internal,paper_mill
10.18632/aging.103564,image,internal,paper_mill
10.1111/cas.13575,image,internal,paper_mill
10.2147/cmar.s246166,image,internal,paper_mill
10.1155/2021/6431007,image,internal,paper_mill
10.1155/2021/7956184,image,internal,paper_mill
10.1155/2022/2897338,image,internal,paper_mill
10.3389/fphar.2019.01700,image,internal,paper_mill
10.1155/2022/6428796,image,internal,paper_mill
10.3892/or.2018.6264,image,internal,paper_mill
10.3892/ol.2018.8109,image,internal,paper_mill
10.3892/ol.2017.5941,image,internal,paper_mill
10.1155/2022/2476126,image,internal,paper_mill
10.1155/2022/6203817,image,internal,paper_mill
10.2147/ott.s233256,image,internal,paper_mill
10.1155/2022/6441179,image,internal,paper_mill
10.1002/2211-5463.12215,image,internal,paper_mill
10.3892/etm.2014.1501,image,internal,paper_mill
10.1080/21655979.2021.1938497,image,internal,paper_mill
10.3892/mmr.2017.7167,image,internal,paper_mill
10.1155/2021/9957161,image,internal,paper_mill
10.1155/2022/7832618,image,internal,paper_mill
10.3892/or.2015.4437,image,internal,paper_mill
10.2147/cmar.s270813,image,internal,paper_mill
10.3892/mmr.2018.9090,image,internal,paper_mill
10.3892/mmr.2017.8361,image,internal,paper_mill
10.2147/ott.s190303,image,internal,paper_mill
10.1155/2023/9638322,image,internal,paper_mill
10.1016/j.fob.2015.10.009,image,internal,paper_mill
10.3892/or.2018.6302,image,internal,paper_mill
10.1371/journal.pone.0092230,image,internal,paper_mill
10.1155/2022/5721630,image,internal,paper_mill
10.1155/2022/6716143,image,internal,paper_mill
10.3892/mmr.2015.4609,image,internal,paper_mill
10.1155/2022/7967722,image,internal,paper_mill
10.1155/2022/3546455,image,internal,paper_mill
10.1039/c8ra02291g,image,internal,paper_mill
10.1155/2022/4132989,image,internal,paper_mill
10.1155/2022/2296574,image,internal,paper_mill
10.1155/2022/5702014,image,internal,paper_mill
10.3892/mmr.2018.9069,image,internal,paper_mill
10.3892/or.2017.5835,image,internal,paper_mill
10.3892/ijo.2018.4483,image,internal,paper_mill
10.1155/2022/8953807,image,internal,paper_mill
10.1155/2022/7445042,image,internal,paper_mill
10.3389/fonc.2021.622727,image,internal,paper_mill
10.3892/etm.2019.7226,image,internal,paper_mill
10.1042/bsr20191571,image,internal,paper_mill
10.3892/mmr.2015.4506,image,internal,paper_mill
10.3892/ijmm.2018.3464,image,internal,paper_mill
10.1155/2022/4135752,image,internal,paper_mill
10.1155/2022/1345695,image,internal,paper_mill
10.1155/2021/7020177,image,internal,paper_mill
10.1155/2023/9337763,image,internal,paper_mill
10.2147/rmhp.s260113,image,internal,paper_mill
10.1155/2022/1313359,image,internal,paper_mill
10.3892/etm.2017.4685,image,internal,paper_mill
10.1155/2022/6565620,image,internal,paper_mill
10.1155/2022/9374774,image,internal,paper_mill
10.1042/bsr20160165,image,internal,paper_mill
10.1155/2022/4010947,image,internal,paper_mill
10.1155/2022/6175053,image,internal,paper_mill
10.1155/2022/5314225,image,internal,paper_mill
10.1155/2021/5521058,image,internal,paper_mill
10.2147/ott.s237802,image,internal,paper_mill
10.3389/fonc.2021.630241,image,internal,paper_mill
10.1155/2022/8365565,image,internal,paper_mill
10.1155/2022/4041550,image,internal,paper_mill
10.3892/mmr.2017.6257,image,internal,paper_mill
10.1155/2022/1707914,image,internal,paper_mill
10.31083/j.fbe1401002,image,internal,paper_mill
10.1155/2023/7146589,image,internal,paper_mill
10.3892/ijmm.2015.2217,image,internal,paper_mill
10.3727/096504016x14719078133366,image,internal,paper_mill
10.1155/2022/7702512,image,internal,paper_mill
10.18632/aging.103157,image,internal,paper_mill
10.3892/or.2015.4333,image,internal,paper_mill
10.3892/ol.2017.6210,image,internal,paper_mill
10.3892/ol.2019.9901,image,internal,paper_mill
10.1155/2022/4153211,image,internal,paper_mill
10.1155/2022/7386946,image,internal,paper_mill
10.1155/2022/1244836,image,internal,paper_mill
10.1155/2022/1548155,image,internal,paper_mill
10.1155/2021/6929971,image,internal,paper_mill
10.1155/2021/1732176,image,internal,paper_mill
10.1155/2022/5160748,image,internal,paper_mill
10.1155/2021/5771101,image,internal,paper_mill
10.1038/s41389-018-0078-y,image,internal,paper_mill
10.1155/2022/4456987,image,internal,paper_mill
10.1155/2021/2680526,image,internal,paper_mill
10.18632/oncotarget.21431,image,internal,paper_mill
10.2147/cmar.s250284,image,internal,paper_mill
10.1042/bsr20170186,image,internal,paper_mill
10.1042/bsr20171615,image,internal,paper_mill
10.1186/s13046-019-1070-x,image,internal,paper_mill
10.3892/mmr.2017.8229,image,internal,paper_mill
10.1155/2022/8749999,image,internal,paper_mill
10.1155/2022/3518190,image,internal,paper_mill
10.1155/2021/6032546,image,internal,paper_mill
10.3892/etm.2018.6216,image,internal,paper_mill
10.3892/mmr.2019.9805,image,internal,paper_mill
10.1155/2021/5920035,image,internal,paper_mill
10.1016/j.omtn.2019.06.003,image,internal,paper_mill
10.1155/2021/9174055,image,internal,paper_mill
10.1155/2021/4711232,image,internal,paper_mill
10.1042/bsr20160542,image,internal,paper_mill
10.3892/mmr.2019.9826,image,internal,paper_mill
10.3892/or.2016.4999,image,internal,paper_mill
10.3892/mmr.2015.4560,image,internal,paper_mill
10.2147/ott.s199196,image,internal,paper_mill
10.3892/mmr.2017.7000,image,internal,paper_mill
10.1155/2022/3472722,image,internal,paper_mill
10.1155/2022/5467712,image,internal,paper_mill
10.3892/etm.2017.5245,image,internal,paper_mill
10.2147/cmar.s286866,image,internal,paper_mill
10.1155/2022/6587884,image,internal,paper_mill
10.1155/2022/9708829,image,internal,paper_mill
10.1155/2021/8996673,image,internal,paper_mill
10.1155/2021/1522250,image,internal,paper_mill
10.2147/ott.s184118,image,internal,paper_mill
10.1155/2021/6618519,image,internal,paper_mill
10.1186/s12935-021-01885-0,image,internal,paper_mill
10.1155/2022/5490644,image,internal,paper_mill
10.1155/2022/1063130,image,internal,paper_mill
10.3892/or.2015.3730,image,internal,paper_mill
10.1155/2020/8386936,image,internal,paper_mill
10.1155/2022/6879566,image,internal,paper_mill
10.3892/ijo.2018.4412,image,internal,paper_mill
10.1155/2022/8752375,image,internal,paper_mill
10.2147/ott.s224521,image,internal,paper_mill
10.1186/s12935-020-01493-4,image,internal,paper_mill
10.1155/2022/2318170,image,internal,paper_mill
10.1155/2021/3426080,image,internal,paper_mill
10.1155/2022/2601852,image,internal,paper_mill
10.3892/ol.2015.3242,image,internal,paper_mill
10.1002/2211-5463.12693,image,internal,paper_mill
10.1155/2022/7896218,image,internal,paper_mill
10.1186/s12943-018-0783-3,image,internal,paper_mill
10.1155/2022/3092063,image,internal,paper_mill
10.1155/2021/4731281,image,internal,paper_mill
10.1155/2022/8500910,image,internal,paper_mill
10.3892/or.2018.6774,image,internal,paper_mill
10.1155/2021/3422393,image,internal,paper_mill
10.1155/2022/5821938,image,internal,paper_mill
10.1155/2022/9578307,image,internal,paper_mill
10.1155/2021/6614784,image,internal,paper_mill
10.1155/2022/2731744,image,internal,paper_mill
10.1155/2022/1620802,image,internal,paper_mill
10.1155/2022/6245647,image,internal,paper_mill
10.1155/2021/1395131,image,internal,paper_mill
10.3892/etm.2021.11088,image,internal,paper_mill
10.1155/2022/3107965,image,internal,paper_mill
10.3892/ol.2017.5709,image,internal,paper_mill
10.1155/2022/2502010,image,internal,paper_mill
10.1186/1471-2091-13-25,image,internal,paper_mill
10.1155/2022/9084852,image,internal,paper_mill
10.3892/etm.2014.1570,image,internal,paper_mill
10.1155/2022/7171126,image,internal,paper_mill
10.1042/bsr20170109,image,internal,paper_mill
10.1155/2022/6336700,image,internal,paper_mill
10.1155/2021/6959557,image,internal,paper_mill
10.1155/2022/4878378,image,internal,paper_mill
10.1155/2022/2959846,image,internal,paper_mill
10.1155/2022/3726351,image,internal,paper_mill
10.1155/2022/5140148,image,internal,paper_mill
10.1155/2022/6881932,image,internal,paper_mill
10.1155/2022/4247670,image,internal,paper_mill
10.3892/etm.2017.5624,image,internal,paper_mill
10.1155/2022/3436631,image,internal,paper_mill
10.1155/2022/6960304,image,internal,paper_mill
10.2147/cmar.s268222,image,internal,paper_mill
10.1155/2022/8367395,image,internal,paper_mill
10.3892/or.2015.4251,image,internal,paper_mill
10.1016/j.omtn.2018.12.006,image,internal,paper_mill
10.3892/mmr.2016.5477,image,internal,paper_mill
10.1155/2022/9528444,image,internal,paper_mill
10.1080/21655979.2020.1754038,image,internal,paper_mill
10.1155/2022/1871841,image,internal,paper_mill
10.1155/2021/1141619,image,internal,paper_mill
10.1155/2022/2786567,image,internal,paper_mill
10.1155/2022/3565676,image,internal,paper_mill
10.1155/2023/8026918,image,internal,paper_mill
10.1155/2023/5055869,image,internal,paper_mill
10.3892/or.2016.5007,image,internal,paper_mill
10.1186/s11671-020-03416-8,image,internal,paper_mill
10.3892/mmr.2014.2684,image,internal,paper_mill
10.1177/0300060519896154,image,internal,paper_mill
10.3892/etm.2020.8926,image,internal,paper_mill
10.2147/cmar.s200566,image,internal,paper_mill
10.1155/2022/9119245,image,internal,paper_mill
10.1155/2022/3087681,image,internal,paper_mill
10.3892/ijmm.2019.4245,image,internal,paper_mill
10.1155/2022/7179733,image,internal,paper_mill
10.1155/2020/8854245,image,internal,paper_mill
10.1155/2022/7247549,image,internal,paper_mill
10.3892/mmr.2016.5769,image,internal,paper_mill
10.3389/fimmu.2021.681984,image,internal,paper_mill
10.1038/onc.2013.399,image,internal,control
10.1038/s41388-020-01424-7,image,internal,control
10.1007/s00428-014-1667-6,image,internal,control
10.3390/nu2020099,image,internal,control
10.3389/fonc.2024.1383104,image,internal,control
10.3390/ijms222312828,image,internal,control
10.1038/onc.2013.207,image,internal,control
10.1038/s41388-021-01702-y,image,internal,control
10.1186/1477-7827-8-35,image,internal,control
10.1038/onc.2013.263,image,internal,control
10.1038/s41467-018-06178-1,image,internal,control
10.1038/onc.2015.125,image,internal,control
10.1038/s41591-023-02372-x,image,internal,control
10.3390/cancers16213588,image,internal,control
10.1007/s10120-024-01487-5,image,internal,control
10.1038/onc.2012.565,image,internal,control
10.1371/journal.pone.0053096,image,internal,control
10.1038/s41388-023-02747-x,image,internal,control
10.1038/onc.2012.392,image,internal,control
10.15252/embj.2018100526,image,internal,control
10.1038/onc.2014.211,image,internal,control
10.15252/embj.2021108125,image,internal,control
10.1186/s12967-017-1256-y,image,internal,control
10.3390/nano9010014,image,internal,control
10.18632/oncotarget.21614,image,internal,control
10.1038/onc.2017.193,image,internal,control
10.1038/s41388-018-0343-8,image,internal,control
10.1016/j.ccell.2018.06.007,image,internal,control
10.1038/onc.2015.344,image,internal,control
10.1371/journal.pone.0031055,image,internal,control
10.1038/s41591-023-02496-0,image,internal,control
10.20524/aog.2017.0169,image,internal,control
10.3802/jgo.2017.28.e69,image,internal,control
10.1186/1475-2867-8-1,image,internal,control
10.1177/15347354221118328,image,internal,control
10.3390/ijms20010039,image,internal,control
10.1371/journal.pone.0134185,image,internal,control
10.1186/s12929-020-00633-2,image,internal,control
10.1016/j.cell.2019.03.005,image,internal,control
10.1097/md.0000000000004588,image,internal,control
10.1038/onc.2011.43,image,internal,control
10.1155/2013/306705,image,internal,control
10.1038/s41388-022-02329-3,image,internal,control
10.1038/onc.2014.416,image,internal,control
10.1038/onc.2017.278,image,internal,control
10.1016/j.ccell.2021.09.002,image,internal,control
10.3390/ijms19040941,image,internal,control
10.1038/onc.2016.134,image,internal,control
10.7150/thno.65522,image,internal,control
10.3390/ijms21218308,image,internal,control
10.1038/s41388-019-0993-1,image,internal,control
10.3390/ijms19103096,image,internal,control
10.1038/sj.bjc.6605188,image,internal,control
10.3892/mmr.2014.3083,image,internal,control
10.1136/bmjopen-2021-056396,image,internal,control
10.1038/onc.2013.334,image,internal,control
10.1186/1471-230x-14-67,image,internal,control
10.1186/1471-2407-10-73,image,internal,control
10.1038/onc.2011.505,image,internal,control
10.1038/sj.emboj.7600969,image,internal,control
10.1038/onc.2014.143,image,internal,control
10.3390/nu7075065,image,internal,control
10.1186/s13046-019-1196-x,image,internal,control
10.1038/s41388-019-0890-7,image,internal,control
10.1038/88961,image,internal,control
10.1038/sj.bjc.6601171,image,internal,control
10.1002/ctm2.106,image,internal,control
10.1186/s40164-018-0100-2,image,internal,control
10.1038/srep19740,image,internal,control
10.1002/1878-0261.13655,image,internal,control
10.1038/onc.2016.467,image,internal,control
10.2147/clep.s466029,image,internal,control
10.1016/j.cell.2018.03.022,image,internal,control
10.1186/s13063-018-3083-8,image,internal,control
10.3892/or.2017.6087,image,internal,control
10.1093/nar/gkl845,image,internal,control
10.1038/s41591-023-02682-0,image,internal,control
10.1186/s12894-019-0539-4,image,internal,control
10.3389/fonc.2023.1079040,image,internal,control
10.1371/journal.ppat.0030140,image,internal,control
10.1038/s41388-018-0516-5,image,internal,control
10.7150/ijms.9982,image,internal,control
10.1007/s40336-017-0238-7,image,internal,control
10.1186/1471-2407-14-951,image,internal,control
10.1038/modpathol.3880256,image,internal,control
10.1038/onc.2011.543,image,internal,control
10.1186/s12864-024-10168-7,image,internal,control
10.1136/bmjopen-2021-050930,image,internal,control
10.1038/onc.2014.10,image,internal,control
10.1007/s00262-011-0991-9,image,internal,control
10.1136/gutjnl-2015-310256,image,internal,control
10.1038/s41388-021-02114-8,image,internal,control
10.1016/j.cell.2019.05.047,image,internal,control
10.3390/cancers15071972,image,internal,control
10.1016/j.pvr.2018.10.008,image,internal,control
10.1038/s41388-022-02243-8,image,internal,control
10.1038/onc.2014.97,image,internal,control
10.1038/s41388-019-1078-x,image,internal,control
10.1038/sj.emboj.7601534,image,internal,control
10.15252/embj.201798359,image,internal,control
10.1038/onc.2010.151,image,internal,control
10.1038/onc.2010.532,image,internal,control
10.1038/s41388-018-0546-z,image,internal,control
10.1038/onc.2009.209,image,internal,control
10.1038/sj.bjc.6604834,image,internal,control
10.1186/s12885-016-2691-5,image,internal,control
10.1038/onc.2014.34,image,internal,control
10.1038/s41598-018-36036-5,image,internal,control
10.1371/journal.pone.0127427,image,internal,control
10.1038/onc.2016.489,image,internal,control
10.1038/onc.2011.2,image,internal,control
10.1038/onc.2009.203,image,internal,control
10.1007/s12105-024-01680-z,image,internal,control
10.1038/s41388-020-01433-6,image,internal,control
10.1200/jco.19.00761,image,internal,control
10.3892/ijo.2014.2424,image,internal,control
10.1016/j.cell.2017.09.042,image,internal,control
10.1016/j.ccell.2022.05.015,image,internal,control
10.1038/onc.2015.470,image,internal,control
10.1038/sj.bjc.6603214,image,internal,control
10.3109/03009734.2012.658974,image,internal,control
10.1038/onc.2015.97,image,internal,control
10.1038/s41388-018-0430-x,image,internal,control
10.1136/jitc-2022-004832,image,internal,control
10.1371/journal.pone.0089389,image,internal,control
10.1186/1471-2407-14-872,image,internal,control
10.18632/oncotarget.7571,image,internal,control
10.1038/srep01675,image,internal,control
10.15252/embj.201694912,image,internal,control
10.1126/sciadv.aax5032,image,internal,control
10.1038/s41467-018-06268-0,image,internal,control
10.3390/cancers13164057,image,internal,control
10.1371/journal.pone.0103206,image,internal,control
10.1038/modpathol.2014.96,image,internal,control
10.1038/onc.2013.585,image,internal,control
10.1038/onc.2014.178,image,internal,control
10.1038/onc.2013.363,image,internal,control
10.1038/s41388-024-02976-8,image,internal,control
10.3390/ijms23031726,image,internal,control
10.1080/14796694.2024.2401309,image,internal,control
10.1111/cts.12809,image,internal,control
10.1038/onc.2015.394,image,internal,control
10.1186/s13058-024-01882-x,image,internal,control
10.1038/s41388-020-1202-y,image,internal,control
10.1186/s13014-019-1242-z,image,internal,control
10.3892/ijo_00000824,image,internal,control
10.3390/cancers13061188,image,internal,control
10.1155/2011/659876,image,internal,control
10.1038/onc.2017.215,image,internal,control
10.1038/s41388-020-1162-2,image,internal,control
10.1371/journal.pone.0102519,image,internal,control
10.1038/onc.2016.304,image,internal,control
10.1371/journal.pone.0217942,image,internal,control
10.1038/s41388-023-02701-x,image,internal,control
10.1038/s41388-021-02064-1,image,internal,control
10.3109/0284186x.2011.624545,image,internal,control
10.18632/oncotarget.4023,image,internal,control
10.3390/jpm11030201,image,internal,control
10.1038/s41388-021-01779-5,image,internal,control
10.1038/onc.2017.36,image,internal,control
10.1007/s00005-012-0205-y,image,internal,control
10.1038/s41388-020-1191-x,image,internal,control
10.1038/s41388-021-01680-1,image,internal,control
10.18632/oncotarget.9106,image,internal,control
10.18632/oncotarget.2690,image,internal,control
10.1186/1423-0127-16-10,image,internal,control
10.1038/onc.2016.223,image,internal,control
10.1186/1476-4598-5-43,image,internal,control
10.1186/1471-2407-13-374,image,internal,control
10.1371/journal.pone.0120852,image,internal,control
10.1186/s13058-018-1065-0,image,internal,control
10.3390/cancers10120518,image,internal,control
10.1038/onc.2013.377,image,internal,control
10.3390/ijms19123742,image,internal,control
10.1016/j.ccell.2020.02.002,image,internal,control
10.18632/oncotarget.13755,image,internal,control
10.18632/oncotarget.1631,image,internal,control
10.1038/onc.2015.522,image,internal,control
10.1038/onc.2009.409,image,internal,control
10.1038/s41591-023-02324-5,image,internal,control
10.1038/onc.2009.294,image,internal,control
10.1186/s12929-019-0533-x,image,internal,control
10.1038/d41591-019-00016-7,image,internal,control
10.1038/bjc.2013.597,image,internal,control
10.1186/1471-2288-8-51,image,internal,control
10.1038/s41388-021-02003-0,image,internal,control
10.1038/nm.4155,image,internal,control
10.1038/s41388-021-01874-7,image,internal,control
10.1038/sj.bjc.6602593,image,internal,control
10.1038/onc.2014.388,image,internal,control
10.1016/j.molcel.2022.03.035,image,internal,control
10.1038/s41388-024-03077-2,image,internal,control
10.1038/onc.2011.528,image,internal,control
10.1016/j.cell.2010.11.055,image,internal,control
10.1038/s41598-020-59653-5,image,internal,control
10.1038/s41388-023-02851-y,image,internal,control
10.3390/ijms19071873,image,internal,control
10.1016/j.ccell.2021.02.015,image,internal,control
10.1038/onc.2015.326,image,internal,control
10.1038/s41388-019-0959-3,image,internal,control
10.3390/ijms19113303,image,internal,control
10.7150/thno.8074,image,internal,control
10.1038/onc.2012.355,image,internal,control
10.15252/embj.2019104013,image,internal,control
10.1002/cam4.5,image,internal,control
10.2337/db10-0607,image,internal,control
10.1002/path.4317,image,internal,control
10.7150/jca.16550,image,internal,control
10.1002/cam4.773,image,internal,control
10.1038/s41598-021-95545-y,image,internal,control
10.1038/s41591-024-03060-0,image,internal,control
10.3390/cells8121658,image,internal,control
10.1038/s41388-019-0901-8,image,internal,control
10.1038/s41598-022-09698-5,image,internal,control
10.1002/cam4.634,image,internal,control
10.1016/j.tipsro.2016.12.002,image,internal,control
10.1186/s13148-020-00920-7,image,internal,control
10.1186/s12885-015-1622-1,image,internal,control
10.1016/j.ccell.2020.09.007,image,internal,control
10.1038/onc.2015.319,image,internal,control
10.3390/cancers14123028,image,internal,control
10.1038/onc.2013.583,image,internal,control
10.3892/ol.2020.11746,image,internal,control
10.1111/cpf.12785,image,internal,control
10.15252/embj.2022111673,image,internal,control
10.1371/journal.pone.0155402,image,internal,control
10.3390/ijms20184497,image,internal,control
10.1186/s12929-022-00795-1,image,internal,control
10.3390/metabo13030417,image,internal,control
10.1186/1476-4598-13-6,image,internal,control
10.1038/ncomms11418,image,internal,control
10.3390/cancers12030697,image,internal,control
10.15252/embj.2019102808,image,internal,control
10.1038/onc.2015.280,image,internal,control
10.1038/onc.2011.549,image,internal,control
10.1016/j.ctro.2021.01.013,image,internal,control
10.1038/onc.2015.12,image,internal,control
10.1186/bcr1075,image,internal,control
10.3390/cancers16040709,image,internal,control
10.1038/onc.2014.157,image,internal,control
10.1186/1476-4598-9-309,image,internal,control
10.3390/cells8030270,image,internal,control
10.1038/onc.2017.89,image,internal,control
10.1038/s41388-020-1335-z,image,internal,control
10.1038/sj.bjc.6604244,image,internal,control
10.15252/embj.2018100012,image,internal,control
10.2147/ndt.s135624,image,internal,control
10.1016/j.ccell.2023.04.002,image,internal,control
10.1038/onc.2010.170,image,internal,control
10.1038/s41388-018-0368-z,image,internal,control
10.1038/bjc.2014.355,image,internal,control
10.1038/s41388-020-1292-6,image,internal,control
10.1016/j.cell.2015.04.042,image,internal,control
10.3390/cancers10070240,image,internal,control
10.1038/s44321-024-00175-2,image,internal,control
10.1016/j.molcel.2019.04.021,image,internal,control
10.1038/s41388-022-02209-w,image,internal,control
10.1038/onc.2016.202,image,internal,control
10.1371/journal.pone.0049275,image,internal,control
10.1371/journal.pone.0026595,image,internal,control
10.1016/j.cell.2021.12.023,image,internal,control
10.18632/oncotarget.2173,image,internal,control
10.1038/onc.2011.644,image,internal,control
10.1038/srep08686,image,internal,control
10.1016/j.ccell.2017.06.005,image,internal,control
10.3390/cancers10120512,image,internal,control
10.1038/sj.bjc.6605580,image,internal,control
10.1371/journal.pone.0116384,image,internal,control
10.3390/molecules22091477,image,internal,control
10.1371/journal.pone.0083627,image,internal,control
10.3390/cells10092401,image,internal,control
10.1155/2011/978319,image,internal,control
10.1038/s41388-018-0289-x,image,internal,control
10.1016/j.ccell.2021.01.001,image,internal,control
10.1038/s41388-021-01824-3,image,internal,control
10.1088/1468-6996/14/4/044407,image,internal,control
10.1017/s0007114507853414,image,internal,control
10.1038/onc.2016.415,image,internal,control
10.1186/s13053-016-0062-5,image,internal,control
10.1002/adhm.202202063,image,internal,control
10.1177/1758835919864247,image,internal,control
10.1186/s13058-014-0431-9,image,internal,control
10.1038/onc.2015.44,image,internal,control
10.1016/j.ccell.2023.02.012,image,internal,control
10.1097/md.0000000000001736,image,internal,control
10.1371/journal.pone.0023003,image,internal,control
10.1158/1055-9965.epi-21-0508,image,internal,control
10.1038/sj.bjc.6690743,image,internal,control
10.1038/s41388-018-0332-y,image,internal,control
10.1016/j.euros.2022.12.004,image,internal,control
10.1038/s41598-021-95007-5,image,internal,control
10.1107/s2059798322004132,image,internal,control
10.15252/embj.2022112408,image,internal,control
10.1038/s41591-023-02612-0,image,internal,control
10.3389/fimmu.2022.817296,image,internal,control
10.3389/froh.2021.666895,image,internal,control
10.1016/j.ccell.2024.08.018,image,internal,control
10.1186/s13053-021-00203-z,image,internal,control
10.14309/ctg.0000000000000088,image,internal,control
10.1155/2021/8583118,image,internal,paper_mill
10.1038/s41419-018-0960-8,image,internal,paper_mill
10.3892/etm.2017.5528,image,internal,paper_mill
10.1155/2022/1127146,image,internal,paper_mill
10.1155/2022/6829409,image,internal,paper_mill
10.1155/2021/6256618,image,internal,paper_mill
10.1016/j.omtn.2019.10.041,image,internal,paper_mill
10.3892/ol.2015.4018,image,internal,paper_mill
10.1155/2022/4752782,image,internal,paper_mill
10.1002/2211-5463.12500,image,internal,paper_mill
10.1155/2022/2880087,image,internal,paper_mill
10.3892/mmr.2013.1501,image,internal,paper_mill
10.3892/ol.2018.8128,image,internal,paper_mill
10.1155/2022/8911343,image,internal,paper_mill
10.1186/s12906-016-1341-4,image,internal,paper_mill
10.1155/2022/2032895,image,internal,paper_mill
10.1155/2021/3870147,image,internal,paper_mill
10.1177/1533033818816061,image,internal,paper_mill
10.3892/etm.2020.8540,image,internal,paper_mill
10.1186/s12935-019-0860-8,image,internal,paper_mill
10.1155/2022/4704107,image,internal,paper_mill
10.1155/2020/8084028,image,internal,paper_mill
10.3892/or.2016.5257,image,internal,paper_mill
10.3892/mmr.2018.9020,image,internal,paper_mill
10.1155/2022/2327669,image,internal,paper_mill
10.1155/2022/7517821,image,internal,paper_mill
10.3892/mmr.2015.4180,image,internal,paper_mill
10.1186/s12885-019-5750-x,image,internal,paper_mill
10.1155/2022/4558782,image,internal,paper_mill
10.1155/2021/6076135,image,internal,paper_mill
10.2147/ott.s214881,image,internal,paper_mill
10.1016/j.omtn.2019.12.029,image,internal,paper_mill
10.1155/2021/3291762,image,internal,paper_mill
10.1155/2022/3233004,image,internal,paper_mill
10.1042/bsr20181882,image,internal,paper_mill
10.1177/1559325820928687,image,internal,paper_mill
10.2147/cmar.s277113,image,internal,paper_mill
10.1186/s12881-019-0940-6,image,internal,paper_mill
10.1155/2022/3618197,image,internal,paper_mill
10.1155/2022/6918396,image,internal,paper_mill
10.1155/2022/7352489,image,internal,paper_mill
10.1155/2022/3541403,image,internal,paper_mill
10.3892/ol.2019.10331,image,internal,paper_mill
10.3892/mmr.2018.9750,image,internal,paper_mill
10.3892/mmr.2017.7433,image,internal,paper_mill
10.2147/ott.s239648,image,internal,paper_mill
10.3892/ijmm.2014.1650,image,internal,paper_mill
10.1155/2020/1039312,image,internal,paper_mill
10.1155/2022/6988237,image,internal,paper_mill
10.3892/etm.2019.7812,image,internal,paper_mill
10.2147/ott.s117523,image,internal,paper_mill
10.1155/2021/7545091,image,internal,paper_mill
10.1155/2022/7051643,image,internal,paper_mill
10.3389/fonc.2020.00441,image,internal,paper_mill
10.1155/2022/4899555,image,internal,paper_mill
10.3892/or.2019.7016,image,internal,paper_mill
10.1002/cam4.2860,image,internal,paper_mill
10.1155/2021/7423101,image,internal,paper_mill
10.1155/2022/7201485,image,internal,paper_mill
10.1155/2021/2488804,image,internal,paper_mill
10.1155/2022/2459013,image,internal,paper_mill
10.1155/2022/2166605,image,internal,paper_mill
10.1186/s12885-018-5175-y,image,internal,paper_mill
10.1177/1533033819861971,image,internal,paper_mill
10.3892/etm.2021.10528,image,internal,paper_mill
10.1155/2021/8032209,image,internal,paper_mill
10.2147/ott.s87976,image,internal,paper_mill
10.1155/2023/5878402,image,internal,paper_mill
10.1186/s12876-022-02562-w,image,internal,paper_mill
10.1155/2021/2710231,image,internal,paper_mill
10.1155/2021/1643788,image,internal,paper_mill
10.3892/or.2017.5781,image,internal,paper_mill
10.1155/2022/3543531,image,internal,paper_mill
10.1155/2022/8429659,image,internal,paper_mill
10.3892/mmr.2018.8887,image,internal,paper_mill
10.1155/2021/9986376,image,internal,paper_mill
10.1177/1533034618756784,image,internal,paper_mill
10.1155/2022/8615242,image,internal,paper_mill
10.1155/2022/2756459,image,internal,paper_mill
10.1155/2020/4637109,image,internal,paper_mill
10.1042/bsr20140124,image,internal,paper_mill
10.1155/2021/9972057,image,internal,paper_mill
10.1155/2022/9366223,image,internal,paper_mill
10.1155/2022/6116658,image,internal,paper_mill
10.1007/s13277-016-4858-8,image,internal,paper_mill
10.1155/2022/4996870,image,internal,paper_mill
10.1155/2021/1808081,image,internal,paper_mill
10.3892/mmr.2017.7814,image,internal,paper_mill
10.1155/2022/7963146,image,internal,paper_mill
10.1177/0300060519883731,image,internal,paper_mill
10.1042/bsr20191348,image,internal,paper_mill
10.3892/mmr.2017.6968,image,internal,paper_mill
10.1155/2022/1779337,image,internal,paper_mill
10.1002/cam4.3726,image,internal,paper_mill
10.3892/etm.2019.7676,image,internal,paper_mill
10.1155/2022/1864116,image,internal,paper_mill
10.1155/2021/7065963,image,internal,paper_mill
10.1016/j.omtn.2019.10.036,image,internal,paper_mill
10.1155/2022/6468773,image,internal,paper_mill
10.1155/2022/7069348,image,internal,paper_mill
10.2147/ott.s213994,image,internal,paper_mill
10.1042/bsr20191050,image,internal,paper_mill
10.1039/c7ra12042g,image,internal,paper_mill
10.1155/2022/8126672,image,internal,paper_mill
10.1155/2021/7773163,image,internal,paper_mill
10.1155/2022/6229462,image,internal,paper_mill
10.1155/2021/2495958,image,internal,paper_mill
10.18632/oncotarget.22151,image,internal,paper_mill
10.3892/mmr.2017.7345,image,internal,paper_mill
10.1155/2021/6289337,image,internal,paper_mill
10.1177/1533033819874808,image,internal,paper_mill
10.1155/2022/4486104,image,internal,paper_mill
10.1155/2022/2143510,image,internal,paper_mill
10.1155/2022/9381203,image,internal,paper_mill
10.3892/ijo.2015.2959,image,internal,paper_mill
10.1155/2021/4630934,image,internal,paper_mill
10.3892/ol.2018.9439,image,internal,paper_mill
10.2147/ott.s179866,image,internal,paper_mill
10.1155/2021/3210494,image,internal,paper_mill
10.1155/2021/6636891,image,internal,paper_mill
10.1155/2022/2593844,image,internal,paper_mill
10.1155/2022/1704948,image,internal,paper_mill
10.1177/1559325820918052,image,internal,paper_mill
10.3892/or.2018.6763,image,internal,paper_mill
10.3892/ol.2017.6745,image,internal,paper_mill
10.1155/2022/3826080,image,internal,paper_mill
10.1177/1533033818821401,image,internal,paper_mill
10.1155/2022/3299336,image,internal,paper_mill
10.1155/2022/5800575,image,internal,paper_mill
10.1155/2021/3309944,image,internal,paper_mill
10.1155/2022/4539125,image,internal,paper_mill
10.18632/oncotarget.17674,image,internal,paper_mill
10.1155/2022/3127058,image,internal,paper_mill
10.3892/or.2016.5155,image,internal,paper_mill
10.1155/2022/3010901,image,internal,paper_mill
10.1186/s13046-018-0846-8,image,internal,paper_mill
10.1042/bsr20160053,image,internal,paper_mill
10.1155/2022/7386516,image,internal,paper_mill
10.1155/2021/2362195,image,internal,paper_mill
10.1155/2020/8855949,image,internal,paper_mill
10.1155/2021/3957738,image,internal,paper_mill
10.1590/1414-431x20186896,image,internal,paper_mill
10.1155/2021/9981815,image,internal,paper_mill
10.1155/2023/2336536,image,internal,paper_mill
10.3892/etm.2017.4590,image,internal,paper_mill
10.1155/2022/4376960,image,internal,paper_mill
10.1155/2023/8405945,image,internal,paper_mill
10.1155/2021/8875503,image,internal,paper_mill
10.3892/or.2015.4013,image,internal,paper_mill
10.1155/2021/9116765,image,internal,paper_mill
10.1155/2021/7377299,image,internal,paper_mill
10.2147/ott.s249133,image,internal,paper_mill
10.3892/etm.2017.4648,image,internal,paper_mill
10.1155/2022/8024700,image,internal,paper_mill
10.3892/ol.2020.12347,image,internal,paper_mill
10.18632/oncotarget.20455,image,internal,paper_mill
10.1155/2022/9170722,image,internal,paper_mill
10.3892/ijo.2019.4922,image,internal,paper_mill
10.1155/2021/8833467,image,internal,paper_mill
10.1155/2022/8979404,image,internal,paper_mill
10.3892/or.2018.6449,image,internal,paper_mill
10.1186/s40001-019-0378-5,image,internal,paper_mill
10.1155/2022/4102666,image,internal,paper_mill
10.3389/fonc.2021.673276,image,internal,paper_mill
10.1155/2022/3140070,image,internal,paper_mill
10.1186/s13287-020-01908-z,image,internal,paper_mill
10.3892/or.2017.5815,image,internal,paper_mill
10.3892/mmr.2018.9572,image,internal,paper_mill
10.1186/s12943-016-0540-4,image,internal,paper_mill
10.1155/2022/5492602,image,internal,paper_mill
10.3892/mmr.2016.5534,image,internal,paper_mill
10.1155/2022/1573562,image,internal,paper_mill
10.2147/ott.s183847,image,internal,paper_mill
10.1155/2021/8402517,image,internal,paper_mill
10.3389/fonc.2020.571914,image,internal,paper_mill
10.1155/2022/5793912,image,internal,paper_mill
10.18632/aging.103905,image,internal,paper_mill
10.1039/c9ra07332a,image,internal,paper_mill
10.3892/ol.2018.8727,image,internal,paper_mill
10.1155/2022/1231446,image,internal,paper_mill
10.1042/bsr20191357,image,internal,paper_mill
10.3892/ol.2015.3587,image,internal,paper_mill
10.1155/2022/5417753,image,internal,paper_mill
10.1155/2022/7580642,image,internal,paper_mill
10.3892/mmr.2016.5127,image,internal,paper_mill
10.2147/ott.s208263,image,internal,paper_mill
10.1155/2022/9774219,image,internal,paper_mill
10.1016/j.omtn.2019.06.009,image,internal,paper_mill
10.1155/2022/7199290,image,internal,paper_mill
10.1155/2022/9529814,image,internal,paper_mill
10.3892/ijo.2016.3628,image,internal,paper_mill
10.1155/2021/1124055,image,internal,paper_mill
10.1155/2021/3088723,image,internal,paper_mill
10.1016/j.omtn.2019.11.002,image,internal,paper_mill
10.1155/2022/8311535,image,internal,paper_mill
10.2147/ott.s180850,image,internal,paper_mill
10.1155/2022/1747470,image,internal,paper_mill
10.1002/jgm.3330,image,internal,paper_mill
10.1155/2022/7957121,image,internal,paper_mill
10.1155/2022/2807354,image,internal,paper_mill
10.1155/2021/9968907,image,internal,paper_mill
10.3892/mmr.2015.4032,image,internal,paper_mill
10.1155/2021/5528982,image,internal,paper_mill
10.1155/2022/5378963,image,internal,paper_mill
10.1155/2023/6412679,image,internal,paper_mill
10.1155/2022/6149884,image,internal,paper_mill
10.1155/2022/7297499,image,internal,paper_mill
10.1155/2022/3877984,image,internal,paper_mill
10.18632/oncotarget.22058,image,internal,paper_mill
10.1016/j.fob.2015.11.001,image,internal,paper_mill
10.1155/2021/1001446,image,internal,paper_mill
10.3892/or.2020.7670,image,internal,paper_mill
10.1155/2022/3342919,image,internal,paper_mill
10.3892/ol.2017.7557,image,internal,paper_mill
10.1136/bmjonc-2023-000039,image,internal,control
10.1186/s13046-020-01584-0,image,internal,control
10.1038/s41388-020-01423-8,image,internal,control
10.1186/bcr2248,image,internal,control
10.1002/hed.27945,image,internal,control
10.1038/onc.2010.199,image,internal,control
10.1016/j.cell.2020.05.017,image,internal,control
10.18632/oncotarget.18855,image,internal,control
10.1186/1423-0127-18-6,image,internal,control
10.1038/sj.bjc.6603126,image,internal,control
10.1186/1471-2407-13-1,image,internal,control
10.1007/s10689-016-9934-0,image,internal,control
10.1002/nop2.1594,image,internal,control
10.1038/onc.2017.87,image,internal,control
10.3390/ijms20122940,image,internal,control
10.1038/s41388-018-0419-5,image,internal,control
10.1038/s41388-018-0650-0,image,internal,control
10.1038/onc.2012.53,image,internal,control
10.1186/1476-4598-13-254,image,internal,control
10.1080/2162402x.2022.2111906,image,internal,control
10.1038/onc.2016.291,image,internal,control
10.1136/rmdopen-2022-002465,image,internal,control
10.1038/bjc.2014.413,image,internal,control
10.1177/0269216319825972,image,internal,control
10.1038/onc.2011.325,image,internal,control
10.1038/s41591-022-02189-0,image,internal,control
10.18632/oncotarget.8076,image,internal,control
10.1007/s00394-017-1526-8,image,internal,control
10.1093/carcin/bgn091,image,internal,control
10.1136/bmjopen-2020-048183,image,internal,control
10.1038/s41598-018-34604-3,image,internal,control
10.1038/onc.2011.312,image,internal,control
10.1007/s00268-020-05941-0,image,internal,control
10.1371/journal.pone.0061362,image,internal,control
10.1038/s41388-020-1289-1,image,internal,control
10.1038/onc.2015.328,image,internal,control
10.1002/emmm.201000071,image,internal,control
10.1073/pnas.1910722117,image,internal,control
10.1186/s12951-022-01575-7,image,internal,control
10.1111/j.1582-4934.2009.00868.x,image,internal,control
10.1016/j.ccell.2020.04.018,image,internal,control
10.1038/onc.2017.74,image,internal,control
10.1038/s41388-021-01792-8,image,internal,control
10.1038/onc.2013.173,image,internal,control
10.1038/onc.2016.447,image,internal,control
10.1038/onc.2011.54,image,internal,control
10.1016/j.jfda.2016.10.016,image,internal,control
10.1016/j.molcel.2024.04.012,image,internal,control
10.1038/emboj.2012.132,image,internal,control
10.1111/cas.14441,image,internal,control
10.18632/oncotarget.1570,image,internal,control
10.1038/s41388-024-03060-x,image,internal,control
10.1038/s41467-024-52980-5,image,internal,control
10.1038/s41388-021-01871-w,image,internal,control
10.3892/or.2010.1080,image,internal,control
10.3399/bjgpo.2023.0029,image,internal,control
10.1038/cddis.2017.333,image,internal,control
10.1016/j.celrep.2019.02.025,image,internal,control
10.1186/s12885-022-10058-9,image,internal,control
10.1136/jitc-2020-001392,image,internal,control
10.1038/s41591-018-0135-2,image,internal,control
10.1038/onc.2011.633,image,internal,control
10.1038/s41388-024-03210-1,image,internal,control
10.1038/s41591-023-02469-3,image,internal,control
10.1172/jci67280,image,internal,control
10.1186/s13045-017-0421-3,image,internal,control
10.1038/sj.bjc.6600126,image,internal,control
10.1038/s41388-024-03230-x,image,internal,control
10.1002/bco2.337,image,internal,control
10.1016/j.clgc.2022.02.002,image,internal,control
10.1038/s41388-018-0645-x,image,internal,control
10.1186/1471-2407-8-58,image,internal,control
10.1038/s41388-019-0776-8,image,internal,control
10.1038/onc.2016.424,image,internal,control
10.1038/onc.2011.573,image,internal,control
10.1038/s41388-018-0213-4,image,internal,control
10.1007/s00520-021-06248-z,image,internal,control
10.1016/j.ccell.2021.06.017,image,internal,control
10.1007/s11373-006-9092-8,image,internal,control
10.18632/oncotarget.9635,image,internal,control
10.1186/s13063-019-3441-1,image,internal,control
10.1371/journal.pone.0056795,image,internal,control
10.1007/s00330-024-10937-8,image,internal,control
10.1038/onc.2016.522,image,internal,control
10.1016/j.ccell.2023.12.005,image,internal,control
10.1016/j.ccell.2023.10.004,image,internal,control
10.1038/s41388-018-0602-8,image,internal,control
10.1001/jamaoncol.2024.5356,image,internal,control
10.1038/s41388-020-1270-z,image,internal,control
10.1186/s13058-018-1049-0,image,internal,control
10.1038/s41388-018-0523-6,image,internal,control
10.1038/sj.bjc.6604975,image,internal,control
10.1054/bjoc.2000.1655,image,internal,control
10.1038/ncomms10974,image,internal,control
10.1186/bcr3042,image,internal,control
10.15252/embj.201490147,image,internal,control
10.1371/journal.pone.0149633,image,internal,control
10.1038/onc.2010.327,image,internal,control
10.1038/s41388-024-03206-x,image,internal,control
10.1111/cas.12558,image,internal,control
10.1186/s13550-016-0173-z,image,internal,control
10.18632/oncotarget.3045,image,internal,control
10.1038/s41598-020-62136-2,image,internal,control
10.1186/s12885-022-09371-0,image,internal,control
10.3390/ijms161226089,image,internal,control
10.3390/cancers12123522,image,internal,control
10.1038/onc.2012.374,image,internal,control
10.3390/cells8050435,image,internal,control
10.1016/j.ccell.2020.07.006,image,internal,control
10.3390/md13041882,image,internal,control
10.1038/onc.2014.199,image,internal,control
10.1371/journal.pone.0064088,image,internal,control
10.1038/s41388-020-1307-3,image,internal,control
10.1038/s41591-021-01541-0,image,internal,control
10.3390/cancers13030499,image,internal,control
10.1038/s44318-024-00080-x,image,internal,control
10.1002/cncr.28174,image,internal,control
10.1097/md.0000000000005177,image,internal,control
10.3390/ijms151017380,image,internal,control
10.7150/thno.18551,image,internal,control
10.1007/s00384-018-3074-y,image,internal,control
10.1186/1897-4287-12-14,image,internal,control
10.1136/bmjgast-2023-001247,image,internal,control
10.1515/med-2021-0264,image,internal,control
10.1038/s41467-020-18244-8,image,internal,control
10.1038/sj.bjc.6604449,image,internal,control
10.1186/1423-0127-18-63,image,internal,control
10.1038/onc.2013.339,image,internal,control
10.1080/03009730802688835,image,internal,control
10.3390/cancers11121981,image,internal,control
10.1038/srep36650,image,internal,control
10.1038/sj.bjc.6604565,image,internal,control
10.1038/s41388-021-01774-w,image,internal,control
10.1038/s41388-021-01838-x,image,internal,control
10.7150/thno.57803,image,internal,control
10.1186/s12885-024-12070-7,image,internal,control
10.1038/s41388-018-0253-9,image,internal,control
10.1038/s41388-021-01668-x,image,internal,control
10.1038/s41388-022-02457-w,image,internal,control
10.1038/sj.emboj.7601886,image,internal,control
10.1186/s12957-022-02568-4,image,internal,control
10.2196/47195,image,internal,control
10.1016/j.ccr.2013.08.013,image,internal,control
10.1016/j.heliyon.2024.e37561,image,internal,control
10.1186/s12957-016-1080-5,image,internal,control
10.3389/fimmu.2022.1038226,image,internal,control
10.1038/onc.2015.196,image,internal,control
10.1038/onc.2012.240,image,internal,control
10.18632/oncotarget.9960,image,internal,control
10.1038/sj.bjc.6602543,image,internal,control
10.1038/onc.2009.452,image,internal,control
10.1038/onc.2011.15,image,internal,control
10.1038/s41388-019-1084-z,image,internal,control
10.1038/s41388-020-01532-4,image,internal,control
10.18632/oncotarget.17665,image,internal,control
10.1186/s12957-017-1228-y,image,internal,control
10.1038/onc.2010.245,image,internal,control
10.1038/s41388-021-02020-z,image,internal,control
10.15252/embj.2018100330,image,internal,control
10.1371/journal.pone.0136142,image,internal,control
10.1038/s41388-021-01826-1,image,internal,control
10.1186/s12929-020-00644-z,image,internal,control
10.3389/fonc.2023.1121872,image,internal,control
10.1097/md.0000000000005605,image,internal,control
10.1038/s41591-021-01436-0,image,internal,control
10.1186/s12957-018-1353-2,image,internal,control
10.1186/s12929-022-00824-z,image,internal,control
10.1155/2011/565316,image,internal,control
10.1038/onc.2014.447,image,internal,control
10.18632/oncotarget.12338,image,internal,control
10.1186/1752-0509-7-s1-s2,image,internal,control
10.1038/srep09783,image,internal,control
10.1371/journal.pone.0126688,image,internal,control
10.18632/oncotarget.2724,image,internal,control
10.1007/s13555-023-01059-y,image,internal,control
10.3390/toxins12020066,image,internal,control
10.1186/bcr1129,image,internal,control
10.32687/0869-866x-2022-30-5-788-794,image,internal,control
10.1186/s12885-024-13236-z,image,internal,control
10.1186/s12904-021-00758-7,image,internal,control
10.3390/cancers16112099,image,internal,control
10.3389/fonc.2022.786739,image,internal,control
10.1016/j.ccell.2021.01.007,image,internal,control
10.1371/journal.pone.0045382,image,internal,control
10.1371/journal.pone.0053014,image,internal,control
10.1038/onc.2009.365,image,internal,control
10.1371/journal.pmed.1004304,image,internal,control
10.1038/s41591-023-02660-6,image,internal,control
10.1016/j.ccell.2023.06.010,image,internal,control
10.1002/cjp2.71,image,internal,control
10.1038/s41523-022-00423-z,image,internal,control
10.3390/molecules26247447,image,internal,control
10.1038/s41523-019-0108-8,image,internal,control
10.1038/onc.2012.311,image,internal,control
10.1038/onc.2009.130,image,internal,control
10.1038/s41379-018-0010-1,image,internal,control
10.1038/s41591-023-02589-w,image,internal,control
10.1007/s00520-022-07359-x,image,internal,control
10.1038/s41388-018-0445-3,image,internal,control
10.1038/s41388-018-0204-5,image,internal,control
10.1038/s41388-020-1370-9,image,internal,control
10.7150/thno.24454,image,internal,control
10.1007/s10549-024-07303-z,image,internal,control
10.1002/lio2.610,image,internal,control
10.1038/s41388-019-0945-9,image,internal,control
10.1016/j.ccell.2019.02.009,image,internal,control
10.1186/1471-2407-5-75,image,internal,control
10.1093/bfgp/elx036,image,internal,control
10.1371/journal.pone.0042345,image,internal,control
10.3390/ijms21165751,image,internal,control
10.1038/s41388-020-01563-x,image,internal,control
10.1038/s41388-018-0282-4,image,internal,control
10.1136/jmedgenet-2018-105610,image,internal,control
10.1259/bjr.20150588,image,internal,control
10.1002/1878-0261.12629,image,external,paper_mill
10.1002/2211-5463.12404,image,external,paper_mill
10.1002/cam4.1281,image,external,paper_mill
10.1002/cam4.1682,image,external,paper_mill
10.1002/cam4.1860,image,external,paper_mill
10.1002/cam4.1960,image,external,paper_mill
10.1002/cam4.2494,image,external,paper_mill
10.1002/cam4.2611,image,external,paper_mill
10.1002/iub.2366,image,external,paper_mill
10.1002/jcla.23116,image,external,paper_mill
10.1002/jcla.24424,image,external,paper_mill
10.1002/kjm2.12284,image,external,paper_mill
10.1002/kjm2.12582,image,external,paper_mill
10.1002/mgg3.1091,image,external,paper_mill
10.1002/mgg3.1112,image,external,paper_mill
10.1007/s10528-020-10007-w,image,external,paper_mill
10.1007/s10565-021-09597-x,image,external,paper_mill
10.1007/s13577-017-0170-1,image,external,paper_mill
10.1016/j.ajur.2021.12.007,image,external,paper_mill
10.1016/j.heliyon.2022.e10085,image,external,paper_mill
10.1016/j.omtn.2020.05.032,image,external,paper_mill
10.1016/j.omto.2021.06.009,image,external,paper_mill
10.1016/j.redox.2019.101120,image,external,paper_mill
10.1016/j.reth.2019.07.007,image,external,paper_mill
10.1016/j.tranon.2021.101036,image,external,paper_mill
10.1016/j.tranon.2021.101088,image,external,paper_mill
10.1016/j.tranon.2022.101468,image,external,paper_mill
10.1038/s41419-018-0497-x,image,external,paper_mill
10.1038/s41419-018-0881-6,image,external,paper_mill
10.1038/s41419-018-1170-0,image,external,paper_mill
10.1038/s41419-019-1439-y,image,external,paper_mill
10.1038/s41419-019-1660-8,image,external,paper_mill
10.1038/s41419-019-1922-5,image,external,paper_mill
10.1038/s41419-019-2170-4,image,external,paper_mill
10.1038/s41419-020-2247-0,image,external,paper_mill
10.1038/s41419-020-2416-1,image,external,paper_mill
10.1038/s41419-021-03612-z,image,external,paper_mill
10.1038/s41419-021-03637-4,image,external,paper_mill
10.1038/s41419-021-03700-0,image,external,paper_mill
10.1038/s41419-021-04186-6,image,external,paper_mill
10.1038/s41419-022-04723-x,image,external,paper_mill
10.1038/s41419-022-04908-4,image,external,paper_mill
10.1038/s41420-019-0164-8,image,external,paper_mill
10.1038/s41598-017-01832-y,image,external,paper_mill
10.1038/s41598-017-06472-w,image,external,paper_mill
10.1038/srep26679,image,external,paper_mill
10.1038/srep33676,image,external,paper_mill
10.1038/srep40464,image,external,paper_mill
10.1039/c8ra01231h,image,external,paper_mill
10.1042/bsr20181147,image,external,paper_mill
10.1042/bsr20191182,image,external,paper_mill
10.1042/bsr20193867,image,external,paper_mill
10.1042/bsr20194309,image,external,paper_mill
10.1080/10717544.2020.1754528,image,external,paper_mill
10.1080/13880209.2022.2112963,image,external,paper_mill
10.1080/15384047.2022.2102360,image,external,paper_mill
10.1080/21655979.2020.1809922,image,external,paper_mill
10.1080/21655979.2021.2024653,image,external,paper_mill
10.1080/21655979.2022.2054755,image,external,paper_mill
10.1080/21655979.2022.2081463,image,external,paper_mill
10.1111/1440-1681.13271,image,external,paper_mill
10.1111/1440-1681.13320,image,external,paper_mill
10.1111/1759-7714.13051,image,external,paper_mill
10.1111/1759-7714.14300,image,external,paper_mill
10.1111/cpr.12548,image,external,paper_mill
10.1111/cpr.12640,image,external,paper_mill
10.1111/cpr.12739,image,external,paper_mill
10.1111/cpr.12833,image,external,paper_mill
10.1111/jcmm.12852,image,external,paper_mill
10.1111/jcmm.13483,image,external,paper_mill
10.1111/jcmm.13497,image,external,paper_mill
10.1111/jcmm.13620,image,external,paper_mill
10.1111/jcmm.13658,image,external,paper_mill
10.1111/jcmm.14062,image,external,paper_mill
10.1111/jcmm.14148,image,external,paper_mill
10.1111/jcmm.14384,image,external,paper_mill
10.1111/jcmm.14386,image,external,paper_mill
10.1111/jcmm.15114,image,external,paper_mill
10.1111/jcmm.15133,image,external,paper_mill
10.1111/jcmm.15156,image,external,paper_mill
10.1111/jcmm.15414,image,external,paper_mill
10.1111/jcmm.15415,image,external,paper_mill
10.1111/jcmm.15751,image,external,paper_mill
10.1111/jcmm.16003,image,external,paper_mill
10.1111/jcmm.16989,image,external,paper_mill
10.1111/os.12796,image,external,paper_mill
10.1155/2014/624573,image,external,paper_mill
10.1155/2014/827989,image,external,paper_mill
10.1155/2015/134027,image,external,paper_mill
10.1155/2015/172165,image,external,paper_mill
10.1155/2019/3909102,image,external,paper_mill
10.1155/2019/4586405,image,external,paper_mill
10.1155/2019/4824902,image,external,paper_mill
10.1155/2019/8186091,image,external,paper_mill
10.1155/2019/9436047,image,external,paper_mill
10.1155/2020/4027627,image,external,paper_mill
10.1155/2020/5654380,image,external,paper_mill
10.1155/2020/8450606,image,external,paper_mill
10.1155/2021/2804478,image,external,paper_mill
10.1155/2021/5572402,image,external,paper_mill
10.1155/2021/8249293,image,external,paper_mill
10.1155/2021/9652420,image,external,paper_mill
10.1155/2021/9964159,image,external,paper_mill
10.1155/2022/6426800,image,external,paper_mill
10.1167/iovs.61.6.41,image,external,paper_mill
10.1167/iovs.63.9.20,image,external,paper_mill
10.1177/1533034617735931,image,external,paper_mill
10.1186/1471-2407-14-378,image,external,paper_mill
10.1186/1476-4598-13-137,image,external,paper_mill
10.1186/1476-4598-13-206,image,external,paper_mill
10.1186/1476-4598-13-252,image,external,paper_mill
10.1186/1746-1596-9-96,image,external,paper_mill
10.1186/s11658-020-00229-6,image,external,paper_mill
10.1186/s11658-021-00251-2,image,external,paper_mill
10.1186/s11671-021-03640-w,image,external,paper_mill
10.1186/s12885-015-1119-y,image,external,paper_mill
10.1186/s12885-020-07767-4,image,external,paper_mill
10.1186/s12885-021-08528-7,image,external,paper_mill
10.1186/s12885-021-08779-4,image,external,paper_mill
10.1186/s12890-020-01276-7,image,external,paper_mill
10.1186/s12935-016-0349-7,image,external,paper_mill
10.1186/s12935-018-0543-x,image,external,paper_mill
10.1186/s12935-018-0671-3,image,external,paper_mill
10.1186/s12935-018-0694-9,image,external,paper_mill
10.1186/s12935-019-0823-0,image,external,paper_mill
10.1186/s12935-019-0838-6,image,external,paper_mill
10.1186/s12935-020-01231-w,image,external,paper_mill
10.1186/s12935-020-01580-6,image,external,paper_mill
10.1186/s12935-020-01717-7,image,external,paper_mill
10.1186/s12935-020-1154-x,image,external,paper_mill
10.1186/s12943-018-0849-2,image,external,paper_mill
10.1186/s12943-018-0931-9,image,external,paper_mill
10.1186/s12943-019-0981-7,image,external,paper_mill
10.1186/s12943-019-1116-x,image,external,paper_mill
10.1186/s12943-019-1128-6,image,external,paper_mill
10.1186/s12943-020-01248-9,image,external,paper_mill
10.1186/s12943-020-1145-5,image,external,paper_mill
10.1186/s12957-015-0607-5,image,external,paper_mill
10.1186/s12957-016-0784-x,image,external,paper_mill
10.1186/s12964-018-0244-z,image,external,paper_mill
10.1186/s12964-020-0518-0,image,external,paper_mill
10.1186/s12964-021-00729-8,image,external,paper_mill
10.1186/s12967-015-0595-9,image,external,paper_mill
10.1186/s12967-021-02872-9,image,external,paper_mill
10.1186/s13000-014-0198-4,image,external,paper_mill
10.1186/s13000-015-0255-7,image,external,paper_mill
10.1186/s13046-015-0177-y,image,external,paper_mill
10.1186/s13046-015-0197-7,image,external,paper_mill
10.1186/s13046-015-0229-3,image,external,paper_mill
10.1186/s13046-015-0245-3,image,external,paper_mill
10.1186/s13046-016-0371-6,image,external,paper_mill
10.1186/s13046-017-0666-2,image,external,paper_mill
10.1186/s13046-019-1069-3,image,external,paper_mill
10.1186/s13046-019-1504-5,image,external,paper_mill
10.1186/s13046-020-01720-w,image,external,paper_mill
10.1186/s13046-020-01779-5,image,external,paper_mill
10.1186/s13048-019-0593-2,image,external,paper_mill
10.1186/s13048-020-00639-2,image,external,paper_mill
10.1186/s13048-020-00646-3,image,external,paper_mill
10.1186/s13568-020-01035-1,image,external,paper_mill
10.1186/s13568-020-01060-0,image,external,paper_mill
10.1186/s13568-020-01072-w,image,external,paper_mill
10.1186/s13568-020-01107-2,image,external,paper_mill
10.1186/s13578-019-0359-y,image,external,paper_mill
10.1186/s40659-016-0086-3,image,external,paper_mill
10.1186/s40659-018-0162-y,image,external,paper_mill
10.1186/s40659-019-0214-y,image,external,paper_mill
10.1186/s40659-019-0243-6,image,external,paper_mill
10.1242/bio.015552,image,external,paper_mill
10.12659/msm.904892,image,external,paper_mill
10.12659/msm.905450,image,external,paper_mill
10.12659/msm.909669,image,external,paper_mill
10.12659/msm.910998,image,external,paper_mill
10.12659/msm.912643,image,external,paper_mill
10.12659/msm.913915,image,external,paper_mill
10.12659/msm.913974,image,external,paper_mill
10.12659/msm.915463,image,external,paper_mill
10.12659/msm.916635,image,external,paper_mill
10.12659/msm.918454,image,external,paper_mill
10.12659/msm.920095,image,external,paper_mill
10.1302/2046-3758.76.bjr-2017-0138.r1,image,external,paper_mill
10.1371/journal.pone.0054081,image,external,paper_mill
10.1371/journal.pone.0066999,image,external,paper_mill
10.1371/journal.pone.0073213,image,external,paper_mill
10.1371/journal.pone.0087806,image,external,paper_mill
10.1371/journal.pone.0149120,image,external,paper_mill
10.14336/ad.2019.0512,image,external,paper_mill
10.1515/tnsci-2018-0026,image,external,paper_mill
10.1536/ihj.18-048,image,external,paper_mill
10.1590/1414-431x20176793,image,external,paper_mill
10.1590/1414-431x20176803,image,external,paper_mill
10.1590/1414-431x20186452,image,external,paper_mill
10.1590/1414-431x20186839,image,external,paper_mill
10.1590/1414-431x20187665,image,external,paper_mill
10.1590/1414-431x20197728,image,external,paper_mill
10.1590/1414-431x20198834,image,external,paper_mill
10.1590/acb370606,image,external,paper_mill
10.1620/tjem.223.137,image,external,paper_mill
10.17179/excli2017-690,image,external,paper_mill
10.17179/excli2017-932,image,external,paper_mill
10.17305/bjbms.2020.4538,image,external,paper_mill
10.18632/aging.101418,image,external,paper_mill
10.18632/aging.102109,image,external,paper_mill
10.18632/aging.102505,image,external,paper_mill
10.18632/aging.102673,image,external,paper_mill
10.18632/aging.103300,image,external,paper_mill
10.18632/aging.103386,image,external,paper_mill
10.18632/aging.103476,image,external,paper_mill
10.18632/aging.104037,image,external,paper_mill
10.18632/aging.104130,image,external,paper_mill
10.18632/aging.104187,image,external,paper_mill
10.18632/aging.202847,image,external,paper_mill
10.18632/aging.203114,image,external,paper_mill
10.18632/aging.203521,image,external,paper_mill
10.18632/oncotarget.11351,image,external,paper_mill
10.18632/oncotarget.12329,image,external,paper_mill
10.18632/oncotarget.13131,image,external,paper_mill
10.18632/oncotarget.13182,image,external,paper_mill
10.18632/oncotarget.14854,image,external,paper_mill
10.18632/oncotarget.15199,image,external,paper_mill
10.18632/oncotarget.15318,image,external,paper_mill
10.18632/oncotarget.15519,image,external,paper_mill
10.18632/oncotarget.16587,image,external,paper_mill
10.18632/oncotarget.17045,image,external,paper_mill
10.18632/oncotarget.17189,image,external,paper_mill
10.18632/oncotarget.17783,image,external,paper_mill
10.18632/oncotarget.20487,image,external,paper_mill
10.18632/oncotarget.20785,image,external,paper_mill
10.18632/oncotarget.21069,image,external,paper_mill
10.18632/oncotarget.3185,image,external,paper_mill
10.18632/oncotarget.3265,image,external,paper_mill
10.18632/oncotarget.3713,image,external,paper_mill
10.18632/oncotarget.3889,image,external,paper_mill
10.18632/oncotarget.4291,image,external,paper_mill
10.18632/oncotarget.4705,image,external,paper_mill
10.18632/oncotarget.4862,image,external,paper_mill
10.18632/oncotarget.5309,image,external,paper_mill
10.18632/oncotarget.7559,image,external,paper_mill
10.18632/oncotarget.9068,image,external,paper_mill
10.21037/atm-20-4558,image,external,paper_mill
10.21037/atm-20-4987,image,external,paper_mill
10.21037/atm-20-5556,image,external,paper_mill
10.21037/atm-20-5842,image,external,paper_mill
10.21037/atm-20-6109,image,external,paper_mill
10.21037/atm-20-6331,image,external,paper_mill
10.21037/atm-20-7201,image,external,paper_mill
10.21037/atm-20-7365,image,external,paper_mill
10.21037/atm-21-6123,image,external,paper_mill
10.21037/jtd-20-1555,image,external,paper_mill
10.21037/tcr-19-2967b,image,external,paper_mill
10.21037/tcr.2020.02.24,image,external,paper_mill
10.2147/cmar.s180418,image,external,paper_mill
10.2147/cmar.s180754,image,external,paper_mill
10.2147/cmar.s183085,image,external,paper_mill
10.2147/cmar.s184392,image,external,paper_mill
10.2147/cmar.s199239,image,external,paper_mill
10.2147/cmar.s230171,image,external,paper_mill
10.2147/cmar.s237285,image,external,paper_mill
10.2147/cmar.s239981,image,external,paper_mill
10.2147/cmar.s260866,image,external,paper_mill
10.2147/cmar.s263619,image,external,paper_mill
10.2147/cmar.s265545,image,external,paper_mill
10.2147/cmar.s267355,image,external,paper_mill
10.2147/cmar.s270515,image,external,paper_mill
10.2147/cmar.s277524,image,external,paper_mill
10.2147/cmar.s284277,image,external,paper_mill
10.2147/cmar.s333416,image,external,paper_mill
10.2147/dddt.s222694,image,external,paper_mill
10.2147/dddt.s97614,image,external,paper_mill
10.2147/ijgm.s275016,image,external,paper_mill
10.2147/ott.s107214,image,external,paper_mill
10.2147/ott.s116509,image,external,paper_mill
10.2147/ott.s127872,image,external,paper_mill
10.2147/ott.s156810,image,external,paper_mill
10.2147/ott.s158355,image,external,paper_mill
10.2147/ott.s173750,image,external,paper_mill
10.2147/ott.s182525,image,external,paper_mill
10.2147/ott.s184078,image,external,paper_mill
10.2147/ott.s186923,image,external,paper_mill
10.2147/ott.s192377,image,external,paper_mill
10.2147/ott.s193787,image,external,paper_mill
10.2147/ott.s196142,image,external,paper_mill
10.2147/ott.s202941,image,external,paper_mill
10.2147/ott.s205688,image,external,paper_mill
10.2147/ott.s206180,image,external,paper_mill
10.2147/ott.s207542,image,external,paper_mill
10.2147/ott.s208988,image,external,paper_mill
10.2147/ott.s214514,image,external,paper_mill
10.2147/ott.s222564,image,external,paper_mill
10.2147/ott.s225023,image,external,paper_mill
10.2147/ott.s227467,image,external,paper_mill
10.2147/ott.s227644,image,external,paper_mill
10.2147/ott.s227831,image,external,paper_mill
10.2147/ott.s230795,image,external,paper_mill
10.2147/ott.s230847,image,external,paper_mill
10.2147/ott.s233906,image,external,paper_mill
10.2147/ott.s238070,image,external,paper_mill
10.2147/ott.s245254,image,external,paper_mill
10.2147/ott.s249853,image,external,paper_mill
10.2147/ott.s251714,image,external,paper_mill
10.2147/ott.s253470,image,external,paper_mill
10.2147/ott.s263728,image,external,paper_mill
10.2147/ott.s282350,image,external,paper_mill
10.30498/ijb.2019.85193,image,external,paper_mill
10.3233/cbm-190534,image,external,paper_mill
10.3389/fcell.2020.620603,image,external,paper_mill
10.3389/fcell.2021.607001,image,external,paper_mill
10.3389/fcell.2021.650999,image,external,paper_mill
10.3389/fcell.2021.653808,image,external,paper_mill
10.3389/fcell.2021.709490,image,external,paper_mill
10.3389/fonc.2020.00116,image,external,paper_mill
10.3389/fonc.2021.711735,image,external,paper_mill
10.3390/ijms140714171,image,external,paper_mill
10.3727/096504016x14519995067562,image,external,paper_mill
10.3727/096504016x14685034103275,image,external,paper_mill
10.3727/096504016x14821952695683,image,external,paper_mill
10.3727/096504016x14826089198805,image,external,paper_mill
10.3727/096504017x14886679715637,image,external,paper_mill
10.3727/096504017x14920318811712,image,external,paper_mill
10.3727/096504018x15179680859017,image,external,paper_mill
10.3727/096504018x15188352857437,image,external,paper_mill
10.3892/br.2013.98,image,external,paper_mill
10.3892/etm.2011.278,image,external,paper_mill
10.3892/etm.2012.787,image,external,paper_mill
10.3892/etm.2013.926,image,external,paper_mill
10.3892/etm.2013.988,image,external,paper_mill
10.3892/etm.2015.2656,image,external,paper_mill
10.3892/etm.2017.4255,image,external,paper_mill
10.3892/etm.2017.4426,image,external,paper_mill
10.3892/etm.2017.4586,image,external,paper_mill
10.3892/etm.2017.5016,image,external,paper_mill
10.3892/etm.2017.5169,image,external,paper_mill
10.3892/etm.2018.6083,image,external,paper_mill
10.3892/etm.2021.10662,image,external,paper_mill
10.3892/ijmm.2012.884,image,external,paper_mill
10.3892/ijmm.2018.3533,image,external,paper_mill
10.3892/ijmm.2018.3860,image,external,paper_mill
10.3892/ijmm.2020.4666,image,external,paper_mill
10.3892/ijmm.2020.4671,image,external,paper_mill
10.3892/ijmm.2020.4750,image,external,paper_mill
10.3892/ijmm.2021.5044,image,external,paper_mill
10.3892/ijo.2017.4122,image,external,paper_mill
10.3892/ijo.2022.5304,image,external,paper_mill
10.3892/mmr.2014.2301,image,external,paper_mill
10.3892/mmr.2014.2819,image,external,paper_mill
10.3892/mmr.2015.3477,image,external,paper_mill
10.3892/mmr.2015.4014,image,external,paper_mill
10.3892/mmr.2015.4423,image,external,paper_mill
10.3892/mmr.2015.4659,image,external,paper_mill
10.3892/mmr.2016.4800,image,external,paper_mill
10.3892/mmr.2016.5136,image,external,paper_mill
10.3892/mmr.2017.6956,image,external,paper_mill
10.3892/mmr.2017.6975,image,external,paper_mill
10.3892/mmr.2017.7840,image,external,paper_mill
10.3892/mmr.2017.8006,image,external,paper_mill
10.3892/mmr.2017.8282,image,external,paper_mill
10.3892/mmr.2018.8650,image,external,paper_mill
10.3892/mmr.2018.8769,image,external,paper_mill
10.3892/mmr.2018.9085,image,external,paper_mill
10.3892/mmr.2018.9096,image,external,paper_mill
10.3892/mmr.2018.9524,image,external,paper_mill
10.3892/mmr.2018.9616,image,external,paper_mill
10.3892/mmr.2018.9630,image,external,paper_mill
10.3892/mmr.2018.9651,image,external,paper_mill
10.3892/mmr.2019.10325,image,external,paper_mill
10.3892/mmr.2019.10381,image,external,paper_mill
10.3892/mmr.2019.10652,image,external,paper_mill
10.3892/mmr.2019.9934,image,external,paper_mill
10.3892/mmr.2021.11902,image,external,paper_mill
10.3892/ol.2012.1058,image,external,paper_mill
10.3892/ol.2012.1084,image,external,paper_mill
10.3892/ol.2015.2865,image,external,paper_mill
10.3892/ol.2016.4143,image,external,paper_mill
10.3892/ol.2017.6429,image,external,paper_mill
10.3892/ol.2018.8038,image,external,paper_mill
10.3892/ol.2018.8268,image,external,paper_mill
10.3892/ol.2018.9391,image,external,paper_mill
10.3892/ol.2019.10700,image,external,paper_mill
10.3892/ol.2020.11547,image,external,paper_mill
10.3892/ol.2020.11687,image,external,paper_mill
10.3892/ol.2020.12127,image,external,paper_mill
10.3892/ol.2022.13220,image,external,paper_mill
10.3892/or.2014.3483,image,external,paper_mill
10.3892/or.2015.3861,image,external,paper_mill
10.3892/or.2016.4833,image,external,paper_mill
10.3892/or.2016.5020,image,external,paper_mill
10.3892/or.2016.5290,image,external,paper_mill
10.3892/or.2016.5320,image,external,paper_mill
10.3892/or.2017.5805,image,external,paper_mill
10.3892/or.2018.6204,image,external,paper_mill
10.3892/or.2018.6736,image,external,paper_mill
10.3892/or.2018.6821,image,external,paper_mill
10.5114/aoms.2017.71420,image,external,paper_mill
10.5114/aoms.2018.73711,image,external,paper_mill
10.5114/aoms.2018.79429,image,external,paper_mill
10.5114/aoms.2019.85152,image,external,paper_mill
10.5114/aoms.2019.86798,image,external,paper_mill
10.5114/aoms.2019.90913,image,external,paper_mill
10.5230/jgc.2021.21.e40,image,external,paper_mill
10.5230/jgc.2022.22.e26,image,external,paper_mill
10.5650/jos.ess20087,image,external,paper_mill
10.5650/jos.ess21013,image,external,paper_mill
10.7150/jca.51253,image,external,paper_mill
10.7150/thno.44688,image,external,paper_mill
10.1007/s12032-017-0893-6,image,external,control
10.3390/jpm13071163,image,external,control
10.1016/j.tipsro.2021.07.001,image,external,control
10.1038/bjc.2011.323,image,external,control
10.1177/20584601241258675,image,external,control
10.1186/s13058-018-1049-0,image,external,control
10.1186/bcr1075,image,external,control
10.1017/s0007114507853414,image,external,control
10.1007/s10552-022-01637-z,image,external,control
10.1186/s12913-022-08719-3,image,external,control
10.1007/s00520-022-07359-x,image,external,control
10.1111/jdv.18436,image,external,control
10.1038/s41698-024-00712-9,image,external,control
10.1002/pon.6074,image,external,control
10.3389/fonc.2020.00109,image,external,control
10.1038/s41598-018-27739-w,image,external,control
10.1017/s1478951521000110,image,external,control
10.1186/s12885-016-2874-0,image,external,control
10.1155/2013/703854,image,external,control
10.1186/2191-219x-1-18,image,external,control
10.3390/ph14010057,image,external,control
10.1111/and.14410,image,external,control
10.1097/cej.0000000000000311,image,external,control
10.1186/bcr1129,image,external,control
10.1371/journal.pmed.1003903,image,external,control
10.1007/s00701-017-3311-0,image,external,control
10.1371/journal.pone.0155242,image,external,control
10.1136/bmjopen-2021-052121,image,external,control
10.1093/gerona/glu222,image,external,control
10.1038/s41598-021-83102-6,image,external,control
10.1038/bjc.2012.461,image,external,control
10.1186/s12875-024-02669-x,image,external,control
10.1186/1755-8794-1-15,image,external,control
10.3390/cancers14040913,image,external,control
10.1038/onc.2015.196,image,external,control
10.1007/s00262-020-02834-y,image,external,control
10.1007/s00005-012-0205-y,image,external,control
10.1038/cddis.2014.545,image,external,control
10.2196/47195,image,external,control
10.1007/s10552-009-9488-7,image,external,control
10.1172/jci67280,image,external,control
10.3389/fphar.2012.00151,image,external,control
10.3389/fonc.2021.640490,image,external,control
10.1097/hs9.0000000000000785,image,external,control
10.1117/1.jmi.12.s1.s13003,image,external,control
10.1371/journal.pone.0134185,image,external,control
10.1038/bjc.2016.312,image,external,control
10.1245/s10434-023-13964-9,image,external,control
10.3389/froh.2021.666895,image,external,control
10.1259/bjr.20150588,image,external,control
10.1007/s00384-016-2628-0,image,external,control
10.1093/bjsopen/zrab067,image,external,control
10.1038/sj.bjc.6690755,image,external,control
10.1186/bcr1072,image,external,control
10.1186/s13148-020-00920-7,image,external,control
10.1007/s00262-011-0991-9,image,external,control
10.1007/s40336-017-0238-7,image,external,control
10.1007/s10549-012-2376-y,image,external,control
10.1038/bjc.2015.108,image,external,control
10.1038/s41375-018-0113-1,image,external,control
10.4137/grsb.s562,image,external,control
10.1186/s13053-021-00203-z,image,external,control
10.1186/s13058-024-01812-x,image,external,control
10.1016/j.esmoop.2024.103475,image,external,control
10.4161/cc.29339,image,external,control
10.1038/sj.bjc.6602543,image,external,control
10.1016/j.jaccao.2019.12.001,image,external,control
10.1007/s10549-024-07564-8,image,external,control
10.1186/s12885-019-6485-4,image,external,control
10.3390/cancers13225713,image,external,control
10.1186/1471-2407-14-458,image,external,control
10.1111/aogs.14710,image,external,control
10.1002/msb.145122,image,external,control
10.1038/s41598-021-94154-z,image,external,control
10.3390/cancers12030767,image,external,control
10.1007/s12105-024-01680-z,image,external,control
10.1093/bfgp/elx036,image,external,control
10.1007/s00467-020-04546-y,image,external,control
10.1016/j.tranon.2020.100793,image,external,control
10.1001/jamanetworkopen.2023.54577,image,external,control
10.1016/j.ctro.2021.01.013,image,external,control
10.1186/bcr2788,image,external,control
10.7554/elife.61469,image,external,control
10.1001/jamainternmed.2023.2442,image,external,control
10.3390/cancers16122261,image,external,control
10.4081/ejh.2014.2227,image,external,control
10.1172/jci159181,image,external,control
10.1371/journal.pone.0199038,image,external,control
10.3892/ijo_00000705,image,external,control
10.3390/cancers15071972,image,external,control
10.1002/adhm.202301137,image,external,control
10.1117/1.jmi.9.3.033503,image,external,control
10.1038/s41598-022-16077-7,image,external,control
10.1007/s00330-021-07907-9,image,external,control
10.1371/journal.pone.0102519,image,external,control
10.1007/s00405-010-1417-6,image,external,control
10.1186/1471-2407-9-67,image,external,control
10.1186/bcr1140,image,external,control
10.1186/s12885-023-11562-2,image,external,control
10.1371/journal.pone.0287486,image,external,control
10.3390/cancers13040692,image,external,control
10.1186/1897-4287-12-14,image,external,control
10.3390/cancers11121981,image,external,control
10.1002/ijc.33902,image,external,control
10.1371/journal.pone.0052795,image,external,control
10.1002/hed.27945,image,external,control
10.1186/1471-2407-8-98,image,external,control
10.1016/j.celrep.2019.02.025,image,external,control
10.1038/bjc.2012.220,image,external,control
10.1038/s41598-024-60451-6,image,external,control
10.1186/s12906-022-03790-z,image,external,control
10.1186/s12904-021-00758-7,image,external,control
10.3390/cancers14030525,image,external,control
10.1155/2013/413783,image,external,control
10.1016/j.tranon.2017.04.012,image,external,control
10.3390/cancers14163933,image,external,control
10.1038/bjc.2014.413,image,external,control
10.2967/jnumed.121.261993,image,external,control
10.3892/or.18.5.1249,image,external,control
10.1136/bmjopen-2018-027816,image,external,control
10.1002/ijc.28052,image,external,control
10.1186/s13014-017-0829-5,image,external,control
10.1107/s2059798322004132,image,external,control
10.1186/bcr3080,image,external,control
10.1136/rmdopen-2022-002465,image,external,control
10.1371/journal.pone.0042345,image,external,control
10.3389/fimmu.2021.640578,image,external,control
10.1186/s12885-016-2104-9,image,external,control
10.1002/acn3.52232,image,external,control
10.1038/s41467-019-12652-1,image,external,control
10.1038/bjc.2011.295,image,external,control
10.1080/2162402x.2020.1783046,image,external,control
10.1200/jco.19.00761,image,external,control
10.1007/s00384-018-3074-y,image,external,control
10.1186/s13053-016-0062-5,image,external,control
10.1038/cddiscovery.2016.81,image,external,control
10.3390/jpm11030201,image,external,control
10.1186/s13058-023-01712-6,image,external,control
10.1007/s10549-024-07352-4,image,external,control
10.1186/s12885-016-2923-8,image,external,control
10.1186/s13063-018-3083-8,image,external,control
10.1007/s10549-024-07303-z,image,external,control
10.4236/ojn.2016.65038,image,external,control
10.1007/s10549-014-3057-9,image,external,control
10.3390/cancers15143571,image,external,control
10.1371/journal.pone.0208115,image,external,control
10.1038/s41436-020-01029-1,image,external,control
10.1038/bjc.2011.112,image,external,control
10.1371/journal.pone.0277784,image,external,control
10.4240/wjgs.v9.i11.215,image,external,control
10.1007/s40846-023-00818-8,image,external,control
10.3390/ijms24043830,image,external,control
10.3109/0284186x.2014.923934,image,external,control
10.1177/02841851211058929,image,external,control
10.1371/journal.pone.0056795,image,external,control
10.1186/s12985-021-01613-0,image,external,control
10.1038/bjc.2011.151,image,external,control
10.1186/1471-2407-14-210,image,external,control
10.12688/f1000research.19260.1,image,external,control
10.1093/ajcp/aqad029,image,external,control
10.3389/fimmu.2024.1444007,image,external,control
10.1055/s-0031-1291523,image,external,control
10.3892/ijo_00000824,image,external,control
10.1016/j.euros.2022.12.004,image,external,control
10.1186/s13099-021-00403-x,image,external,control
10.1080/2162402x.2022.2111906,image,external,control
10.1016/j.clgc.2022.02.002,image,external,control
10.1002/ijc.32195,image,external,control
10.1007/s10689-016-9934-0,image,external,control
10.1136/bmjopen-2020-041706,image,external,control
10.1186/1471-2407-14-872,image,external,control
10.1186/s12885-018-4676-z,image,external,control
10.1186/1479-5876-7-16,image,external,control
10.1186/1471-2407-14-413,image,external,control
10.1093/nar/gkw785,image,external,control
10.1186/2193-1801-3-141,image,external,control
10.1093/narcan/zcab026,image,external,control
10.1186/s12885-016-2466-z,image,external,control
10.3109/03009734.2012.658974,image,external,control
10.1038/sj.bjc.6604244,image,external,control
10.1080/14796694.2024.2377531,image,external,control
10.1002/ijc.33963,image,external,control
10.3390/cancers13112631,image,external,control
10.3390/biom11020263,image,external,control
10.1186/s13027-021-00386-z,image,external,control
10.3389/fonc.2022.870863,image,external,control
10.1186/s12903-024-04466-5,image,external,control
10.1186/1471-2407-8-146,image,external,control
10.3390/ijms19124123,image,external,control
10.1136/bmjonc-2023-000039,image,external,control
10.3892/ol.2019.10224,image,external,control
10.21037/tau-22-78,image,external,control
10.4137/cgm.s11134,image,external,control
10.1038/sj.bjc.6604565,image,external,control
10.1002/ijc.33242,image,external,control
10.1038/sj.bjc.6690743,image,external,control
10.1186/s12885-019-5652-y,image,external,control
10.1186/s12885-024-12070-7,image,external,control
10.4236/jct.2021.126031,image,external,control
10.1371/journal.pone.0189300,image,external,control
10.3390/cancers12113428,image,external,control
10.3892/or.17.6.1501,image,external,control
10.1038/s41388-024-02976-8,image,external,control
10.15252/embj.2019102147,image,external,control
10.15252/embj.201592409,image,external,control
10.1016/j.ccell.2023.12.021,image,external,control
10.1038/onc.2015.302,image,external,control
10.1038/s41388-020-01563-x,image,external,control
10.1038/s41388-018-0419-5,image,external,control
10.1038/onc.2015.97,image,external,control
10.1038/d41591-019-00016-7,image,external,control
10.1016/j.cell.2021.12.023,image,external,control
10.1016/j.molcel.2017.09.024,image,external,control
10.1016/j.ccell.2023.12.005,image,external,control
10.1038/s41388-020-01389-7,image,external,control
10.15252/embj.2021108389,image,external,control
10.1038/onc.2011.496,image,external,control
10.1038/s41388-023-02709-3,image,external,control
10.1038/onc.2009.31,image,external,control
10.1038/onc.2011.549,image,external,control
10.1038/s41388-020-01493-8,image,external,control
10.1038/onc.2011.5,image,external,control
10.1038/onc.2009.271,image,external,control
10.1038/onc.2017.261,image,external,control
10.1038/onc.2011.528,image,external,control
10.1038/s44318-024-00099-0,image,external,control
10.1038/s41388-021-01779-5,image,external,control
10.1016/j.ccell.2018.03.018,image,external,control
10.1038/s41388-021-01787-5,image,external,control
10.1038/onc.2013.339,image,external,control
10.1038/onc.2012.1,image,external,control
10.1038/s41388-024-03206-x,image,external,control
10.1038/emboj.2010.129,image,external,control
10.1038/emboj.2010.358,image,external,control
10.1016/j.ccell.2023.10.004,image,external,control
10.1038/onc.2013.563,image,external,control
10.1038/onc.2015.91,image,external,control
10.1016/j.ccr.2013.05.014,image,external,control
10.1038/onc.2014.336,image,external,control
10.1038/s41388-024-03077-2,image,external,control
10.1038/onc.2011.480,image,external,control
10.1038/onc.2016.75,image,external,control
10.1016/j.cell.2009.12.040,image,external,control
10.1038/onc.2009.489,image,external,control
10.1038/onc.2012.565,image,external,control
10.1038/s41388-020-1280-x,image,external,control
10.1038/onc.2013.399,image,external,control
10.1038/onc.2015.483,image,external,control
10.1038/s41388-020-1335-z,image,external,control
10.1038/s41388-023-02747-x,image,external,control
10.1038/s41388-024-03135-9,image,external,control
10.1038/onc.2008.426,image,external,control
10.1038/onc.2013.334,image,external,control
10.15252/embj.201490147,image,external,control
10.1038/onc.2013.332,image,external,control
10.15252/embj.201693929,image,external,control
10.1038/onc.2010.605,image,external,control
10.1016/j.ccr.2008.02.010,image,external,control
10.1038/s41388-019-0776-8,image,external,control
10.1038/onc.2017.278,image,external,control
10.1016/j.ccell.2022.12.009,image,external,control
10.1038/s41591-022-01937-6,image,external,control
10.1038/s41388-019-0866-7,image,external,control
10.1038/onc.2012.523,image,external,control
10.1038/onc.2009.468,image,external,control
10.1016/j.cell.2023.02.014,image,external,control
10.1038/onc.2016.308,image,external,control
10.1038/onc.2011.187,image,external,control
10.1038/onc.2011.422,image,external,control
10.1038/s41388-022-02243-8,image,external,control
10.1038/onc.2012.620,image,external,control
10.1038/onc.2010.521,image,external,control
10.1038/onc.2016.198,image,external,control
10.1038/onc.2015.125,image,external,control
10.1038/s41388-019-0959-3,image,external,control
10.1038/s41591-023-02612-0,image,external,control
10.1038/sj.emboj.7601534,image,external,control
10.1038/onc.2011.450,image,external,control
10.1038/s41388-020-1370-9,image,external,control
10.1038/onc.2010.245,image,external,control
10.1038/onc.2013.562,image,external,control
10.1038/s41591-024-03244-8,image,external,control
10.1038/onc.2016.522,image,external,control
10.1038/onc.2010.563,image,external,control
10.1038/s41388-018-0652-y,image,external,control
10.1038/s41388-020-01507-5,image,external,control
10.1016/j.cell.2019.02.012,image,external,control
10.1038/s41388-021-02089-6,image,external,control
10.1038/s41388-022-02329-3,image,external,control
10.1038/onc.2016.394,image,external,control
10.1038/onc.2015.117,image,external,control
10.1038/onc.2011.2,image,external,control
10.1016/j.cell.2020.09.005,image,external,control
10.15252/embj.2022112198,image,external,control
10.1038/s41388-020-1270-z,image,external,control
10.1038/emboj.2008.253,image,external,control
10.1038/nm.4038,image,external,control
10.1016/j.ccell.2020.08.016,image,external,control
10.1038/onc.2011.633,image,external,control
10.1038/s41388-020-01524-4,image,external,control
10.1038/s41388-024-03228-5,image,external,control
10.1038/s41591-024-03077-5,image,external,control
10.1016/j.ccell.2018.06.007,image,external,control
10.1038/s41388-018-0546-z,image,external,control
10.1038/s41388-017-0060-8,image,external,control
10.1038/s41591-023-02496-0,image,external,control
10.1038/s41388-019-0871-x,image,external,control
10.1038/onc.2010.586,image,external,control
10.1038/s41388-024-03211-0,image,external,control
10.1038/onc.2013.271,image,external,control
10.1038/s41388-022-02209-w,image,external,control
10.1016/j.ccell.2017.03.007,image,external,control
10.1038/nm.4045,image,external,control
10.1038/s41388-020-1379-0,image,external,control
10.1038/s41388-018-0636-y,image,external,control
10.1038/s41388-019-0901-8,image,external,control
10.15252/embj.2019101654,image,external,control
10.1016/j.ccell.2014.12.002,image,external,control
10.1038/nm.2401,image,external,control
10.1038/s41388-019-0712-y,image,external,control
10.1038/s41388-020-01509-3,image,external,control
10.1038/s41388-019-0773-y,image,external,control
10.1038/s41388-024-03028-x,image,external,control
10.1016/j.ccell.2023.12.007,image,external,control
10.1038/s44318-024-00040-5,image,external,control
10.1038/s41388-017-0115-x,image,external,control
10.1038/s41591-023-02660-6,image,external,control
10.1038/s41388-021-02020-z,image,external,control
10.1038/s41388-018-0295-z,image,external,control
10.1038/s41388-019-1047-4,image,external,control
10.1038/s41388-023-02632-7,image,external,control
10.1038/s41388-021-01982-4,image,external,control
10.1038/onc.2011.354,image,external,control
10.1016/j.cell.2018.03.022,image,external,control
10.1038/s41388-019-1137-3,image,external,control
10.1038/onc.2016.29,image,external,control
10.1038/s41388-024-03098-x,image,external,control
10.1016/j.ccell.2019.12.012,image,external,control
10.1038/onc.2015.280,image,external,control
10.1038/s41388-022-02375-x,image,external,control
10.1038/onc.2013.583,image,external,control
10.1038/s44318-024-00080-x,image,external,control
10.1038/onc.2009.365,image,external,control
10.1038/s41591-018-0115-6,image,external,control
10.1038/s41388-023-02780-w,image,external,control
10.1038/s41591-018-0135-2,image,external,control
10.1038/s44318-024-00188-0,image,external,control
10.1038/nm.2377,image,external,control
10.1016/j.cell.2017.09.042,image,external,control
10.1038/onc.2009.130,image,external,control
10.1038/onc.2017.46,image,external,control
10.1016/j.ccell.2020.10.022,image,external,control
10.1038/s41388-022-02475-8,image,external,control
10.1038/onc.2016.415,image,external,control
10.1038/s41388-024-03148-4,image,external,control
10.1038/onc.2014.271,image,external,control
10.1038/onc.2012.552,image,external,control
10.1038/onc.2016.304,image,external,control
10.1038/s41388-021-01740-6,image,external,control
10.1038/onc.2017.247,image,external,control
10.1016/j.molcel.2019.05.036,image,external,control
10.1016/j.molcel.2017.01.021,image,external,control
10.1038/onc.2013.521,image,external,control
10.1038/onc.2013.342,image,external,control
10.1038/s41388-020-01595-3,image,external,control
10.1038/onc.2013.585,image,external,control
10.1038/s41388-020-1162-2,image,external,control
10.1038/onc.2014.474,image,external,control
10.1038/s41388-021-01711-x,image,external,control
10.1038/s41388-018-0265-5,image,external,control
10.1038/onc.2015.48,image,external,control
10.1016/j.cell.2022.09.005,image,external,control
10.15252/embj.2020107333,image,external,control
10.1016/j.cell.2021.05.021,image,external,control
10.1038/onc.2014.226,image,external,control
10.1038/onc.2014.211,image,external,control
10.1016/j.ccell.2021.01.001,image,external,control
10.1038/sj.emboj.7601886,image,external,control
10.1016/j.ccell.2022.12.003,image,external,control
10.1038/onc.2008.454,image,external,control
10.1016/j.ccell.2022.08.014,image,external,control
10.1038/onc.2016.161,image,external,control
10.1016/j.cell.2020.07.017,image,external,control
10.1038/s41388-021-01874-7,image,external,control
10.1038/s41591-021-01553-w,image,external,control
10.1038/s41388-017-0024-z,image,external,control
10.15252/embj.2018100526,image,external,control
10.1016/j.ccell.2021.09.002,image,external,control
10.1038/onc.2009.337,image,external,control
10.1038/onc.2015.473,image,external,control
10.1038/s41388-019-0940-1,image,external,control
10.1038/s41591-023-02568-1,image,external,control
10.1038/s41388-023-02773-9,image,external,control
10.1038/onc.2013.350,image,external,control
10.1038/onc.2016.459,image,external,control
10.1038/onc.2014.199,image,external,control
10.1038/onc.2011.644,image,external,control
10.1038/onc.2015.246,image,external,control
10.1038/s41388-019-0993-1,image,external,control
10.1038/onc.2014.410,image,external,control
10.1038/onc.2010.426,image,external,control
10.1038/s41388-018-0420-z,image,external,control
10.1038/onc.2011.518,image,external,control
10.1038/onc.2013.173,image,external,control
10.3389/fonc.2021.622727,fusion,internal,paper_mill
10.1155/2022/1979254,fusion,internal,paper_mill
10.1155/2022/2335443,fusion,internal,paper_mill
10.1155/2022/2525433,fusion,internal,paper_mill
10.3892/ol.2018.7769,fusion,internal,paper_mill
10.1007/s11010-020-03814-7,fusion,internal,paper_mill
10.1155/2022/9690401,fusion,internal,paper_mill
10.1155/2022/3963681,fusion,internal,paper_mill
10.1590/1414-431x20186896,fusion,internal,paper_mill
10.1155/2022/5081439,fusion,internal,paper_mill
10.1155/2022/6959237,fusion,internal,paper_mill
10.3892/etm.2014.1570,fusion,internal,paper_mill
10.1155/2021/3761858,fusion,internal,paper_mill
10.1155/2021/9984357,fusion,internal,paper_mill
10.1155/2022/8430276,fusion,internal,paper_mill
10.1155/2022/1447207,fusion,internal,paper_mill
10.1155/2022/3050199,fusion,internal,paper_mill
10.1155/2022/6602648,fusion,internal,paper_mill
10.1155/2021/6653747,fusion,internal,paper_mill
10.2147/ott.s239648,fusion,internal,paper_mill
10.1155/2022/1244836,fusion,internal,paper_mill
10.2147/ott.s268678,fusion,internal,paper_mill
10.1155/2022/9809932,fusion,internal,paper_mill
10.1002/2211-5463.12204,fusion,internal,paper_mill
10.2147/cmar.s198615,fusion,internal,paper_mill
10.1155/2022/9448144,fusion,internal,paper_mill
10.1186/s13048-020-00723-7,fusion,internal,paper_mill
10.1155/2022/1871841,fusion,internal,paper_mill
10.1155/2022/5821938,fusion,internal,paper_mill
10.1155/2022/2810379,fusion,internal,paper_mill
10.3892/mmr.2019.10424,fusion,internal,paper_mill
10.1155/2022/2203615,fusion,internal,paper_mill
10.2147/dddt.s146925,fusion,internal,paper_mill
10.3892/ol.2017.6210,fusion,internal,paper_mill
10.1155/2022/2992939,fusion,internal,paper_mill
10.1155/2022/5248230,fusion,internal,paper_mill
10.1155/2022/8450673,fusion,internal,paper_mill
10.3389/fimmu.2021.681984,fusion,internal,paper_mill
10.3892/mmr.2018.9090,fusion,internal,paper_mill
10.3892/mmr.2017.6658,fusion,internal,paper_mill
10.1042/bsr20180906,fusion,internal,paper_mill
10.1155/2021/9354202,fusion,internal,paper_mill
10.1155/2021/8023490,fusion,internal,paper_mill
10.2147/cmar.s286866,fusion,internal,paper_mill
10.2147/cmar.s269572,fusion,internal,paper_mill
10.1155/2022/9168441,fusion,internal,paper_mill
10.1155/2022/6370766,fusion,internal,paper_mill
10.1371/journal.pone.0119225,fusion,internal,paper_mill
10.1042/bsr20180571,fusion,internal,paper_mill
10.1155/2022/1345695,fusion,internal,paper_mill
10.1155/2022/4600751,fusion,internal,paper_mill
10.1155/2022/7642511,fusion,internal,paper_mill
10.1155/2022/6716143,fusion,internal,paper_mill
10.1155/2022/1707914,fusion,internal,paper_mill
10.1155/2022/9374774,fusion,internal,paper_mill
10.1155/2022/6914157,fusion,internal,paper_mill
10.2147/ijn.s136378,fusion,internal,paper_mill
10.3892/or.2016.4700,fusion,internal,paper_mill
10.1155/2022/6481846,fusion,internal,paper_mill
10.2147/ott.s257001,fusion,internal,paper_mill
10.1155/2022/4513208,fusion,internal,paper_mill
10.1155/2022/2988159,fusion,internal,paper_mill
10.1155/2022/9559496,fusion,internal,paper_mill
10.3892/mmr.2015.4180,fusion,internal,paper_mill
10.2147/ott.s218876,fusion,internal,paper_mill
10.1155/2021/6635947,fusion,internal,paper_mill
10.3892/mmr.2018.8979,fusion,internal,paper_mill
10.1155/2022/4135752,fusion,internal,paper_mill
10.1155/2019/5152072,fusion,internal,paper_mill
10.1155/2021/9201235,fusion,internal,paper_mill
10.3892/mmr.2015.4728,fusion,internal,paper_mill
10.1155/2022/9139338,fusion,internal,paper_mill
10.1155/2022/5997895,fusion,internal,paper_mill
10.3892/or.2012.1788,fusion,internal,paper_mill
10.1155/2021/7566365,fusion,internal,paper_mill
10.1177/0300060519896154,fusion,internal,paper_mill
10.1155/2022/5061112,fusion,internal,paper_mill
10.1002/2211-5463.12642,fusion,internal,paper_mill
10.3892/mmr.2018.9069,fusion,internal,paper_mill
10.1155/2022/2311471,fusion,internal,paper_mill
10.1042/bsr20190787,fusion,internal,paper_mill
10.1155/2022/4703524,fusion,internal,paper_mill
10.1155/2021/9977001,fusion,internal,paper_mill
10.1155/2022/2218140,fusion,internal,paper_mill
10.1155/2021/8666498,fusion,internal,paper_mill
10.1155/2022/1790104,fusion,internal,paper_mill
10.3892/ijo.2019.4875,fusion,internal,paper_mill
10.3892/etm.2020.8926,fusion,internal,paper_mill
10.1155/2021/3520034,fusion,internal,paper_mill
10.1155/2022/8100325,fusion,internal,paper_mill
10.18632/oncotarget.5476,fusion,internal,paper_mill
10.1042/bsr20181598,fusion,internal,paper_mill
10.5114/aoms.2019.83512,fusion,internal,paper_mill
10.1155/2022/3883082,fusion,internal,paper_mill
10.1155/2022/5852451,fusion,internal,paper_mill
10.1042/bsr20191611,fusion,internal,paper_mill
10.1177/1559325820918450,fusion,internal,paper_mill
10.1155/2022/5647599,fusion,internal,paper_mill
10.1155/2022/6336700,fusion,internal,paper_mill
10.3892/or.2016.4810,fusion,internal,paper_mill
10.1155/2022/2256690,fusion,internal,paper_mill
10.1155/2022/7199290,fusion,internal,paper_mill
10.2147/ott.s215012,fusion,internal,paper_mill
10.1186/s12943-018-0783-3,fusion,internal,paper_mill
10.3892/mmr.2017.7129,fusion,internal,paper_mill
10.1042/bsr20191062,fusion,internal,paper_mill
10.1155/2022/9385451,fusion,internal,paper_mill
10.1155/2022/8616535,fusion,internal,paper_mill
10.1042/bsr20140020,fusion,internal,paper_mill
10.3892/or.2015.4432,fusion,internal,paper_mill
10.1155/2022/9427076,fusion,internal,paper_mill
10.1155/2022/1293548,fusion,internal,paper_mill
10.1155/2022/5908402,fusion,internal,paper_mill
10.1155/2022/4767621,fusion,internal,paper_mill
10.1155/2021/5471281,fusion,internal,paper_mill
10.1177/1533033820917978,fusion,internal,paper_mill
10.1155/2022/8495159,fusion,internal,paper_mill
10.1155/2022/7065845,fusion,internal,paper_mill
10.1111/jcmm.16405,fusion,internal,paper_mill
10.1155/2022/7386516,fusion,internal,paper_mill
10.1155/2021/8522417,fusion,internal,paper_mill
10.2147/cmar.s277113,fusion,internal,paper_mill
10.2147/cmar.s305547,fusion,internal,paper_mill
10.3892/mmr.2021.11858,fusion,internal,paper_mill
10.1590/1414-431x202010222,fusion,internal,paper_mill
10.1155/2022/2373580,fusion,internal,paper_mill
10.2147/ott.s234144,fusion,internal,paper_mill
10.2147/cmar.s246166,fusion,internal,paper_mill
10.3892/ijmm.2019.4245,fusion,internal,paper_mill
10.1016/j.omtn.2019.10.007,fusion,internal,paper_mill
10.1155/2022/2329576,fusion,internal,paper_mill
10.1155/2021/6000385,fusion,internal,paper_mill
10.1590/1414-431x20198934,fusion,internal,paper_mill
10.3892/ol.2018.8049,fusion,internal,paper_mill
10.1155/2022/7676582,fusion,internal,paper_mill
10.1155/2021/8396438,fusion,internal,paper_mill
10.1155/2022/2279044,fusion,internal,paper_mill
10.1155/2023/9821500,fusion,internal,paper_mill
10.3892/etm.2017.4593,fusion,internal,paper_mill
10.2147/ott.s277284,fusion,internal,paper_mill
10.3892/or.2015.3730,fusion,internal,paper_mill
10.1155/2021/3291762,fusion,internal,paper_mill
10.3892/ijo.2018.4576,fusion,internal,paper_mill
10.1155/2022/3880356,fusion,internal,paper_mill
10.3892/mmr.2017.7758,fusion,internal,paper_mill
10.3892/etm.2020.9548,fusion,internal,paper_mill
10.1155/2021/7074343,fusion,internal,paper_mill
10.1155/2022/3193553,fusion,internal,paper_mill
10.3892/ol.2016.5044,fusion,internal,paper_mill
10.1155/2022/3197402,fusion,internal,paper_mill
10.3892/ijmm.2017.3118,fusion,internal,paper_mill
10.1186/s13046-019-1070-x,fusion,internal,paper_mill
10.2147/ott.s216342,fusion,internal,paper_mill
10.1155/2022/4277254,fusion,internal,paper_mill
10.1186/s12885-019-5425-7,fusion,internal,paper_mill
10.1155/2022/1417752,fusion,internal,paper_mill
10.1155/2021/9981815,fusion,internal,paper_mill
10.1002/2211-5463.13025,fusion,internal,paper_mill
10.1155/2022/5746761,fusion,internal,paper_mill
10.1155/2022/9084852,fusion,internal,paper_mill
10.1155/2022/1032503,fusion,internal,paper_mill
10.2147/ott.s168807,fusion,internal,paper_mill
10.3389/fonc.2023.1095362,fusion,internal,paper_mill
10.1155/2021/6631533,fusion,internal,paper_mill
10.1155/2023/8026918,fusion,internal,paper_mill
10.1155/2022/7102500,fusion,internal,paper_mill
10.3727/096504016x14719078133366,fusion,internal,paper_mill
10.1155/2021/6653439,fusion,internal,paper_mill
10.3892/ol.2021.12526,fusion,internal,paper_mill
10.3892/ol.2016.4577,fusion,internal,paper_mill
10.2147/ott.s210567,fusion,internal,paper_mill
10.3892/ijmm.2021.4887,fusion,internal,paper_mill
10.1155/2022/4878378,fusion,internal,paper_mill
10.1155/2021/6614784,fusion,internal,paper_mill
10.1155/2022/5358030,fusion,internal,paper_mill
10.1155/2021/6468405,fusion,internal,paper_mill
10.1155/2022/5472446,fusion,internal,paper_mill
10.1155/2022/9764770,fusion,internal,paper_mill
10.1002/mgg3.1349,fusion,internal,paper_mill
10.3892/mmr.2013.1501,fusion,internal,paper_mill
10.1155/2022/4891889,fusion,internal,paper_mill
10.1155/2022/9491454,fusion,internal,paper_mill
10.3892/or.2015.3986,fusion,internal,paper_mill
10.3892/ijo.2015.3214,fusion,internal,paper_mill
10.1042/bsr20180882,fusion,internal,paper_mill
10.1038/s41419-020-03170-w,fusion,internal,paper_mill
10.1155/2022/7451395,fusion,internal,paper_mill
10.1155/2022/6589651,fusion,internal,paper_mill
10.1155/2022/9170053,fusion,internal,paper_mill
10.1155/2023/2891120,fusion,internal,paper_mill
10.3892/or.2018.6264,fusion,internal,paper_mill
10.3892/mmr.2016.5534,fusion,internal,paper_mill
10.1155/2022/8973449,fusion,internal,paper_mill
10.1155/2022/9350211,fusion,internal,paper_mill
10.1155/2022/1893351,fusion,internal,paper_mill
10.1155/2022/2021613,fusion,internal,paper_mill
10.1155/2021/2281327,fusion,internal,paper_mill
10.3892/ijmm.2018.3464,fusion,internal,paper_mill
10.3892/ijo.2018.4467,fusion,internal,paper_mill
10.1155/2021/6929971,fusion,internal,paper_mill
10.1016/j.omtn.2019.08.024,fusion,internal,paper_mill
10.1155/2022/8429659,fusion,internal,paper_mill
10.3892/ijmm.2016.2754,fusion,internal,paper_mill
10.1155/2022/8776565,fusion,internal,paper_mill
10.3892/ol.2021.12790,fusion,internal,paper_mill
10.1155/2022/7963146,fusion,internal,paper_mill
10.1177/1559325820907536,fusion,internal,paper_mill
10.1155/2022/9948461,fusion,internal,paper_mill
10.1186/s13287-020-01908-z,fusion,internal,paper_mill
10.1155/2023/3370440,fusion,internal,paper_mill
10.1155/2022/9046507,fusion,internal,paper_mill
10.1155/2021/8811751,fusion,internal,paper_mill
10.3892/mmr.2019.9857,fusion,internal,paper_mill
10.1155/2021/1395131,fusion,internal,paper_mill
10.1155/2022/1889467,fusion,internal,paper_mill
10.1155/2022/9292538,fusion,internal,paper_mill
10.1155/2022/8615242,fusion,internal,paper_mill
10.3892/ol.2015.4001,fusion,internal,paper_mill
10.1042/bsr20180532,fusion,internal,paper_mill
10.1155/2021/8032209,fusion,internal,paper_mill
10.1042/bsr20180558,fusion,internal,paper_mill
10.1155/2021/7329072,fusion,internal,paper_mill
10.1155/2022/4893859,fusion,internal,paper_mill
10.3892/mmr.2018.9750,fusion,internal,paper_mill
10.3892/ol.2018.8128,fusion,internal,paper_mill
10.18632/oncotarget.17674,fusion,internal,paper_mill
10.1155/2022/1566441,fusion,internal,paper_mill
10.1155/2021/4854282,fusion,internal,paper_mill
10.1155/2022/3386999,fusion,internal,paper_mill
10.1155/2022/6044676,fusion,internal,paper_mill
10.1155/2022/1787854,fusion,internal,paper_mill
10.1155/2021/5521058,fusion,internal,paper_mill
10.1155/2022/6857685,fusion,internal,paper_mill
10.3892/ol.2014.2753,fusion,internal,paper_mill
10.1155/2023/5055869,fusion,internal,paper_mill
10.1155/2022/6181448,fusion,internal,paper_mill
10.1177/1533034618756784,fusion,internal,paper_mill
10.1155/2022/5218993,fusion,internal,paper_mill
10.1042/bsr20182196,fusion,internal,paper_mill
10.3892/or.2015.4485,fusion,internal,paper_mill
10.3892/mmr.2015.3683,fusion,internal,paper_mill
10.1155/2022/1747470,fusion,internal,paper_mill
10.3892/etm.2017.4828,fusion,internal,paper_mill
10.2147/ott.s160428,fusion,internal,paper_mill
10.1177/0300060519870915,fusion,internal,paper_mill
10.1155/2020/3740418,fusion,internal,paper_mill
10.1155/2020/8360841,fusion,internal,paper_mill
10.3892/ol.2018.8727,fusion,internal,paper_mill
10.3892/ol.2021.12988,fusion,internal,paper_mill
10.2147/ott.s219440,fusion,internal,paper_mill
10.3892/mmr.2014.2268,fusion,internal,paper_mill
10.1016/j.omtn.2020.05.008,fusion,internal,paper_mill
10.1155/2022/4411054,fusion,internal,paper_mill
10.1155/2022/1493847,fusion,internal,paper_mill
10.3892/etm.2018.6825,fusion,internal,paper_mill
10.3892/ijo.2019.4765,fusion,internal,paper_mill
10.3892/ol.2016.4904,fusion,internal,paper_mill
10.1155/2021/7561645,fusion,internal,paper_mill
10.1155/2022/5422360,fusion,internal,paper_mill
10.1155/2022/3398156,fusion,internal,paper_mill
10.3892/mmr.2017.6257,fusion,internal,paper_mill
10.1155/2021/1951364,fusion,internal,paper_mill
10.1371/journal.pone.0117714,fusion,internal,paper_mill
10.2147/ott.s213371,fusion,internal,paper_mill
10.1155/2022/8003525,fusion,internal,paper_mill
10.1155/2022/4326728,fusion,internal,paper_mill
10.1155/2021/9999863,fusion,internal,paper_mill
10.1155/2022/3235238,fusion,internal,paper_mill
10.1155/2021/1141619,fusion,internal,paper_mill
10.1155/2022/2184867,fusion,internal,paper_mill
10.1155/2021/1124055,fusion,internal,paper_mill
10.2147/ott.s180850,fusion,internal,paper_mill
10.1155/2023/3913351,fusion,internal,paper_mill
10.3892/ol.2020.11397,fusion,internal,paper_mill
10.3892/or.2018.6825,fusion,internal,paper_mill
10.1155/2021/4883509,fusion,internal,paper_mill
10.1155/2022/2296574,fusion,internal,paper_mill
10.1038/srep19070,fusion,internal,paper_mill
10.1155/2020/3208391,fusion,internal,paper_mill
10.1155/2022/4085039,fusion,internal,paper_mill
10.18632/oncotarget.23048,fusion,internal,paper_mill
10.1155/2022/9570900,fusion,internal,paper_mill
10.1016/j.omtn.2019.07.012,fusion,internal,paper_mill
10.3892/or.2017.5636,fusion,internal,paper_mill
10.3892/ol.2019.10040,fusion,internal,paper_mill
10.2147/ott.s207593,fusion,internal,paper_mill
10.2147/ott.s154339,fusion,internal,paper_mill
10.1177/1533033819850189,fusion,internal,paper_mill
10.1155/2021/9116765,fusion,internal,paper_mill
10.1042/bsr20182018,fusion,internal,paper_mill
10.3892/mmr.2017.7586,fusion,internal,paper_mill
10.1021/acsomega.0c06270,fusion,internal,paper_mill
10.1038/s41419-022-04750-8,fusion,internal,paper_mill
10.1155/2022/8308192,fusion,internal,paper_mill
10.1155/2022/9380283,fusion,internal,paper_mill
10.1155/2022/6829409,fusion,internal,paper_mill
10.1155/2021/5513886,fusion,internal,paper_mill
10.1155/2022/9367919,fusion,internal,paper_mill
10.1155/2022/2805607,fusion,internal,paper_mill
10.1155/2022/9493816,fusion,internal,paper_mill
10.1155/2022/1063130,fusion,internal,paper_mill
10.1155/2022/9051678,fusion,internal,paper_mill
10.18632/oncotarget.21431,fusion,internal,paper_mill
10.1155/2021/5655061,fusion,internal,paper_mill
10.1155/2022/9979200,fusion,internal,paper_mill
10.3892/ol.2021.12662,fusion,internal,paper_mill
10.3892/mmr.2017.6968,fusion,internal,paper_mill
10.1155/2021/4520450,fusion,internal,paper_mill
10.1016/j.omtn.2021.02.020,fusion,internal,paper_mill
10.1155/2022/9783113,fusion,internal,paper_mill
10.1038/oncsis.2016.28,fusion,internal,paper_mill
10.3892/mmr.2017.7077,fusion,internal,paper_mill
10.1155/2022/6507865,fusion,internal,paper_mill
10.1155/2022/6863281,fusion,internal,paper_mill
10.1155/2022/4931210,fusion,internal,paper_mill
10.1155/2022/3737137,fusion,internal,paper_mill
10.1155/2023/6905216,fusion,internal,paper_mill
10.1155/2022/4522873,fusion,internal,paper_mill
10.1155/2022/8367395,fusion,internal,paper_mill
10.1155/2022/7517821,fusion,internal,paper_mill
10.1155/2022/6560693,fusion,internal,paper_mill
10.1155/2022/9556880,fusion,internal,paper_mill
10.1155/2022/9112587,fusion,internal,paper_mill
10.1155/2022/5492602,fusion,internal,paper_mill
10.3892/mmr.2015.4511,fusion,internal,paper_mill
10.1155/2022/6203817,fusion,internal,paper_mill
10.1155/2022/2240605,fusion,internal,paper_mill
10.1016/j.omtn.2019.10.047,fusion,internal,paper_mill
10.1038/srep12460,fusion,internal,paper_mill
10.3892/or.2014.3698,fusion,internal,paper_mill
10.1155/2022/8598046,fusion,internal,paper_mill
10.1155/2022/8911343,fusion,internal,paper_mill
10.1155/2021/6431007,fusion,internal,paper_mill
10.1155/2022/8129771,fusion,internal,paper_mill
10.1186/s12935-019-0860-8,fusion,internal,paper_mill
10.1042/bsr20190283,fusion,internal,paper_mill
10.1155/2022/9381203,fusion,internal,paper_mill
10.1155/2021/3347949,fusion,internal,paper_mill
10.1155/2022/4119912,fusion,internal,paper_mill
10.2147/cmar.s265775,fusion,internal,paper_mill
10.1155/2021/5525763,fusion,internal,paper_mill
10.1155/2021/6717582,fusion,internal,paper_mill
10.1155/2021/9986376,fusion,internal,paper_mill
10.3892/mmr.2016.5769,fusion,internal,paper_mill
10.3892/or.2019.7381,fusion,internal,paper_mill
10.18632/oncotarget.22058,fusion,internal,paper_mill
10.1155/2023/9349494,fusion,internal,paper_mill
10.2147/ott.s249133,fusion,internal,paper_mill
10.1155/2022/7531371,fusion,internal,paper_mill
10.1155/2022/1313359,fusion,internal,paper_mill
10.1042/bsr20170743,fusion,internal,paper_mill
10.3892/ol.2020.12253,fusion,internal,paper_mill
10.3892/etm.2017.4947,fusion,internal,paper_mill
10.1155/2022/4418300,fusion,internal,paper_mill
10.1155/2021/6591541,fusion,internal,paper_mill
10.3892/etm.2015.2633,fusion,internal,paper_mill
10.1155/2022/3577312,fusion,internal,paper_mill
10.1155/2022/2672033,fusion,internal,paper_mill
10.3892/etm.2017.4595,fusion,internal,paper_mill
10.1155/2022/1475871,fusion,internal,paper_mill
10.1371/journal.pone.0088779,fusion,internal,paper_mill
10.1155/2019/9648269,fusion,internal,paper_mill
10.1371/journal.pone.0104510,fusion,internal,paper_mill
10.3892/etm.2017.5356,fusion,internal,paper_mill
10.2147/ott.s183940,fusion,internal,paper_mill
10.3892/etm.2021.11088,fusion,internal,paper_mill
10.3892/or.2017.6130,fusion,internal,paper_mill
10.1186/s12881-019-0940-6,fusion,internal,paper_mill
10.1155/2022/8447083,fusion,internal,paper_mill
10.3892/ol.2018.8374,fusion,internal,paper_mill
10.1177/2058738419857550,fusion,internal,paper_mill
10.1590/1414-431x20198385,fusion,internal,paper_mill
10.1155/2022/2601852,fusion,internal,paper_mill
10.1016/j.omto.2020.03.009,fusion,internal,paper_mill
10.1186/s12935-020-01737-3,fusion,internal,paper_mill
10.1155/2022/6720287,fusion,internal,paper_mill
10.1186/s40001-019-0378-5,fusion,internal,paper_mill
10.18632/oncotarget.20455,fusion,internal,paper_mill
10.1155/2022/4247670,fusion,internal,paper_mill
10.1155/2021/1382061,fusion,internal,paper_mill
10.1155/2020/8084028,fusion,internal,paper_mill
10.1186/s12890-021-01521-7,fusion,internal,paper_mill
10.1155/2021/5230666,fusion,internal,paper_mill
10.1155/2021/2342784,fusion,internal,paper_mill
10.1155/2022/2327669,fusion,internal,paper_mill
10.1155/2022/1125932,fusion,internal,paper_mill
10.1155/2022/2605592,fusion,internal,paper_mill
10.3389/fonc.2020.01172,fusion,internal,paper_mill
10.3389/fonc.2020.00441,fusion,internal,paper_mill
10.2147/ott.s240734,fusion,internal,paper_mill
10.1371/journal.pone.0109734,fusion,internal,paper_mill
10.2147/cmar.s345618,fusion,internal,paper_mill
10.3892/or.2017.6142,fusion,internal,paper_mill
10.1155/2022/4857814,fusion,internal,paper_mill
10.4103/1008-682x.178849,fusion,internal,paper_mill
10.3892/ijmm.2018.3660,fusion,internal,paper_mill
10.1155/2022/2590847,fusion,internal,paper_mill
10.1186/s12885-019-5750-x,fusion,internal,paper_mill
10.3389/fonc.2021.630241,fusion,internal,paper_mill
10.1155/2022/9696403,fusion,internal,paper_mill
10.3892/etm.2018.6537,fusion,internal,paper_mill
10.1186/s12885-018-5199-3,fusion,internal,paper_mill
10.1155/2023/9997676,fusion,internal,paper_mill
10.1155/2021/9968691,fusion,internal,paper_mill
10.3892/ol.2020.12347,fusion,internal,paper_mill
10.3892/etm.2016.3085,fusion,internal,paper_mill
10.1177/1533033819870791,fusion,internal,paper_mill
10.1042/bsr20170021,fusion,internal,paper_mill
10.2147/cmar.s269258,fusion,internal,paper_mill
10.18632/aging.103036,fusion,internal,paper_mill
10.1155/2022/8401202,fusion,internal,paper_mill
10.1155/2023/6970256,fusion,internal,paper_mill
10.1155/2022/9223954,fusion,internal,paper_mill
10.1155/2020/1459368,fusion,internal,paper_mill
10.3892/mmr.2019.10013,fusion,internal,paper_mill
10.1002/2211-5463.12611,fusion,internal,paper_mill
10.3892/ijmm.2014.1823,fusion,internal,paper_mill
10.1155/2022/3865601,fusion,internal,paper_mill
10.1155/2021/1159145,fusion,internal,paper_mill
10.4143/crt.2017.537,fusion,internal,paper_mill
10.1155/2022/3112281,fusion,internal,paper_mill
10.3892/or.2017.5423,fusion,internal,paper_mill
10.3892/etm.2017.5245,fusion,internal,paper_mill
10.1155/2022/9294634,fusion,internal,paper_mill
10.3892/or.2017.5810,fusion,internal,paper_mill
10.1155/2022/5509129,fusion,internal,paper_mill
10.1155/2022/3751400,fusion,internal,paper_mill
10.1155/2022/6952304,fusion,internal,paper_mill
10.1155/2021/5546612,fusion,internal,paper_mill
10.1155/2021/3426080,fusion,internal,paper_mill
10.3892/or.2016.5146,fusion,internal,paper_mill
10.1155/2020/5459209,fusion,internal,paper_mill
10.1016/j.omtn.2019.04.030,fusion,internal,paper_mill
10.1155/2022/7967722,fusion,internal,paper_mill
10.1038/s41598-018-26496-0,fusion,internal,paper_mill
10.1155/2023/5272125,fusion,internal,paper_mill
10.1155/2022/8223336,fusion,internal,paper_mill
10.3892/ijmm.2020.4581,fusion,internal,paper_mill
10.3892/mmr.2021.12024,fusion,internal,paper_mill
10.1155/2022/8371885,fusion,internal,paper_mill
10.1155/2022/6960304,fusion,internal,paper_mill
10.1155/2022/1084853,fusion,internal,paper_mill
10.3892/ol.2019.10679,fusion,internal,paper_mill
10.1155/2022/8825540,fusion,internal,paper_mill
10.1155/2022/9170722,fusion,internal,paper_mill
10.1155/2022/7957121,fusion,internal,paper_mill
10.1155/2022/7858477,fusion,internal,paper_mill
10.1155/2021/9957161,fusion,internal,paper_mill
10.1155/2022/9774219,fusion,internal,paper_mill
10.1155/2022/6316158,fusion,internal,paper_mill
10.3892/etm.2017.5624,fusion,internal,paper_mill
10.3727/096504017x15132494420120,fusion,internal,paper_mill
10.1155/2022/1548155,fusion,internal,paper_mill
10.1155/2022/1947504,fusion,internal,paper_mill
10.3892/ijo.2015.2959,fusion,internal,paper_mill
10.1155/2022/6587884,fusion,internal,paper_mill
10.1155/2022/6426763,fusion,internal,paper_mill
10.1155/2022/2692539,fusion,internal,paper_mill
10.1155/2020/8855949,fusion,internal,paper_mill
10.3892/ijo.2015.2900,fusion,internal,paper_mill
10.1155/2022/1853754,fusion,internal,paper_mill
10.3892/or.2015.3734,fusion,internal,paper_mill
10.3892/or.2015.4175,fusion,internal,paper_mill
10.1155/2020/6723487,fusion,internal,paper_mill
10.1155/2021/6835963,fusion,internal,paper_mill
10.1155/2022/6881932,fusion,internal,paper_mill
10.3892/ijo.2017.3928,fusion,internal,paper_mill
10.1155/2022/4667117,fusion,internal,paper_mill
10.1155/2022/7214904,fusion,internal,paper_mill
10.1155/2022/4247631,fusion,internal,paper_mill
10.2147/cmar.s280315,fusion,internal,paper_mill
10.1002/cam4.2839,fusion,internal,paper_mill
10.1155/2023/4242346,fusion,internal,paper_mill
10.2147/cmar.s253777,fusion,internal,paper_mill
10.1155/2022/6890790,fusion,internal,paper_mill
10.1155/2020/1203938,fusion,internal,paper_mill
10.3892/mmr.2019.9830,fusion,internal,paper_mill
10.1155/2022/4629178,fusion,internal,paper_mill
10.1155/2022/1854473,fusion,internal,paper_mill
10.1155/2022/9897669,fusion,internal,paper_mill
10.1155/2021/8715823,fusion,internal,paper_mill
10.3892/mmr.2015.4074,fusion,internal,paper_mill
10.3892/ijo.2018.4412,fusion,internal,paper_mill
10.1155/2022/9119245,fusion,internal,paper_mill
10.1186/s12876-022-02562-w,fusion,internal,paper_mill
10.1042/bsr20192298,fusion,internal,paper_mill
10.1155/2022/9811905,fusion,internal,paper_mill
10.1155/2022/7119195,fusion,internal,paper_mill
10.1155/2022/2287470,fusion,internal,paper_mill
10.1155/2022/5721630,fusion,internal,paper_mill
10.1002/jcla.23193,fusion,internal,paper_mill
10.1177/1559325820918052,fusion,internal,paper_mill
10.1155/2021/1068090,fusion,internal,paper_mill
10.1155/2022/3518190,fusion,internal,paper_mill
10.3892/mmr.2017.7908,fusion,internal,paper_mill
10.1155/2022/3478861,fusion,internal,paper_mill
10.3892/ijo.2019.4759,fusion,internal,paper_mill
10.1155/2022/7825272,fusion,internal,paper_mill
10.1155/2020/2748219,fusion,internal,paper_mill
10.1155/2022/9683819,fusion,internal,paper_mill
10.1155/2022/4640849,fusion,internal,paper_mill
10.1177/1533033818816061,fusion,internal,paper_mill
10.3892/or.2018.6449,fusion,internal,paper_mill
10.1155/2021/1262291,fusion,internal,paper_mill
10.2147/cmar.s293322,fusion,internal,paper_mill
10.3892/mmr.2014.2684,fusion,internal,paper_mill
10.3892/ol.2017.6114,fusion,internal,paper_mill
10.1155/2022/4404406,fusion,internal,paper_mill
10.1155/2022/4968016,fusion,internal,paper_mill
10.1155/2022/5263021,fusion,internal,paper_mill
10.1155/2022/6879035,fusion,internal,paper_mill
10.1155/2022/3546455,fusion,internal,paper_mill
10.2147/rmhp.s260113,fusion,internal,paper_mill
10.1155/2022/5054507,fusion,internal,paper_mill
10.1155/2022/3787162,fusion,internal,paper_mill
10.1155/2021/6699054,fusion,internal,paper_mill
10.1155/2020/3516128,fusion,internal,paper_mill
10.1155/2022/4993405,fusion,internal,paper_mill
10.1155/2021/7423101,fusion,internal,paper_mill
10.1155/2022/7911801,fusion,internal,paper_mill
10.1155/2022/2696916,fusion,internal,paper_mill
10.1042/bsr20160576,fusion,internal,paper_mill
10.1155/2022/6862463,fusion,internal,paper_mill
10.1155/2022/9180216,fusion,internal,paper_mill
10.3892/mmr.2015.4560,fusion,internal,paper_mill
10.1155/2022/3585540,fusion,internal,paper_mill
10.3892/ol.2013.1188,fusion,internal,paper_mill
10.1155/2022/7297499,fusion,internal,paper_mill
10.2147/ott.s87976,fusion,internal,paper_mill
10.3389/fonc.2020.571914,fusion,internal,paper_mill
10.1155/2023/5803661,fusion,internal,paper_mill
10.1155/2021/9391104,fusion,internal,paper_mill
10.2147/ott.s241816,fusion,internal,paper_mill
10.1177/1533034617733904,fusion,internal,paper_mill
10.3892/or.2017.5815,fusion,internal,paper_mill
10.1155/2022/4162354,fusion,internal,paper_mill
10.1155/2021/5970085,fusion,internal,paper_mill
10.1155/2022/2048095,fusion,internal,paper_mill
10.1155/2023/6412679,fusion,internal,paper_mill
10.1177/1533033820957000,fusion,internal,paper_mill
10.2147/ott.s96561,fusion,internal,paper_mill
10.1177/2058738419872624,fusion,internal,paper_mill
10.1155/2021/6032546,fusion,internal,paper_mill
10.1155/2021/5955343,fusion,internal,paper_mill
10.1155/2022/2756459,fusion,internal,paper_mill
10.1155/2021/6653793,fusion,internal,paper_mill
10.1177/1533033819874808,fusion,internal,paper_mill
10.1155/2022/2043880,fusion,internal,paper_mill
10.1155/2022/5456554,fusion,internal,paper_mill
10.3892/mmr.2017.8229,fusion,internal,paper_mill
10.3892/etm.2017.4998,fusion,internal,paper_mill
10.3892/or.2017.6119,fusion,internal,paper_mill
10.1155/2021/3210494,fusion,internal,paper_mill
10.3892/ol.2015.3242,fusion,internal,paper_mill
10.2147/ott.s87183,fusion,internal,paper_mill
10.1155/2022/1032557,fusion,internal,paper_mill
10.1042/bsr20200199,fusion,internal,paper_mill
10.1155/2021/9938515,fusion,internal,paper_mill
10.1155/2022/6841334,fusion,internal,paper_mill
10.3892/or.2018.6763,fusion,internal,paper_mill
10.1016/j.omtn.2020.09.020,fusion,internal,paper_mill
10.1155/2022/3722703,fusion,internal,paper_mill
10.3389/fonc.2021.600451,fusion,internal,paper_mill
10.3892/or.2017.6147,fusion,internal,paper_mill
10.1155/2022/1948766,fusion,internal,paper_mill
10.2147/cmar.s273687,fusion,internal,paper_mill
10.1155/2022/1859222,fusion,internal,paper_mill
10.3892/ol.2013.1123,fusion,internal,paper_mill
10.2147/ott.s204715,fusion,internal,paper_mill
10.1111/jcmm.14161,fusion,internal,paper_mill
10.1186/s12885-018-5130-y,fusion,internal,paper_mill
10.1155/2022/2032895,fusion,internal,paper_mill
10.3892/etm.2016.3880,fusion,internal,paper_mill
10.1155/2022/2857022,fusion,internal,paper_mill
10.1042/bsr20194026,fusion,internal,paper_mill
10.1155/2022/6245647,fusion,internal,paper_mill
10.1186/s13046-018-1012-z,fusion,internal,paper_mill
10.1155/2021/4019358,fusion,internal,paper_mill
10.1155/2022/9148843,fusion,internal,paper_mill
10.1155/2023/5177471,fusion,internal,paper_mill
10.1002/2211-5463.12522,fusion,internal,paper_mill
10.3892/ijmm.2021.4898,fusion,internal,paper_mill
10.1155/2021/7065963,fusion,internal,paper_mill
10.1155/2022/6833078,fusion,internal,paper_mill
10.1002/2211-5463.12620,fusion,internal,paper_mill
10.1155/2022/6066567,fusion,internal,paper_mill
10.2147/ott.s204004,fusion,internal,paper_mill
10.3892/etm.2017.5467,fusion,internal,paper_mill
10.1155/2022/4899555,fusion,internal,paper_mill
10.1155/2022/9170274,fusion,internal,paper_mill
10.1155/2022/3118046,fusion,internal,paper_mill
10.1155/2022/2318101,fusion,internal,paper_mill
10.3892/or.2015.4165,fusion,internal,paper_mill
10.1155/2021/9674761,fusion,internal,paper_mill
10.1155/2022/3805013,fusion,internal,paper_mill
10.1155/2022/4764720,fusion,internal,paper_mill
10.3892/etm.2017.5528,fusion,internal,paper_mill
10.1155/2022/2832739,fusion,internal,paper_mill
10.2147/cmar.s270646,fusion,internal,paper_mill
10.1155/2022/9569226,fusion,internal,paper_mill
10.1155/2022/4321466,fusion,internal,paper_mill
10.2147/ott.s214881,fusion,internal,paper_mill
10.1155/2022/3342919,fusion,internal,paper_mill
10.3389/fphar.2019.01700,fusion,internal,paper_mill
10.3892/ijo.2017.3941,fusion,internal,paper_mill
10.1155/2020/2953598,fusion,internal,paper_mill
10.1155/2022/1693824,fusion,internal,paper_mill
10.3892/mmr.2017.7167,fusion,internal,paper_mill
10.1042/bsr20160532,fusion,internal,paper_mill
10.18632/aging.102167,fusion,internal,paper_mill
10.1155/2022/2694377,fusion,internal,paper_mill
10.3892/ijmm.2019.4183,fusion,internal,paper_mill
10.1155/2022/2270777,fusion,internal,paper_mill
10.1155/2021/2360717,fusion,internal,paper_mill
10.1371/journal.pone.0249375,fusion,internal,paper_mill
10.1155/2022/2309339,fusion,internal,paper_mill
10.1155/2022/2587120,fusion,internal,paper_mill
10.2147/cmar.s299715,fusion,internal,paper_mill
10.2147/ott.s238348,fusion,internal,paper_mill
10.1155/2023/2507683,fusion,internal,paper_mill
10.3892/or.2017.6074,fusion,internal,paper_mill
10.1155/2023/2620738,fusion,internal,paper_mill
10.3892/ol.2019.9901,fusion,internal,paper_mill
10.1155/2021/4757668,fusion,internal,paper_mill
10.1155/2022/9942014,fusion,internal,paper_mill
10.3892/mmr.2018.9292,fusion,internal,paper_mill
10.3892/mmr.2015.4033,fusion,internal,paper_mill
10.1155/2021/6733341,fusion,internal,paper_mill
10.3892/mmr.2014.2123,fusion,internal,paper_mill
10.1155/2022/4082121,fusion,internal,paper_mill
10.1155/2020/4637109,fusion,internal,paper_mill
10.1155/2022/4996870,fusion,internal,paper_mill
10.1155/2022/3565676,fusion,internal,paper_mill
10.1155/2022/9498109,fusion,internal,paper_mill
10.3727/096504018x15247361080118,fusion,internal,paper_mill
10.1155/2022/5499298,fusion,internal,paper_mill
10.1155/2022/2204981,fusion,internal,paper_mill
10.1186/s12935-019-0777-2,fusion,internal,paper_mill
10.1155/2022/6333282,fusion,internal,paper_mill
10.3892/or.2015.4013,fusion,internal,paper_mill
10.1155/2022/6989583,fusion,internal,paper_mill
10.1155/2022/4491573,fusion,internal,paper_mill
10.1155/2023/9477442,fusion,internal,paper_mill
10.3892/ijo.2015.3117,fusion,internal,paper_mill
10.1002/cam4.1329,fusion,internal,paper_mill
10.3892/or.2017.5745,fusion,internal,paper_mill
10.3892/ol.2020.11271,fusion,internal,paper_mill
10.1155/2022/1573562,fusion,internal,paper_mill
10.1155/2022/5787808,fusion,internal,paper_mill
10.1111/jcmm.16909,fusion,internal,paper_mill
10.1177/1533033818797587,fusion,internal,paper_mill
10.1155/2022/1133332,fusion,internal,paper_mill
10.1155/2021/7733654,fusion,internal,paper_mill
10.1155/2022/9722458,fusion,internal,paper_mill
10.1155/2022/5509346,fusion,internal,paper_mill
10.2147/cmar.s228429,fusion,internal,paper_mill
10.1155/2021/3267536,fusion,internal,paper_mill
10.1155/2021/9549287,fusion,internal,paper_mill
10.3892/or.2016.4999,fusion,internal,paper_mill
10.1155/2022/1094607,fusion,internal,paper_mill
10.1177/1559325820928687,fusion,internal,paper_mill
10.3892/mmr.2018.9186,fusion,internal,paper_mill
10.3892/etm.2019.7380,fusion,internal,paper_mill
10.2147/cmar.s270813,fusion,internal,paper_mill
10.1155/2022/1231446,fusion,internal,paper_mill
10.2147/cmar.s211856,fusion,internal,paper_mill
10.1155/2022/2471039,fusion,internal,paper_mill
10.2147/ott.s253868,fusion,internal,paper_mill
10.1155/2022/1938325,fusion,internal,paper_mill
10.1002/cam4.2586,fusion,internal,paper_mill
10.1155/2021/2033353,fusion,internal,paper_mill
10.1155/2022/7864114,fusion,internal,paper_mill
10.1155/2021/6683708,fusion,internal,paper_mill
10.1002/2211-5463.12032,fusion,internal,paper_mill
10.1042/bsr20170711,fusion,internal,paper_mill
10.3892/mmr.2018.8444,fusion,internal,paper_mill
10.1042/bsr20171546,fusion,internal,paper_mill
10.3389/fonc.2023.1105877,fusion,internal,paper_mill
10.2147/ott.s187670,fusion,internal,paper_mill
10.1155/2022/2338622,fusion,internal,paper_mill
10.2147/ott.s253730,fusion,internal,paper_mill
10.1155/2022/1254367,fusion,internal,paper_mill
10.1155/2022/5268554,fusion,internal,paper_mill
10.1155/2022/9993393,fusion,internal,paper_mill
10.1155/2022/1565094,fusion,internal,paper_mill
10.1186/s13046-018-0770-y,fusion,internal,paper_mill
10.1155/2022/1279961,fusion,internal,paper_mill
10.3892/etm.2017.4655,fusion,internal,paper_mill
10.1155/2022/8363850,fusion,internal,paper_mill
10.1155/2022/4379556,fusion,internal,paper_mill
10.1155/2021/1643788,fusion,internal,paper_mill
10.1155/2022/4168937,fusion,internal,paper_mill
10.3892/ol.2017.6433,fusion,internal,paper_mill
10.1155/2022/2731744,fusion,internal,paper_mill
10.3892/etm.2018.6302,fusion,internal,paper_mill
10.3892/ol.2019.10902,fusion,internal,paper_mill
10.1155/2022/3158956,fusion,internal,paper_mill
10.3892/or.2017.5781,fusion,internal,paper_mill
10.3892/ol.2015.3077,fusion,internal,paper_mill
10.1155/2022/9288476,fusion,internal,paper_mill
10.1155/2021/4856820,fusion,internal,paper_mill
10.1155/2022/8666724,fusion,internal,paper_mill
10.1155/2022/7904293,fusion,internal,paper_mill
10.1042/bsr20182433,fusion,internal,paper_mill
10.1155/2021/6388492,fusion,internal,paper_mill
10.3892/mmr.2016.4779,fusion,internal,paper_mill
10.1155/2020/4965670,fusion,internal,paper_mill
10.1155/2022/2244228,fusion,internal,paper_mill
10.1155/2021/5514669,fusion,internal,paper_mill
10.1155/2023/9337763,fusion,internal,paper_mill
10.18632/oncotarget.22952,fusion,internal,paper_mill
10.1177/2058738420954598,fusion,internal,paper_mill
10.3892/mmr.2016.5105,fusion,internal,paper_mill
10.1155/2021/5516819,fusion,internal,paper_mill
10.3892/etm.2014.1501,fusion,internal,paper_mill
10.1155/2022/7580642,fusion,internal,paper_mill
10.1155/2022/4239500,fusion,internal,paper_mill
10.18632/aging.103157,fusion,internal,paper_mill
10.1177/1533033818821401,fusion,internal,paper_mill
10.1155/2021/8997915,fusion,internal,paper_mill
10.1155/2022/7352489,fusion,internal,paper_mill
10.1155/2022/3092063,fusion,internal,paper_mill
10.1155/2022/1121312,fusion,internal,paper_mill
10.1155/2021/2673013,fusion,internal,paper_mill
10.1155/2022/7509620,fusion,internal,paper_mill
10.1155/2022/3472722,fusion,internal,paper_mill
10.3892/mmr.2015.4609,fusion,internal,paper_mill
10.1155/2022/9900668,fusion,internal,paper_mill
10.3892/etm.2017.4608,fusion,internal,paper_mill
10.1155/2021/9999268,fusion,internal,paper_mill
10.3892/mmr.2017.8145,fusion,internal,paper_mill
10.2147/cmar.s287676,fusion,internal,paper_mill
10.1177/1533033819874803,fusion,internal,paper_mill
10.1155/2022/6962163,fusion,internal,paper_mill
10.2147/cmar.s291778,fusion,internal,paper_mill
10.1155/2022/9713218,fusion,internal,paper_mill
10.2147/ott.s248338,fusion,internal,paper_mill
10.1155/2022/4456987,fusion,internal,paper_mill
10.2147/cmar.s282625,fusion,internal,paper_mill
10.18632/aging.103905,fusion,internal,paper_mill
10.3892/ijo.2019.4735,fusion,internal,paper_mill
10.1155/2023/2336536,fusion,internal,paper_mill
10.1186/s11671-020-03416-8,fusion,internal,paper_mill
10.1002/2211-5463.12869,fusion,internal,paper_mill
10.1155/2021/2495958,fusion,internal,paper_mill
10.3892/mmr.2019.9805,fusion,internal,paper_mill
10.1155/2021/6687963,fusion,internal,paper_mill
10.1155/2022/5417753,fusion,internal,paper_mill
10.1155/2020/8854245,fusion,internal,paper_mill
10.3892/etm.2018.6216,fusion,internal,paper_mill
10.3892/or.2015.4186,fusion,internal,paper_mill
10.1155/2022/9432410,fusion,internal,paper_mill
10.3892/ijmm.2014.1822,fusion,internal,paper_mill
10.1155/2022/1740295,fusion,internal,paper_mill
10.1155/2022/3475955,fusion,internal,paper_mill
10.1155/2022/4824699,fusion,internal,paper_mill
10.1186/s13578-019-0290-2,fusion,internal,paper_mill
10.1155/2022/2223149,fusion,internal,paper_mill
10.1042/bsr20181196,fusion,internal,paper_mill
10.1186/s13046-018-0845-9,fusion,internal,paper_mill
10.1155/2022/2105332,fusion,internal,paper_mill
10.1155/2022/6940715,fusion,internal,paper_mill
10.1155/2022/2077850,fusion,internal,paper_mill
10.1155/2022/3293054,fusion,internal,paper_mill
10.1155/2022/9714140,fusion,internal,paper_mill
10.1155/2021/2252705,fusion,internal,paper_mill
10.1155/2022/2466007,fusion,internal,paper_mill
10.1155/2022/6149884,fusion,internal,paper_mill
10.1186/s12890-021-01600-9,fusion,internal,paper_mill
10.3892/ijo.2018.4615,fusion,internal,paper_mill
10.1155/2022/3858249,fusion,internal,paper_mill
10.1002/mgg3.991,fusion,internal,paper_mill
10.1155/2022/2227629,fusion,internal,paper_mill
10.1155/2020/3589871,fusion,internal,paper_mill
10.1155/2021/9921195,fusion,internal,paper_mill
10.3892/or.2014.3657,fusion,internal,paper_mill
10.1155/2022/8365565,fusion,internal,paper_mill
10.2147/cmar.s276290,fusion,internal,paper_mill
10.1177/1559325820950061,fusion,internal,paper_mill
10.1155/2022/3163230,fusion,internal,paper_mill
10.3892/etm.2017.4204,fusion,internal,paper_mill
10.3892/ijmm.2018.3853,fusion,internal,paper_mill
10.1002/cam4.3285,fusion,internal,paper_mill
10.3892/or.2015.4321,fusion,internal,paper_mill
10.1155/2022/6293816,fusion,internal,paper_mill
10.2147/ott.s201282,fusion,internal,paper_mill
10.1155/2022/2398101,fusion,internal,paper_mill
10.3892/or.2020.7905,fusion,internal,paper_mill
10.1155/2022/6431164,fusion,internal,paper_mill
10.1155/2021/9996565,fusion,internal,paper_mill
10.3892/ijmm.2016.2774,fusion,internal,paper_mill
10.3892/mmr.2015.4393,fusion,internal,paper_mill
10.1155/2022/9366223,fusion,internal,paper_mill
10.1155/2020/8209504,fusion,internal,paper_mill
10.1155/2021/8893652,fusion,internal,paper_mill
10.3892/etm.2018.7029,fusion,internal,paper_mill
10.1155/2021/1040374,fusion,internal,paper_mill
10.1155/2021/5906855,fusion,internal,paper_mill
10.1155/2022/2897338,fusion,internal,paper_mill
10.1590/1414-431x20187046,fusion,internal,paper_mill
10.1155/2022/5892463,fusion,internal,paper_mill
10.1155/2022/9076175,fusion,internal,paper_mill
10.3892/or.2020.7456,fusion,internal,paper_mill
10.2147/cmar.s211122,fusion,internal,paper_mill
10.1155/2022/3137370,fusion,internal,paper_mill
10.1155/2021/1426753,fusion,internal,paper_mill
10.1155/2021/8936820,fusion,internal,paper_mill
10.3892/ol.2017.5941,fusion,internal,paper_mill
10.1155/2021/4452500,fusion,internal,paper_mill
10.1155/2022/3049619,fusion,internal,paper_mill
10.3892/etm.2019.7812,fusion,internal,paper_mill
10.1155/2022/1193075,fusion,internal,paper_mill
10.1155/2023/8405945,fusion,internal,paper_mill
10.1155/2022/8740408,fusion,internal,paper_mill
10.1155/2022/2415129,fusion,internal,paper_mill
10.1016/j.omtn.2020.07.001,fusion,internal,paper_mill
10.3892/mmr.2017.7814,fusion,internal,paper_mill
10.1177/0300060520922449,fusion,internal,paper_mill
10.1155/2022/2056807,fusion,internal,paper_mill
10.1042/bsr20170799,fusion,internal,paper_mill
10.1155/2022/3233004,fusion,internal,paper_mill
10.1155/2022/9995962,fusion,internal,paper_mill
10.1155/2022/5702014,fusion,internal,paper_mill
10.1155/2022/1822262,fusion,internal,paper_mill
10.3892/ol.2015.4018,fusion,internal,paper_mill
10.1155/2022/7799812,fusion,internal,paper_mill
10.3892/ijmm.2020.4704,fusion,internal,paper_mill
10.1177/2058738418814341,fusion,internal,paper_mill
10.1042/bsr20171563,fusion,internal,paper_mill
10.5483/bmbrep.2022.55.6.044,fusion,internal,paper_mill
10.1155/2021/3870147,fusion,internal,paper_mill
10.1155/2022/9621893,fusion,internal,paper_mill
10.1155/2022/5621341,fusion,internal,paper_mill
10.1155/2022/1012684,fusion,internal,paper_mill
10.2147/cmar.s268222,fusion,internal,paper_mill
10.3727/096504018x15199511344806,fusion,internal,paper_mill
10.1155/2022/1297072,fusion,internal,paper_mill
10.3892/or.2015.4498,fusion,internal,paper_mill
10.1042/bsr20150002,fusion,internal,paper_mill
10.1016/j.omtn.2021.04.007,fusion,internal,paper_mill
10.1016/j.omtn.2017.10.008,fusion,internal,paper_mill
10.2147/cmar.s268375,fusion,internal,paper_mill
10.3892/ijmm.2011.784,fusion,internal,paper_mill
10.3892/etm.2016.3220,fusion,internal,paper_mill
10.1155/2022/9086540,fusion,internal,paper_mill
10.2147/ott.s213231,fusion,internal,paper_mill
10.1155/2022/7069348,fusion,internal,paper_mill
10.1186/s13046-019-1188-x,fusion,internal,paper_mill
10.1155/2021/7377299,fusion,internal,paper_mill
10.1155/2022/6600403,fusion,internal,paper_mill
10.1155/2022/4464056,fusion,internal,paper_mill
10.1155/2022/5159009,fusion,internal,paper_mill
10.1155/2022/9528444,fusion,internal,paper_mill
10.2147/cmar.s244573,fusion,internal,paper_mill
10.3892/mmr.2018.9166,fusion,internal,paper_mill
10.2147/ott.s272895,fusion,internal,paper_mill
10.1155/2021/6650791,fusion,internal,paper_mill
10.1155/2022/7196449,fusion,internal,paper_mill
10.1155/2021/3001131,fusion,internal,paper_mill
10.1155/2023/7146589,fusion,internal,paper_mill
10.1155/2021/9972664,fusion,internal,paper_mill
10.1155/2022/2513263,fusion,internal,paper_mill
10.3892/ijo.2018.4586,fusion,internal,paper_mill
10.1155/2022/7676541,fusion,internal,paper_mill
10.1155/2022/2771869,fusion,internal,paper_mill
10.1155/2022/7918596,fusion,internal,paper_mill
10.1155/2022/9644466,fusion,internal,paper_mill
10.1155/2022/3317624,fusion,internal,paper_mill
10.2147/ott.s235037,fusion,internal,paper_mill
10.3892/mmr.2015.4032,fusion,internal,paper_mill
10.1155/2021/8619251,fusion,internal,paper_mill
10.3389/fonc.2020.01433,fusion,internal,paper_mill
10.1155/2022/5140148,fusion,internal,paper_mill
10.1155/2022/3839670,fusion,internal,paper_mill
10.1155/2022/4250013,fusion,internal,paper_mill
10.1155/2021/7380120,fusion,internal,paper_mill
10.3892/ijo.2015.3267,fusion,internal,paper_mill
10.1177/2058738418812349,fusion,internal,paper_mill
10.1155/2022/3718317,fusion,internal,paper_mill
10.2147/cmar.s332640,fusion,internal,paper_mill
10.1155/2022/7686728,fusion,internal,paper_mill
10.2147/ott.s220998,fusion,internal,paper_mill
10.1155/2022/2351366,fusion,internal,paper_mill
10.2147/ott.s232542,fusion,internal,paper_mill
10.1155/2022/7781686,fusion,internal,paper_mill
10.1155/2022/2786567,fusion,internal,paper_mill
10.3892/ol.2018.8636,fusion,internal,paper_mill
10.1155/2022/9693746,fusion,internal,paper_mill
10.3892/or.2016.5155,fusion,internal,paper_mill
10.1155/2022/5215748,fusion,internal,paper_mill
10.3892/mmr.2016.4901,fusion,internal,paper_mill
10.1016/j.omtn.2019.10.035,fusion,internal,paper_mill
10.1155/2022/8542376,fusion,internal,paper_mill
10.3892/ol.2018.8109,fusion,internal,paper_mill
10.1155/2022/7348344,fusion,internal,paper_mill
10.1155/2022/7514898,fusion,internal,paper_mill
10.1155/2022/6124374,fusion,internal,paper_mill
10.1155/2022/2805645,fusion,internal,paper_mill
10.1155/2022/2521816,fusion,internal,paper_mill
10.3892/mmr.2017.7660,fusion,internal,paper_mill
10.1155/2021/6088322,fusion,internal,paper_mill
10.3892/or.2016.4824,fusion,internal,paper_mill
10.2147/ott.s213994,fusion,internal,paper_mill
10.2147/ott.s249770,fusion,internal,paper_mill
10.2147/ott.s232839,fusion,internal,paper_mill
10.3892/etm.2019.7676,fusion,internal,paper_mill
10.1155/2022/8157157,fusion,internal,paper_mill
10.3892/mmr.2018.9106,fusion,internal,paper_mill
10.1155/2021/5514726,fusion,internal,paper_mill
10.1042/bsr20160578,fusion,internal,paper_mill
10.3892/mmr.2015.4506,fusion,internal,paper_mill
10.1155/2023/1742891,fusion,internal,paper_mill
10.3892/mmr.2016.5679,fusion,internal,paper_mill
10.1042/bsr20171607,fusion,internal,paper_mill
10.1002/2211-5463.12142,fusion,internal,paper_mill
10.1155/2014/837543,fusion,internal,paper_mill
10.2147/cmar.s318980,fusion,internal,paper_mill
10.1038/s41419-020-03123-3,fusion,internal,paper_mill
10.1155/2021/6248793,fusion,internal,paper_mill
10.1155/2021/4022312,fusion,internal,paper_mill
10.1155/2022/9578788,fusion,internal,paper_mill
10.1155/2022/8953807,fusion,internal,paper_mill
10.1042/bsr20160521,fusion,internal,paper_mill
10.3892/ol.2019.10331,fusion,internal,paper_mill
10.3892/or.2016.5257,fusion,internal,paper_mill
10.1155/2022/8636527,fusion,internal,paper_mill
10.1155/2022/2476126,fusion,internal,paper_mill
10.2147/ott.s117523,fusion,internal,paper_mill
10.1155/2023/8934210,fusion,internal,paper_mill
10.1155/2022/5794422,fusion,internal,paper_mill
10.1371/journal.pone.0117479,fusion,internal,paper_mill
10.1155/2022/2842066,fusion,internal,paper_mill
10.3892/ol.2017.7432,fusion,internal,paper_mill
10.1155/2022/3726351,fusion,internal,paper_mill
10.3892/or.2017.5604,fusion,internal,paper_mill
10.1186/s11658-018-0107-z,fusion,internal,paper_mill
10.1155/2021/9995384,fusion,internal,paper_mill
10.3892/ijmm.2019.4203,fusion,internal,paper_mill
10.1155/2022/9912776,fusion,internal,paper_mill
10.1002/cam4.1951,fusion,internal,paper_mill
10.1155/2022/6175053,fusion,internal,paper_mill
10.3892/etm.2019.7226,fusion,internal,paper_mill
10.1155/2021/3334065,fusion,internal,paper_mill
10.1155/2022/9112479,fusion,internal,paper_mill
10.1155/2022/3199884,fusion,internal,paper_mill
10.1186/s12935-020-01287-8,fusion,internal,paper_mill
10.1016/j.omtn.2019.08.010,fusion,internal,paper_mill
10.1155/2023/9638322,fusion,internal,paper_mill
10.2147/cmar.s197583,fusion,internal,paper_mill
10.18632/aging.102157,fusion,internal,paper_mill
10.3892/or.2017.6018,fusion,internal,paper_mill
10.1155/2021/1522250,fusion,internal,paper_mill
10.3892/ijmm.2020.4826,fusion,internal,paper_mill
10.1155/2022/1704948,fusion,internal,paper_mill
10.1155/2021/2840043,fusion,internal,paper_mill
10.1155/2022/2836880,fusion,internal,paper_mill
10.1155/2021/6666453,fusion,internal,paper_mill
10.1155/2022/5467712,fusion,internal,paper_mill
10.1155/2022/4668774,fusion,internal,paper_mill
10.1002/2211-5463.12265,fusion,internal,paper_mill
10.1155/2021/5005459,fusion,internal,paper_mill
10.3892/mmr.2017.8173,fusion,internal,paper_mill
10.2147/ott.s208263,fusion,internal,paper_mill
10.1155/2022/7595230,fusion,internal,paper_mill
10.1155/2022/7872915,fusion,internal,paper_mill
10.1155/2021/6076135,fusion,internal,paper_mill
10.1155/2021/1716182,fusion,internal,paper_mill
10.1155/2021/6289337,fusion,internal,paper_mill
10.1155/2022/8430485,fusion,internal,paper_mill
10.1155/2022/6405400,fusion,internal,paper_mill
10.1042/bsr20194496,fusion,internal,paper_mill
10.3892/mmr.2016.6059,fusion,internal,paper_mill
10.1155/2022/8460121,fusion,internal,paper_mill
10.1002/1878-0261.12760,fusion,internal,paper_mill
10.1155/2022/1174541,fusion,internal,paper_mill
10.1155/2022/9529814,fusion,internal,paper_mill
10.1155/2021/3171547,fusion,internal,paper_mill
10.1155/2022/6021994,fusion,internal,paper_mill
10.1042/bsr20191453,fusion,internal,paper_mill
10.3892/ol.2019.10561,fusion,internal,paper_mill
10.1155/2022/7145606,fusion,internal,paper_mill
10.3892/etm.2015.2306,fusion,internal,paper_mill
10.2147/ott.s130365,fusion,internal,paper_mill
10.1155/2022/4357088,fusion,internal,paper_mill
10.1155/2023/5552798,fusion,internal,paper_mill
10.3892/mmr.2015.4165,fusion,internal,paper_mill
10.1155/2022/2459013,fusion,internal,paper_mill
10.1155/2022/2980691,fusion,internal,paper_mill
10.1155/2022/2484418,fusion,internal,paper_mill
10.1155/2021/5573469,fusion,internal,paper_mill
10.1155/2021/6241469,fusion,internal,paper_mill
10.1155/2022/7408136,fusion,internal,paper_mill
10.1002/2211-5463.12139,fusion,internal,paper_mill
10.3892/or.2021.8068,fusion,internal,paper_mill
10.1155/2022/8974859,fusion,internal,paper_mill
10.1155/2022/3947434,fusion,internal,paper_mill
10.1155/2022/2502010,fusion,internal,paper_mill
10.1155/2021/7020177,fusion,internal,paper_mill
10.1042/bsr20190696,fusion,internal,paper_mill
10.1155/2021/2464269,fusion,internal,paper_mill
10.3892/or.2014.3623,fusion,internal,paper_mill
10.1155/2022/7261786,fusion,internal,paper_mill
10.1155/2022/8670534,fusion,internal,paper_mill
10.1155/2021/6628682,fusion,internal,paper_mill
10.1016/j.omtn.2019.05.020,fusion,internal,paper_mill
10.1155/2022/5851269,fusion,internal,paper_mill
10.1155/2021/2362195,fusion,internal,paper_mill
10.1155/2022/6107940,fusion,internal,paper_mill
10.1155/2022/5049116,fusion,internal,paper_mill
10.1155/2020/2547902,fusion,internal,paper_mill
10.1155/2022/8931131,fusion,internal,paper_mill
10.1155/2022/3255403,fusion,internal,paper_mill
10.2147/ccid.s323414,fusion,internal,paper_mill
10.1155/2022/6988237,fusion,internal,paper_mill
10.3892/etm.2017.4702,fusion,internal,paper_mill
10.1155/2022/4752782,fusion,internal,paper_mill
10.1155/2022/8150444,fusion,internal,paper_mill
10.1155/2022/7051643,fusion,internal,paper_mill
10.3892/mmr.2015.3827,fusion,internal,paper_mill
10.1155/2021/9963700,fusion,internal,paper_mill
10.1177/0300060518817171,fusion,internal,paper_mill
10.1002/2211-5463.12649,fusion,internal,paper_mill
10.3892/mmr.2018.9020,fusion,internal,paper_mill
10.1155/2021/5538535,fusion,internal,paper_mill
10.1042/bsr20170710,fusion,internal,paper_mill
10.1155/2022/7171126,fusion,internal,paper_mill
10.1155/2022/9277847,fusion,internal,paper_mill
10.1042/bsr20150258,fusion,internal,paper_mill
10.1371/journal.pone.0122851,fusion,internal,paper_mill
10.3892/ijo.2015.2929,fusion,internal,paper_mill
10.1155/2022/3547070,fusion,internal,paper_mill
10.1155/2022/7179733,fusion,internal,paper_mill
10.3892/or.2016.4604,fusion,internal,paper_mill
10.1155/2022/9231641,fusion,internal,paper_mill
10.3892/etm.2020.9046,fusion,internal,paper_mill
10.1155/2022/5178122,fusion,internal,paper_mill
10.1155/2022/6279826,fusion,internal,paper_mill
10.1155/2021/2895893,fusion,internal,paper_mill
10.1155/2021/8833467,fusion,internal,paper_mill
10.1155/2022/6027058,fusion,internal,paper_mill
10.1155/2021/5528982,fusion,internal,paper_mill
10.1155/2022/3618197,fusion,internal,paper_mill
10.1155/2022/8500910,fusion,internal,paper_mill
10.1155/2021/4711232,fusion,internal,paper_mill
10.1155/2021/9980459,fusion,internal,paper_mill
10.1155/2021/4682589,fusion,internal,paper_mill
10.1155/2021/5557309,fusion,internal,paper_mill
10.1042/bsr20200485,fusion,internal,paper_mill
10.1111/jcmm.15162,fusion,internal,paper_mill
10.1186/s11658-019-0137-1,fusion,internal,paper_mill
10.1155/2022/4557346,fusion,internal,paper_mill
10.1155/2022/6702773,fusion,internal,paper_mill
10.3892/mmr.2017.8264,fusion,internal,paper_mill
10.3892/or.2015.4101,fusion,internal,paper_mill
10.1155/2022/2017026,fusion,internal,paper_mill
10.1155/2022/6446680,fusion,internal,paper_mill
10.1155/2022/5391636,fusion,internal,paper_mill
10.1155/2022/7619438,fusion,internal,paper_mill
10.1155/2022/4774195,fusion,internal,paper_mill
10.1155/2023/3164166,fusion,internal,paper_mill
10.1155/2021/6674988,fusion,internal,paper_mill
10.3892/or.2017.5812,fusion,internal,paper_mill
10.3892/etm.2018.5918,fusion,internal,paper_mill
10.1155/2022/1426343,fusion,internal,paper_mill
10.1155/2022/2825712,fusion,internal,paper_mill
10.1155/2022/2959846,fusion,internal,paper_mill
10.1155/2021/2231680,fusion,internal,paper_mill
10.3389/fphys.2020.00718,fusion,internal,paper_mill
10.3892/mmr.2018.8417,fusion,internal,paper_mill
10.1155/2022/6320329,fusion,internal,paper_mill
10.1155/2022/2197071,fusion,internal,paper_mill
10.3892/etm.2021.9885,fusion,internal,paper_mill
10.1155/2021/4731281,fusion,internal,paper_mill
10.1155/2021/9780677,fusion,internal,paper_mill
10.1186/s12943-016-0540-4,fusion,internal,paper_mill
10.1155/2020/8435420,fusion,internal,paper_mill
10.1155/2022/7806659,fusion,internal,paper_mill
10.1042/bsr20190421,fusion,internal,paper_mill
10.1155/2022/5811219,fusion,internal,paper_mill
10.1155/2022/9742461,fusion,internal,paper_mill
10.1155/2022/9944847,fusion,internal,paper_mill
10.2147/ott.s199196,fusion,internal,paper_mill
10.1155/2022/4147753,fusion,internal,paper_mill
10.1155/2022/5262189,fusion,internal,paper_mill
10.1002/cam4.2808,fusion,internal,paper_mill
10.1155/2021/6974225,fusion,internal,paper_mill
10.1155/2022/5378963,fusion,internal,paper_mill
10.1155/2022/7386946,fusion,internal,paper_mill
10.2147/ott.s229739,fusion,internal,paper_mill
10.1155/2021/9913794,fusion,internal,paper_mill
10.1155/2022/7350489,fusion,internal,paper_mill
10.1177/1533033819861971,fusion,internal,paper_mill
10.1186/1471-2407-14-243,fusion,internal,paper_mill
10.1155/2022/3331119,fusion,internal,paper_mill
10.3892/or.2020.7908,fusion,internal,paper_mill
10.3892/ijmm.2021.4932,fusion,internal,paper_mill
10.1155/2022/4102666,fusion,internal,paper_mill
10.3892/mmr.2018.8599,fusion,internal,paper_mill
10.2147/ott.s256617,fusion,internal,paper_mill
10.1155/2022/7052830,fusion,internal,paper_mill
10.1155/2022/5261285,fusion,internal,paper_mill
10.3892/or.2018.6721,fusion,internal,paper_mill
10.3892/ijmm.2019.4333,fusion,internal,paper_mill
10.3892/ol.2019.11241,fusion,internal,paper_mill
10.18632/aging.103043,fusion,internal,paper_mill
10.3892/mmr.2017.6748,fusion,internal,paper_mill
10.3892/mmr.2017.8361,fusion,internal,paper_mill
10.1155/2021/9338091,fusion,internal,paper_mill
10.5114/aoms.2019.81729,fusion,internal,paper_mill
10.1155/2022/6716324,fusion,internal,paper_mill
10.1155/2022/6771005,fusion,internal,paper_mill
10.1186/s12935-020-01493-4,fusion,internal,paper_mill
10.1155/2022/7445042,fusion,internal,paper_mill
10.1155/2021/3251891,fusion,internal,paper_mill
10.3892/mmr.2016.4799,fusion,internal,paper_mill
10.2147/cmar.s236576,fusion,internal,paper_mill
10.3892/etm.2018.6223,fusion,internal,paper_mill
10.1155/2022/4153211,fusion,internal,paper_mill
10.3892/mmr.2017.7345,fusion,internal,paper_mill
10.3892/mmr.2018.9652,fusion,internal,paper_mill
10.7150/jca.30143,fusion,internal,paper_mill
10.3892/mmr.2015.3222,fusion,internal,paper_mill
10.3892/mmr.2015.4168,fusion,internal,paper_mill
10.1155/2021/8371996,fusion,internal,paper_mill
10.1042/bsr20182489,fusion,internal,paper_mill
10.1155/2022/9049571,fusion,internal,paper_mill
10.1039/c9ra07880k,fusion,internal,paper_mill
10.1038/s41419-020-03266-3,fusion,internal,paper_mill
10.1155/2022/6565620,fusion,internal,paper_mill
10.1155/2020/2539150,fusion,internal,paper_mill
10.1155/2021/6959557,fusion,internal,paper_mill
10.3892/or.2020.7690,fusion,internal,paper_mill
10.1155/2021/2392395,fusion,internal,paper_mill
10.1042/bsr20160048,fusion,internal,paper_mill
10.1155/2022/5260608,fusion,internal,paper_mill
10.1155/2022/2608633,fusion,internal,paper_mill
10.3892/or.2016.5007,fusion,internal,paper_mill
10.1155/2021/7773163,fusion,internal,paper_mill
10.3892/ijo.2018.4483,fusion,internal,paper_mill
10.1155/2022/9339905,fusion,internal,paper_mill
10.3892/mmr.2018.8682,fusion,internal,paper_mill
10.3892/or.2014.3626,fusion,internal,paper_mill
10.1155/2021/6673712,fusion,internal,paper_mill
10.3892/ijo.2013.2046,fusion,internal,paper_mill
10.1155/2021/2709461,fusion,internal,paper_mill
10.1155/2022/5220368,fusion,internal,paper_mill
10.1155/2022/6820281,fusion,internal,paper_mill
10.1155/2023/7550317,fusion,internal,paper_mill
10.1155/2022/1587398,fusion,internal,paper_mill
10.1186/1471-2407-10-508,fusion,internal,control
10.1038/sj.bjc.6605058,fusion,internal,control
10.1038/s41698-024-00712-9,fusion,internal,control
10.1186/1755-8794-4-2,fusion,internal,control
10.1038/s41388-024-03197-9,fusion,internal,control
10.1038/s41598-021-87985-3,fusion,internal,control
10.1038/onc.2017.352,fusion,internal,control
10.3892/ol.2020.12190,fusion,internal,control
10.1038/s41416-018-0162-2,fusion,internal,control
10.1016/j.molcel.2012.12.023,fusion,internal,control
10.1038/onc.2011.633,fusion,internal,control
10.1371/journal.pone.0149633,fusion,internal,control
10.1097/hc9.0000000000000415,fusion,internal,control
10.15252/embj.2019103009,fusion,internal,control
10.1038/onc.2013.399,fusion,internal,control
10.1186/1471-2288-8-51,fusion,internal,control
10.1186/1471-2407-6-246,fusion,internal,control
10.18632/oncotarget.1570,fusion,internal,control
10.1371/journal.pone.0155402,fusion,internal,control
10.1038/onc.2011.549,fusion,internal,control
10.1038/sj.onc.1208856,fusion,internal,control
10.1038/s41388-018-0484-9,fusion,internal,control
10.1038/s41388-018-0650-0,fusion,internal,control
10.1038/s41598-020-79375-y,fusion,internal,control
10.1177/15347354221118328,fusion,internal,control
10.1186/s12885-018-4676-z,fusion,internal,control
10.3390/cancers11121981,fusion,internal,control
10.1371/journal.pone.0083627,fusion,internal,control
10.1016/j.pvr.2018.10.008,fusion,internal,control
10.1038/s41388-019-1093-y,fusion,internal,control
10.1038/s41598-022-09698-5,fusion,internal,control
10.1016/j.celrep.2018.03.114,fusion,internal,control
10.1038/s41388-020-01389-7,fusion,internal,control
10.3390/ijms151017380,fusion,internal,control
10.3390/cancers10120518,fusion,internal,control
10.1038/cddis.2014.545,fusion,internal,control
10.1038/onc.2016.415,fusion,internal,control
10.1186/1471-2407-14-413,fusion,internal,control
10.1155/2013/413783,fusion,internal,control
10.1007/s00394-017-1526-8,fusion,internal,control
10.3390/cells8121658,fusion,internal,control
10.1016/j.ccell.2023.12.005,fusion,internal,control
10.1007/s10549-020-06022-5,fusion,internal,control
10.1038/s41388-022-02199-9,fusion,internal,control
10.3390/ijms19124123,fusion,internal,control
10.1007/s00330-022-08945-7,fusion,internal,control
10.3892/mmr.2014.3083,fusion,internal,control
10.1038/onc.2014.226,fusion,internal,control
10.1093/jnci/djw236,fusion,internal,control
10.3390/ijms17091530,fusion,internal,control
10.1038/s41388-023-02632-7,fusion,internal,control
10.1016/j.ccr.2013.08.013,fusion,internal,control
10.1186/1479-5876-7-16,fusion,internal,control
10.1038/sj.bjc.6690151,fusion,internal,control
10.1371/journal.pone.0043593,fusion,internal,control
10.1038/s41388-024-02986-6,fusion,internal,control
10.1038/s44318-024-00201-6,fusion,internal,control
10.1186/s12885-023-11562-2,fusion,internal,control
10.1016/j.cell.2020.06.036,fusion,internal,control
10.1073/pnas.1910722117,fusion,internal,control
10.3390/jcm8081160,fusion,internal,control
10.1371/journal.pone.0004171,fusion,internal,control
10.1016/j.ccell.2019.05.013,fusion,internal,control
10.1186/s13045-020-00887-1,fusion,internal,control
10.1186/s13046-021-02042-1,fusion,internal,control
10.1038/onc.2016.489,fusion,internal,control
10.1371/journal.pmed.1003903,fusion,internal,control
10.1371/journal.pone.0126688,fusion,internal,control
10.1111/j.1582-4934.2011.01459.x,fusion,internal,control
10.3390/jcm8070959,fusion,internal,control
10.1038/onc.2013.83,fusion,internal,control
10.1038/s41388-020-1301-9,fusion,internal,control
10.1038/s41388-022-02291-0,fusion,internal,control
10.1186/1477-7827-8-35,fusion,internal,control
10.1038/onc.2011.620,fusion,internal,control
10.1038/bjc.2015.207,fusion,internal,control
10.2196/15780,fusion,internal,control
10.3892/ijo.2017.3866,fusion,internal,control
10.1016/j.molcel.2022.03.035,fusion,internal,control
10.1371/journal.pone.0040727,fusion,internal,control
10.1371/journal.pone.0178581,fusion,internal,control
10.3390/ijms20071647,fusion,internal,control
10.1186/1752-0509-5-99,fusion,internal,control
10.1038/s41598-020-59653-5,fusion,internal,control
10.1007/s00330-024-10937-8,fusion,internal,control
10.1371/journal.pone.0171853,fusion,internal,control
10.15252/embj.2022111673,fusion,internal,control
10.18632/oncotarget.1815,fusion,internal,control
10.1155/2015/768093,fusion,internal,control
10.3892/ijo.2011.1203,fusion,internal,control
10.1371/journal.pone.0088556,fusion,internal,control
10.1038/emboj.2009.32,fusion,internal,control
10.1136/bmjopen-2020-041706,fusion,internal,control
10.1177/1534735417722224,fusion,internal,control
10.3389/fonc.2021.640490,fusion,internal,control
10.1016/j.ccell.2019.02.004,fusion,internal,control
10.1038/s41598-017-04637-1,fusion,internal,control
10.1186/1472-6882-12-201,fusion,internal,control
10.1038/cddiscovery.2016.81,fusion,internal,control
10.1186/s12885-019-5623-3,fusion,internal,control
10.3892/or.16.5.981,fusion,internal,control
10.1186/s12935-014-0118-4,fusion,internal,control
10.15252/embj.2021108125,fusion,internal,control
10.7150/ijms.9982,fusion,internal,control
10.1038/onc.2015.280,fusion,internal,control
10.1038/s41591-023-02660-6,fusion,internal,control
10.1038/onc.2011.43,fusion,internal,control
10.1038/srep16408,fusion,internal,control
10.1038/s41388-020-01563-x,fusion,internal,control
10.1038/s41591-024-03215-z,fusion,internal,control
10.1038/s41388-019-0843-1,fusion,internal,control
10.1186/1476-4598-3-28,fusion,internal,control
10.3390/cancers12113428,fusion,internal,control
10.1186/s12885-019-5822-y,fusion,internal,control
10.1038/onc.2015.97,fusion,internal,control
10.2119/molmed.2012.00205,fusion,internal,control
10.1038/srep28176,fusion,internal,control
10.2340/1651-226x.2024.40003,fusion,internal,control
10.1007/s10549-021-06283-8,fusion,internal,control
10.1002/2056-4538.12393,fusion,internal,control
10.1158/1078-0432.ccr-21-3032,fusion,internal,control
10.1002/1878-0261.13083,fusion,internal,control
10.1007/s00520-021-06248-z,fusion,internal,control
10.1038/onc.2017.305,fusion,internal,control
10.1371/journal.pone.0031286,fusion,internal,control
10.1016/j.ccell.2020.02.002,fusion,internal,control
10.1186/s13148-016-0291-5,fusion,internal,control
10.1016/j.molcel.2014.01.029,fusion,internal,control
10.1038/onc.2013.367,fusion,internal,control
10.1038/s41388-019-0763-0,fusion,internal,control
10.1038/s41388-019-1047-4,fusion,internal,control
10.1080/03009730802688835,fusion,internal,control
10.1016/j.ccell.2020.03.001,fusion,internal,control
10.1038/onc.2014.143,fusion,internal,control
10.1371/journal.pone.0208115,fusion,internal,control
10.3390/cancers12113110,fusion,internal,control
10.1038/sj.bjc.6604565,fusion,internal,control
10.1038/s41388-020-1307-3,fusion,internal,control
10.1038/oncsis.2017.25,fusion,internal,control
10.3390/cancers13225713,fusion,internal,control
10.1186/s12885-022-09371-0,fusion,internal,control
10.1038/s41388-017-0060-8,fusion,internal,control
10.1038/s41388-018-0176-5,fusion,internal,control
10.1038/nm.3562,fusion,internal,control
10.3390/cells8040295,fusion,internal,control
10.1186/1748-717x-8-43,fusion,internal,control
10.1038/onc.2017.270,fusion,internal,control
10.2147/ndt.s103203,fusion,internal,control
10.15252/embj.2018100012,fusion,internal,control
10.1038/onc.2011.480,fusion,internal,control
10.1016/j.cell.2017.07.025,fusion,internal,control
10.1038/onc.2015.94,fusion,internal,control
10.1038/onc.2015.117,fusion,internal,control
10.1016/j.tipsro.2016.12.002,fusion,internal,control
10.15252/embj.2018100526,fusion,internal,control
10.1007/s10552-022-01637-z,fusion,internal,control
10.1038/s41467-017-00493-9,fusion,internal,control
10.1007/s10911-024-09557-1,fusion,internal,control
10.1038/s41388-024-03148-4,fusion,internal,control
10.1038/s41388-021-01754-0,fusion,internal,control
10.1136/bmjopen-2020-048183,fusion,internal,control
10.1038/s41388-019-0694-9,fusion,internal,control
10.1038/s41388-018-0445-3,fusion,internal,control
10.1038/s41591-023-02304-9,fusion,internal,control
10.1038/s41419-019-2016-0,fusion,internal,control
10.3390/molecules170910916,fusion,internal,control
10.1038/s44318-024-00040-5,fusion,internal,control
10.1038/onc.2010.199,fusion,internal,control
10.1038/s41388-018-0133-3,fusion,internal,control
10.1038/s41388-019-0702-0,fusion,internal,control
10.1038/onc.2016.307,fusion,internal,control
10.1038/sj.bjc.6600727,fusion,internal,control
10.3892/ijo.2014.2627,fusion,internal,control
10.1016/j.isci.2022.105317,fusion,internal,control
10.1038/s41388-018-0292-2,fusion,internal,control
10.1186/s12929-022-00795-1,fusion,internal,control
10.1186/s12885-015-1592-3,fusion,internal,control
10.1038/s41388-022-02248-3,fusion,internal,control
10.1186/s12929-024-01055-0,fusion,internal,control
10.5603/rpor.99673,fusion,internal,control
10.62347/asmt9261,fusion,internal,control
10.1038/onc.2017.278,fusion,internal,control
10.1038/s41388-020-01515-5,fusion,internal,control
10.1007/s00428-014-1667-6,fusion,internal,control
10.1097/md.0000000000012608,fusion,internal,control
10.1080/2162402x.2020.1786888,fusion,internal,control
10.1007/s10549-024-07352-4,fusion,internal,control
10.1038/s41598-017-18596-0,fusion,internal,control
10.1158/0008-5472.can-22-1159,fusion,internal,control
10.1016/j.kjms.2015.12.006,fusion,internal,control
10.1016/j.ymthe.2017.11.016,fusion,internal,control
10.1371/journal.pone.0142656,fusion,internal,control
10.1038/nm.4155,fusion,internal,control
10.2337/db10-0607,fusion,internal,control
10.1038/srep41004,fusion,internal,control
10.1186/s12904-021-00758-7,fusion,internal,control
10.1186/1423-0127-21-59,fusion,internal,control
10.4103/2153-3539.175378,fusion,internal,control
10.1038/s41388-022-02574-6,fusion,internal,control
10.1371/journal.pone.0161007,fusion,internal,control
10.1038/s44318-024-00262-7,fusion,internal,control
10.1017/s0007114507853414,fusion,internal,control
10.1038/onc.2016.467,fusion,internal,control
10.1016/j.molcel.2019.05.036,fusion,internal,control
10.1038/s41591-023-02612-0,fusion,internal,control
10.1155/2009/285830,fusion,internal,control
10.1038/s41388-019-1084-z,fusion,internal,control
10.1186/s12885-016-2104-9,fusion,internal,control
10.1038/s41591-019-0628-7,fusion,internal,control
10.1038/s41388-019-0895-2,fusion,internal,control
10.1038/s41388-019-0773-y,fusion,internal,control
10.1371/journal.pone.0007133,fusion,internal,control
10.1038/s41388-024-03098-x,fusion,internal,control
10.1371/journal.pone.0015313,fusion,internal,control
10.1038/onc.2009.209,fusion,internal,control
10.1136/jmedgenet-2018-105610,fusion,internal,control
10.1371/journal.pone.0122856,fusion,internal,control
10.1038/onc.2016.454,fusion,internal,control
10.1016/j.esmoop.2024.103475,fusion,internal,control
10.1038/onc.2010.496,fusion,internal,control
10.3390/antiox8110557,fusion,internal,control
10.1186/s13148-020-00920-7,fusion,internal,control
10.1038/onc.2016.490,fusion,internal,control
10.1038/s41388-022-02475-8,fusion,internal,control
10.1038/s41388-023-02781-9,fusion,internal,control
10.1002/psp4.13003,fusion,internal,control
10.2147/cmar.s191653,fusion,internal,control
10.1186/s13046-019-1247-3,fusion,internal,control
10.1038/onc.2011.504,fusion,internal,control
10.3390/ijms19010010,fusion,internal,control
10.1186/s12885-018-4021-6,fusion,internal,control
10.1038/s41598-018-31498-z,fusion,internal,control
10.15252/embj.2022111961,fusion,internal,control
10.1038/cgt.2010.38,fusion,internal,control
10.1038/onc.2011.246,fusion,internal,control
10.3390/ijms222111492,fusion,internal,control
10.1136/bmjgast-2015-000063,fusion,internal,control
10.1038/s41388-024-03230-x,fusion,internal,control
10.1093/gerona/glu222,fusion,internal,control
10.1172/jci67280,fusion,internal,control
10.1038/onc.2012.425,fusion,internal,control
10.3390/children11010095,fusion,internal,control
10.1038/onc.2016.508,fusion,internal,control
10.18632/oncotarget.2631,fusion,internal,control
10.1038/onc.2009.130,fusion,internal,control
10.1111/j.1582-4934.2009.00669.x,fusion,internal,control
10.1001/jamaoncol.2020.5957,fusion,internal,control
10.1371/journal.pone.0042345,fusion,internal,control
10.1016/j.ccr.2014.03.006,fusion,internal,control
10.1038/s41388-024-03206-x,fusion,internal,control
10.1016/j.ccell.2020.06.005,fusion,internal,control
10.1038/s41388-018-0213-4,fusion,internal,control
10.1080/14796694.2024.2377531,fusion,internal,control
10.1136/bmjopen-2021-056396,fusion,internal,control
10.1016/j.tranon.2016.12.007,fusion,internal,control
10.1038/onc.2011.526,fusion,internal,control
10.1038/modpathol.3880256,fusion,internal,control
10.1038/sj.bjc.6604449,fusion,internal,control
10.1136/bmjgast-2023-001247,fusion,internal,control
10.18632/oncotarget.2690,fusion,internal,control
10.1038/s44318-024-00080-x,fusion,internal,control
10.3390/molecules24183259,fusion,internal,control
10.1186/1476-4598-13-254,fusion,internal,control
10.1097/pgp.0000000000000612,fusion,internal,control
10.1038/s41388-019-0940-1,fusion,internal,control
10.1007/s10689-016-9934-0,fusion,internal,control
10.1038/onc.2017.109,fusion,internal,control
10.1016/j.euros.2024.12.007,fusion,internal,control
10.15252/embj.201490147,fusion,internal,control
10.1038/s41388-019-0893-4,fusion,internal,control
10.1172/jci133525,fusion,internal,control
10.7150/jca.16550,fusion,internal,control
10.1371/journal.pone.0064739,fusion,internal,control
10.1038/onc.2012.341,fusion,internal,control
10.1186/s12885-022-09384-9,fusion,internal,control
10.1016/j.molcel.2019.04.021,fusion,internal,control
10.1038/s41591-023-02758-x,fusion,internal,control
10.1371/journal.pone.0018308,fusion,internal,control
10.1038/s41591-023-02332-5,fusion,internal,control
10.3390/metabo12111095,fusion,internal,control
10.3389/fneur.2020.00634,fusion,internal,control
10.1038/onc.2009.294,fusion,internal,control
10.1038/onc.2013.77,fusion,internal,control
10.1016/j.ccr.2014.07.027,fusion,internal,control
10.1186/s12885-016-2108-5,fusion,internal,control
10.1038/s41388-022-02235-8,fusion,internal,control
10.1002/cjp2.238,fusion,internal,control
10.1038/s41388-023-02844-x,fusion,internal,control
10.18632/oncotarget.2173,fusion,internal,control
10.1155/2013/541695,fusion,internal,control
10.1016/j.cell.2016.08.041,fusion,internal,control
10.3390/ijms13056236,fusion,internal,control
10.1186/s12957-016-1080-5,fusion,internal,control
10.1016/j.ccell.2024.08.018,fusion,internal,control
10.1038/s44318-024-00188-0,fusion,internal,control
10.1186/s12885-016-2918-5,fusion,internal,control
10.3390/cancers14040913,fusion,internal,control
10.1038/onc.2017.215,fusion,internal,control
10.1186/s13058-024-01879-6,fusion,internal,control
10.1186/s13046-020-01584-0,fusion,internal,control
10.1073/pnas.1710901115,fusion,internal,control
10.1038/s41388-020-01493-8,fusion,internal,control
10.1038/s41388-019-0901-8,fusion,internal,control
10.1038/s41388-019-0945-9,fusion,internal,control
10.1016/j.ccell.2023.06.010,fusion,internal,control
10.1530/erc-22-0247,fusion,internal,control
10.1186/s12880-017-0239-z,fusion,internal,control
10.18632/oncotarget.18855,fusion,internal,control
10.1158/2767-9764.crc-22-0295,fusion,internal,control
10.1186/1472-6793-1-1,fusion,internal,control
10.1038/s41598-018-34604-3,fusion,internal,control
10.1038/s41388-020-1289-1,fusion,internal,control
10.3389/fonc.2020.00109,fusion,internal,control
10.1038/s41419-020-2432-1,fusion,internal,control
10.1038/s41388-020-1214-7,fusion,internal,control
10.1371/journal.pone.0005052,fusion,internal,control
10.1038/s41388-021-01668-x,fusion,internal,control
10.1038/s41598-019-52915-x,fusion,internal,control
10.1371/journal.pone.0194993,fusion,internal,control
10.1016/j.kjms.2017.01.004,fusion,internal,control
10.1186/s13148-019-0765-3,fusion,internal,control
10.1073/pnas.2015433118,fusion,internal,control
10.1371/journal.pone.0221946,fusion,internal,control
10.1186/1476-4598-13-6,fusion,internal,control
10.1038/ncomms11418,fusion,internal,control
10.1038/s41388-018-0343-8,fusion,internal,control
10.1186/s12902-016-0095-9,fusion,internal,control
10.1038/onc.2015.522,fusion,internal,control
10.1038/onc.2010.619,fusion,internal,control
10.1117/1.jmi.12.s1.s13003,fusion,internal,control
10.1186/bcr1072,fusion,internal,control
10.1186/s12957-018-1353-2,fusion,internal,control
10.1038/s41591-023-02682-0,fusion,internal,control
10.1177/0284185119900436,fusion,internal,control
10.1038/onc.2015.282,fusion,internal,control
10.3390/antiox12010167,fusion,internal,control
10.1136/gutjnl-2020-322545,fusion,internal,control
10.1371/journal.pone.0087129,fusion,internal,control
10.15252/embj.201695553,fusion,internal,control
10.3390/md21120636,fusion,internal,control
10.1038/sj.bjc.6605188,fusion,internal,control
10.1002/ijc.32195,fusion,internal,control
10.1093/nar/gkl845,fusion,internal,control
10.1038/onc.2014.388,fusion,internal,control
10.1186/1471-2407-14-951,fusion,internal,control
10.3802/jgo.2013.24.4.342,fusion,internal,control
10.1186/1471-230x-6-29,fusion,internal,control
10.1186/1471-2458-11-804,fusion,internal,control
10.18632/oncotarget.11445,fusion,internal,control
10.3390/nu11030516,fusion,internal,control
10.2337/dc10-1640,fusion,internal,control
10.1126/sciadv.aax5032,fusion,internal,control
10.1016/j.cell.2019.05.047,fusion,internal,control
10.1007/s10585-024-10278-2,fusion,internal,control
10.1038/onc.2012.53,fusion,internal,control
10.1038/srep21170,fusion,internal,control
10.1186/s12885-022-09480-w,fusion,internal,control
10.1111/jan.16308,fusion,internal,control
10.1186/s40064-016-2295-1,fusion,internal,control
10.1186/s12903-024-04466-5,fusion,internal,control
10.1155/2012/891893,fusion,internal,control
10.18632/oncotarget.12369,fusion,internal,control
10.1038/onc.2016.398,fusion,internal,control
10.1093/jncics/pkz072,fusion,internal,control
10.1016/j.cell.2022.09.005,fusion,internal,control
10.1038/onc.2010.361,fusion,internal,control
10.1371/journal.pone.0302813,fusion,internal,control
10.1016/j.tranon.2018.05.012,fusion,internal,control
10.1186/s12929-017-0343-y,fusion,internal,control
10.3892/ijo.2013.2203,fusion,internal,control
10.1016/j.cell.2013.09.042,fusion,internal,control
10.1038/s41379-021-00838-2,fusion,internal,control
10.1136/gutjnl-2020-322200,fusion,internal,control
10.3892/ol.2019.10224,fusion,internal,control
10.1007/s00384-016-2628-0,fusion,internal,control
10.1038/onc.2011.587,fusion,internal,control
10.1038/s41388-021-02089-6,fusion,internal,control
10.1038/s41388-024-03231-w,fusion,internal,control
10.1080/15384047.2016.1141839,fusion,internal,control
10.1371/journal.pone.0191195,fusion,internal,control
10.1371/journal.pone.0104203,fusion,internal,control
10.1186/s13046-020-01756-y,fusion,internal,control
10.1016/j.molmet.2020.101046,fusion,internal,control
10.1155/2012/486568,fusion,internal,control
10.3390/ijms24043830,fusion,internal,control
10.3389/fonc.2023.1176698,fusion,internal,control
10.1038/s41591-019-0561-9,fusion,internal,control
10.1038/s41467-018-06268-0,fusion,internal,control
10.1038/onc.2014.362,fusion,internal,control
10.1186/1748-717x-8-159,fusion,internal,control
10.1136/bmjopen-2021-050930,fusion,internal,control
10.1038/s41388-023-02706-6,fusion,internal,control
10.1038/srep29385,fusion,internal,control
10.1038/sj.bjc.6604033,fusion,internal,control
10.3390/cancers15143571,fusion,internal,control
10.1038/s41388-020-1207-6,fusion,internal,control
10.1007/s10120-019-01034-7,fusion,internal,control
10.1038/s41388-020-01399-5,fusion,internal,control
10.1038/onc.2011.361,fusion,internal,control
10.1038/s41598-024-60451-6,fusion,internal,control
10.1038/s41598-021-94154-z,fusion,internal,control
10.1038/onc.2017.261,fusion,internal,control
10.1371/journal.pone.0189007,fusion,internal,control
10.1038/s41388-018-0298-9,fusion,internal,control
10.1038/onc.2017.29,fusion,internal,control
10.1186/1471-2164-15-300,fusion,internal,control
10.3109/0284186x.2011.624545,fusion,internal,control
10.1371/journal.pone.0127427,fusion,internal,control
10.1038/onc.2011.154,fusion,internal,control
10.1186/s12920-018-0329-y,fusion,internal,control
10.7150/thno.32915,fusion,internal,control
10.1038/s41525-021-00250-4,fusion,internal,control
10.1038/onc.2015.487,fusion,internal,control
10.1038/onc.2016.218,fusion,internal,control
10.1038/sj.bjc.6604135,fusion,internal,control
10.1186/s13148-018-0533-9,fusion,internal,control
10.1038/s41388-019-0885-4,fusion,internal,control
10.1186/s12967-017-1256-y,fusion,internal,control
10.1038/s41388-020-1379-0,fusion,internal,control
10.1038/s41591-024-03244-8,fusion,internal,control
10.1097/md.0000000000004070,fusion,internal,control
10.1038/bjc.2014.413,fusion,internal,control
10.1016/j.ccr.2013.06.004,fusion,internal,control
10.1186/1476-4598-13-172,fusion,internal,control
10.1038/s41388-023-02925-x,fusion,internal,control
10.1038/s41388-019-0866-7,fusion,internal,control
10.18632/oncotarget.3768,fusion,internal,control
10.1371/journal.pone.0041060,fusion,internal,control
10.3892/ijo.2013.1791,fusion,internal,control
10.1186/s12929-020-00633-2,fusion,internal,control
10.1371/journal.pone.0028053,fusion,internal,control
10.1038/s41388-021-01718-4,fusion,internal,control
10.1186/s13053-021-00203-z,fusion,internal,control
10.1186/s12575-018-0073-x,fusion,internal,control
10.1007/s00280-014-2671-x,fusion,internal,control
10.1186/s12885-018-4568-2,fusion,internal,control
10.1016/j.ccell.2021.06.017,fusion,internal,control
10.1371/journal.pone.0076421,fusion,internal,control
10.1038/onc.2008.426,fusion,internal,control
10.1245/s10434-015-4441-3,fusion,internal,control
10.1038/s41598-022-26391-9,fusion,internal,control
10.1038/s41591-023-02372-x,fusion,internal,control
10.1038/s41388-023-02892-3,fusion,internal,control
10.1111/jcmm.14879,fusion,internal,control
10.1186/1471-2407-6-136,fusion,internal,control
10.18632/oncotarget.2674,fusion,internal,control
10.1016/j.ccell.2017.03.007,fusion,internal,control
10.1038/onc.2016.123,fusion,internal,control
10.1186/1471-2458-9-178,fusion,internal,control
10.1186/s12885-024-12070-7,fusion,internal,control
10.1016/j.cell.2021.12.023,fusion,internal,control
10.1371/journal.pone.0005231,fusion,internal,control
10.1186/1476-4598-5-62,fusion,internal,control
10.1016/j.ccell.2022.12.009,fusion,internal,control
10.1038/s41388-018-0368-z,fusion,internal,control
10.1038/onc.2017.318,fusion,internal,control
10.1007/s00330-012-2669-x,fusion,internal,control
10.18632/oncotarget.24059,fusion,internal,control
10.1038/s41436-020-01029-1,fusion,internal,control
10.1021/jacs.9b11232,fusion,internal,control
10.1371/journal.pone.0099631,fusion,internal,control
10.1038/sj.bjc.6603126,fusion,internal,control
10.1038/emboj.2008.253,fusion,internal,control
10.1002/ijc.28052,fusion,internal,control
10.1016/j.ccr.2011.11.017,fusion,internal,control
10.1038/onc.2016.499,fusion,internal,control
10.1038/emboj.2010.358,fusion,internal,control
10.2196/17084,fusion,internal,control
10.2147/ndt.s135624,fusion,internal,control
10.2147/clep.s466029,fusion,internal,control
10.3399/bjgpo.2023.0029,fusion,internal,control
10.1136/rmdopen-2022-002465,fusion,internal,control
10.1371/journal.pone.0016536,fusion,internal,control
10.3390/bioengineering11090909,fusion,internal,control
10.18632/aging.203345,fusion,internal,control
10.1001/jamanetworkopen.2020.11768,fusion,internal,control
10.1186/1472-6882-12-22,fusion,internal,control
10.1038/onc.2013.377,fusion,internal,control
10.1038/onc.2016.447,fusion,internal,control
10.3892/or.17.6.1501,fusion,internal,control
10.1016/j.cell.2021.05.021,fusion,internal,control
10.1038/s41388-021-01871-w,fusion,internal,control
10.3390/biom11020263,fusion,internal,control
10.1038/sj.emboj.7601534,fusion,internal,control
10.1371/journal.pone.0161501,fusion,internal,control
10.1038/onc.2009.463,fusion,internal,control
10.1038/sj.bjc.6601804,fusion,internal,control
10.1186/s40164-018-0100-2,fusion,internal,control
10.1371/journal.pone.0012417,fusion,internal,control
10.14309/ctg.0000000000000088,fusion,internal,control
10.1136/jclinpath-2015-202888,fusion,internal,control
10.3389/fonc.2023.1121872,fusion,internal,control
10.1088/1468-6996/14/4/044407,fusion,internal,control
10.1371/journal.pone.0042750,fusion,internal,control
10.3390/cancers12030697,fusion,internal,control
10.1038/s41467-019-12652-1,fusion,internal,control
10.1038/onc.2011.539,fusion,internal,control
10.3892/or.2017.6087,fusion,internal,control
10.3390/molecules26247447,fusion,internal,control
10.1038/bjc.2014.612,fusion,internal,control
10.1016/j.ccell.2016.04.014,fusion,internal,control
10.1038/sj.emboj.7601886,fusion,internal,control
10.1038/onc.2013.342,fusion,internal,control
10.1016/j.neo.2020.05.004,fusion,internal,control
10.1038/onc.2011.528,fusion,internal,control
10.3390/cancers15071972,fusion,internal,control
10.1038/nm.4120,fusion,internal,control
10.1007/s00262-011-0991-9,fusion,internal,control
10.7150/thno.57803,fusion,internal,control
10.1002/cam4.602,fusion,internal,control
10.1038/onc.2016.249,fusion,internal,control
10.3390/molecules22091477,fusion,internal,control
10.18632/oncotarget.12338,fusion,internal,control
10.1038/s41388-021-01874-7,fusion,internal,control
10.1016/j.tranon.2015.04.001,fusion,internal,control
10.1038/s41591-018-0091-x,fusion,internal,control
10.15252/embj.201592409,fusion,internal,control
10.1371/journal.pone.0180620,fusion,internal,control
10.1038/sj.bjc.6603961,fusion,internal,control
10.1186/s13058-017-0911-9,fusion,internal,control
10.3892/ijo.2017.3844,fusion,internal,control
10.1016/j.ccell.2022.12.003,fusion,internal,control
10.1038/s41388-018-0645-x,fusion,internal,control
10.1371/journal.pone.0052795,fusion,internal,control
10.1186/1471-2407-14-872,fusion,internal,control
10.1038/onc.2010.560,fusion,internal,control
10.1038/s41388-024-03080-7,fusion,internal,control
10.1038/onc.2012.405,fusion,internal,control
10.1002/path.4886,fusion,internal,control
10.1016/j.ccell.2023.04.002,fusion,internal,control
10.1038/onc.2012.565,fusion,internal,control
10.1038/s41388-021-01839-w,fusion,internal,control
10.1038/s41388-019-0890-7,fusion,internal,control
10.1186/s12929-020-00632-3,fusion,internal,control
10.1371/journal.pone.0057968,fusion,internal,control
10.1186/s12929-019-0533-x,fusion,internal,control
10.1038/onc.2011.44,fusion,internal,control
10.1186/s12885-015-1290-1,fusion,internal,control
10.1038/onc.2017.97,fusion,internal,control
10.3390/biomedicines9050506,fusion,internal,control
10.1186/s12885-023-11147-z,fusion,internal,control
10.1038/s41388-017-0023-0,fusion,internal,control
10.1186/s12931-020-01608-5,fusion,internal,control
10.1038/onc.2016.459,fusion,internal,control
10.1038/s41388-019-1078-x,fusion,internal,control
10.15252/embj.2022111620,fusion,internal,control
10.1186/s12951-019-0519-6,fusion,internal,control
10.1038/sj.bjc.6601171,fusion,internal,control
10.1038/onc.2016.134,fusion,internal,control
10.1371/journal.pone.0134185,fusion,internal,control
10.1016/j.breast.2020.02.007,fusion,internal,control
10.1038/sj.bjc.6602543,fusion,internal,control
10.1371/journal.pone.0102519,fusion,internal,control
10.1371/journal.pone.0096765,fusion,internal,control
10.1186/s13058-023-01712-6,fusion,internal,control
10.1136/bmjonc-2023-000039,fusion,internal,control
10.1038/s41388-020-01423-8,fusion,internal,control
10.3390/cancers12123522,fusion,internal,control
10.1038/onc.2014.72,fusion,internal,control
10.1038/s41591-024-02929-4,fusion,internal,control
10.1186/bcr1075,fusion,internal,control
10.3390/cells9061419,fusion,internal,control
10.1038/s41388-017-0115-x,fusion,internal,control
10.1038/onc.2015.48,fusion,internal,control
10.1371/journal.pone.0001096,fusion,internal,control
10.1002/1878-0261.13159,fusion,internal,control
10.1007/s13555-023-01059-y,fusion,internal,control
10.1038/onc.2012.240,fusion,internal,control
10.1038/s41598-019-52914-y,fusion,internal,control
10.1038/bjc.2011.295,fusion,internal,control
10.1186/bcr3423,fusion,internal,control
10.1186/1471-2407-5-75,fusion,internal,control
10.1038/s41388-019-1111-0,fusion,internal,control
10.1186/1471-2407-7-21,fusion,internal,control
10.1038/onc.2015.252,fusion,internal,control
10.1038/onc.2013.18,fusion,internal,control
10.1093/nar/gkw785,fusion,internal,control
10.1186/s12885-015-1857-x,fusion,internal,control
10.18632/oncotarget.21614,fusion,internal,control
10.1038/onc.2015.112,fusion,internal,control
10.1016/j.neo.2020.06.007,fusion,internal,control
10.1186/s12929-022-00888-x,fusion,internal,control
10.1186/s13099-021-00403-x,fusion,internal,control
10.3892/or.19.5.1231,fusion,internal,control
10.3390/molecules22030437,fusion,internal,control
10.1186/s13104-023-06376-1,fusion,internal,control
10.1038/s41388-020-01528-0,fusion,internal,control
10.1038/s41388-021-01801-w,fusion,internal,control
10.1038/sj.bjc.6601985,fusion,internal,control
10.1038/s41388-021-02064-1,fusion,internal,control
10.1038/s41591-023-02600-4,fusion,internal,control
10.1007/s10120-024-01487-5,fusion,internal,control
10.1038/s41388-020-01524-4,fusion,internal,control
10.1054/bjoc.2001.1927,fusion,internal,control
10.1038/sj.bjc.6604913,fusion,internal,control
10.1038/s41388-021-01684-x,fusion,internal,control
10.1038/onc.2010.277,fusion,internal,control
10.1038/s41388-020-01479-6,fusion,internal,control
10.1007/s10120-022-01326-5,fusion,internal,control
10.7150/thno.18551,fusion,internal,control
10.1038/s41591-023-02589-w,fusion,internal,control
10.15252/embj.2020105320,fusion,internal,control
10.1038/cddis.2013.149,fusion,internal,control
10.1038/srep46688,fusion,internal,control
10.1038/onc.2009.468,fusion,internal,control
10.1038/s41591-021-01553-w,fusion,internal,control
10.1038/s41388-020-01466-x,fusion,internal,control
10.1038/s41388-021-01948-6,fusion,internal,control
10.3390/cells11132035,fusion,internal,control
10.1038/onc.2010.532,fusion,internal,control
10.1038/onc.2016.29,fusion,internal,control
10.1016/j.ebiom.2017.06.018,fusion,internal,control
10.1038/onc.2016.25,fusion,internal,control
10.1038/sj.bjc.6602593,fusion,internal,control
10.1093/nar/gkv1061,fusion,internal,control
10.1016/j.cell.2020.07.017,fusion,internal,control
10.3892/or.2010.1080,fusion,internal,control
10.1016/j.ccell.2023.12.021,fusion,internal,control
10.1038/bjc.2012.559,fusion,internal,control
10.1038/s41388-018-0636-y,fusion,internal,control
10.1016/j.adro.2019.11.007,fusion,internal,control
10.3892/ol.2016.5287,fusion,internal,control
10.15252/embj.2022110844,fusion,internal,control
10.3892/ijmm_00000335,fusion,internal,control
10.1186/1477-7819-10-40,fusion,internal,control
10.1016/j.celrep.2019.02.025,fusion,internal,control
10.1371/journal.pone.0035128,fusion,internal,control
10.1038/onc.2010.314,fusion,internal,control
10.1038/s41388-018-0439-1,fusion,internal,control
10.4240/wjgs.v9.i11.215,fusion,internal,control
10.1007/s10549-024-07564-8,fusion,internal,control
10.1038/s41388-018-0162-y,fusion,internal,control
10.1016/j.cell.2020.07.005,fusion,internal,control
10.1186/s13058-023-01719-z,fusion,internal,control
10.7150/jca.29765,fusion,internal,control
10.1038/onc.2014.178,fusion,internal,control
10.3390/ijerph17020665,fusion,internal,control
10.1186/s12885-016-2265-6,fusion,internal,control
10.1038/s41388-020-1335-z,fusion,internal,control
10.1016/j.ccell.2023.08.004,fusion,internal,control
10.2340/actadv.v104.40890,fusion,internal,control
10.1038/s41388-021-01688-7,fusion,internal,control
10.1038/s41598-017-18489-2,fusion,internal,control
10.1038/s44318-024-00271-6,fusion,internal,control
10.1016/j.molcel.2021.02.001,fusion,internal,control
10.1038/s41388-020-1202-y,fusion,internal,control
10.1038/onc.2017.25,fusion,internal,control
10.1186/s13075-014-0449-5,fusion,internal,control
10.1038/onc.2016.323,fusion,internal,control
10.1371/journal.pone.0155660,fusion,internal,control
10.1038/bjc.2011.112,fusion,internal,control
10.3390/cancers13174288,fusion,internal,control
10.1186/s13027-021-00386-z,fusion,internal,control
10.1097/md.0000000000015200,fusion,internal,control
10.1038/onc.2016.223,fusion,internal,control
10.1093/nar/gkx683,fusion,internal,control
10.1007/s00520-021-06517-x,fusion,internal,control
10.1038/s41388-021-01702-y,fusion,internal,control
10.1038/s41388-020-01595-3,fusion,internal,control
10.1038/onc.2012.523,fusion,internal,control
10.1016/j.ccell.2018.06.007,fusion,internal,control
10.1038/s41388-018-0289-x,fusion,internal,control
10.1038/s41591-024-02965-0,fusion,internal,control
10.1038/s41591-024-03077-5,fusion,internal,control
10.1038/sj.bjc.6602906,fusion,internal,control
10.1042/bsr20182436,fusion,internal,control
10.1016/j.cell.2010.11.055,fusion,internal,control
10.1371/journal.pone.0076340,fusion,internal,control
10.1038/srep24517,fusion,internal,control
10.1038/nm.2020,fusion,internal,control
10.1002/ijc.31891,fusion,internal,control
10.1371/journal.pone.0087207,fusion,internal,control
10.1038/s41388-018-0317-x,fusion,internal,control
10.15252/embj.2020106123,fusion,internal,control
10.1038/s41388-023-02709-3,fusion,internal,control
10.1186/s13046-019-1091-5,fusion,internal,control
10.1038/nm.2401,fusion,internal,control
10.1038/onc.2014.336,fusion,internal,control
10.1038/s41591-018-0205-5,fusion,internal,control
10.1186/1476-4598-5-20,fusion,internal,control
10.15252/embj.201899735,fusion,internal,control
10.1038/s41388-020-01433-6,fusion,internal,control
10.4081/ejh.2014.2227,fusion,internal,control
10.1186/s12885-019-5652-y,fusion,internal,control
10.18632/oncotarget.10374,fusion,internal,control
10.1186/1472-6882-13-46,fusion,internal,control
10.1172/jci161084,fusion,internal,control
10.1038/onc.2015.302,fusion,internal,control
10.1038/s41388-020-1162-2,fusion,internal,control
10.1038/onc.2015.246,fusion,internal,control
10.1038/onc.2011.187,fusion,internal,control
10.1038/onc.2014.10,fusion,internal,control
10.3389/fimmu.2018.03081,fusion,internal,control
10.1038/s41388-021-01666-z,fusion,internal,control
10.1136/bmjopen-2013-004648,fusion,internal,control
10.1177/11795549221086578,fusion,internal,control
10.1038/onc.2011.657,fusion,internal,control
10.1038/s41419-018-0915-0,fusion,internal,control
10.1038/s41388-020-01566-8,fusion,internal,control
10.2967/jnumed.110.082370,fusion,internal,control
10.1186/s12905-017-0469-9,fusion,internal,control
10.1172/jci200112346,fusion,internal,control
10.3109/0284186x.2014.923934,fusion,internal,control
10.1007/s00280-018-3690-9,fusion,internal,control
10.1038/bjc.2012.461,fusion,internal,control
10.1038/onc.2013.521,fusion,internal,control
10.1038/s41419-018-1019-6,fusion,internal,control
10.1038/s41598-018-36036-5,fusion,internal,control
10.3390/cancers12010199,fusion,internal,control
10.1080/02813432.2021.2004734,fusion,internal,control
10.1186/s12885-020-06807-3,fusion,internal,control
10.3892/or.2011.1264,fusion,internal,control
10.1111/cpf.12785,fusion,internal,control
10.1007/s10552-009-9488-7,fusion,internal,control
10.3892/ijo.2013.2050,fusion,internal,control
10.1038/sj.bjc.6605580,fusion,internal,control
10.1136/jitc-2020-001392,fusion,internal,control
10.1371/journal.pone.0039445,fusion,internal,control
10.1038/s41388-019-0779-5,fusion,internal,control
10.15252/embj.2021110553,fusion,internal,control
10.1371/journal.pone.0056795,fusion,internal,control
10.3390/ijerph16030411,fusion,internal,control
10.1186/s12885-022-09315-8,fusion,internal,control
10.1038/onc.2011.430,fusion,internal,control
10.1007/s00467-020-04546-y,fusion,internal,control
10.1038/s41388-021-01719-3,fusion,internal,control
10.3390/cancers16213588,fusion,internal,control
10.1038/onc.2009.452,fusion,internal,control
10.1038/sj.bjc.6603008,fusion,internal,control
10.1038/s41388-018-0635-z,fusion,internal,control
10.3389/fmicb.2018.00862,fusion,internal,control
10.1038/onc.2016.195,fusion,internal,control
10.1016/j.clgc.2022.02.002,fusion,internal,control
10.1038/s41388-020-01635-y,fusion,internal,control
10.1038/onc.2016.291,fusion,internal,control
10.1038/s41388-020-01626-z,fusion,internal,control
10.1038/onc.2016.279,fusion,internal,control
10.1038/onc.2014.469,fusion,internal,control
10.1038/onc.2011.2,fusion,internal,control
10.1038/modpathol.2013.241,fusion,internal,control
10.1038/onc.2012.355,fusion,internal,control
10.1016/j.molcel.2024.04.012,fusion,internal,control
10.1186/s12905-021-01242-3,fusion,internal,control
10.1371/journal.pone.0287486,fusion,internal,control
10.1002/acn3.52232,fusion,internal,control
10.3390/ijms14059790,fusion,internal,control
10.1054/bjoc.2001.1823,fusion,internal,control
10.3389/fonc.2020.00681,fusion,internal,control
10.1186/s12885-020-06986-z,fusion,internal,control
10.1111/j.1582-4934.2009.00868.x,fusion,internal,control
10.1371/journal.pone.0018087,fusion,internal,control
10.1038/s41388-021-01815-4,fusion,internal,control
10.1038/s41388-020-1280-x,fusion,internal,control
10.1038/bjc.2013.212,fusion,internal,control
10.3390/ijms18102025,fusion,internal,control
10.1038/s41388-022-02289-8,fusion,internal,control
10.1186/s13058-024-01882-x,fusion,internal,control
10.1371/journal.pone.0217942,fusion,internal,control
10.1007/s00268-020-05941-0,fusion,internal,control
10.1038/bjc.2013.215,fusion,internal,control
10.1038/onc.2009.116,fusion,internal,control
10.1038/s41388-021-01838-x,fusion,internal,control
10.1245/s10434-017-5818-2,fusion,internal,control
10.3390/cancers12071740,fusion,internal,control
10.1038/onc.2013.562,fusion,internal,control
10.1016/j.cell.2020.05.017,fusion,internal,control
10.1038/onc.2017.100,fusion,internal,control
10.1002/1878-0261.13655,fusion,internal,control
10.18632/oncotarget.4364,fusion,internal,control
10.1107/s2059798322004132,fusion,internal,control
10.1038/sj.bjc.6601235,fusion,internal,control
10.1038/s41374-019-0336-4,fusion,internal,control
10.1038/onc.2011.113,fusion,internal,control
10.1186/s12885-019-5827-6,fusion,internal,control
10.1038/s41591-024-03286-y,fusion,internal,control
10.1038/s41467-024-52980-5,fusion,internal,control
10.1186/1755-8794-1-15,fusion,internal,control
10.1038/s41388-020-1195-6,fusion,internal,control
10.1002/lio2.610,fusion,internal,control
10.1186/s12875-024-02669-x,fusion,internal,control
10.1186/s12929-022-00881-4,fusion,internal,control
10.15252/embj.2019102361,fusion,internal,control
10.1371/journal.pone.0174487,fusion,internal,control
10.1186/s13550-020-0600-z,fusion,internal,control
10.1007/s00262-013-1453-3,fusion,internal,control
10.1186/s12885-016-2691-5,fusion,internal,control
10.1038/s41388-020-01617-0,fusion,internal,control
10.1371/journal.pone.0047649,fusion,internal,control
10.1038/s41388-018-0435-5,fusion,internal,control
10.1371/journal.pone.0111499,fusion,internal,control
10.1186/s13014-015-0490-9,fusion,internal,control
10.1038/s41388-018-0332-y,fusion,internal,control
10.1007/s00384-018-3074-y,fusion,internal,control
10.18632/oncotarget.4216,fusion,internal,control
10.1093/ecam/neq057,fusion,internal,control
10.1016/j.jtocrr.2021.100270,fusion,internal,control
10.1016/j.ccell.2019.12.012,fusion,internal,control
10.3892/ijo_00000824,fusion,internal,control
10.1259/bjr.20150588,fusion,internal,control
10.1016/j.ccell.2022.11.001,fusion,internal,control
10.1038/onc.2010.385,fusion,internal,control
10.1038/onc.2012.374,fusion,internal,control
10.1038/onc.2014.94,fusion,internal,control
10.1038/s41598-022-12519-4,fusion,internal,control
10.1038/onc.2016.217,fusion,internal,control
10.1186/1748-717x-7-165,fusion,internal,control
10.1038/onc.2011.94,fusion,internal,control
10.1038/bjc.2015.108,fusion,internal,control
10.1038/onc.2012.552,fusion,internal,control
10.1371/journal.pone.0026539,fusion,internal,control
10.1186/1749-8090-6-98,fusion,internal,control
10.1038/onc.2012.27,fusion,internal,control
10.1038/onc.2011.325,fusion,internal,control
10.1038/ncomms4472,fusion,internal,control
10.1038/modpathol.2014.96,fusion,internal,control
10.1038/s41388-020-1370-9,fusion,internal,control
10.3389/fonc.2022.786739,fusion,internal,control
10.1038/srep00584,fusion,internal,control
10.1038/s41388-018-0552-1,fusion,internal,control
10.1038/s41591-022-01694-6,fusion,internal,control
10.1080/1354750x.2023.2168063,fusion,internal,control
10.1016/j.ccell.2023.06.006,fusion,internal,control
10.1038/s12276-021-00686-9,fusion,internal,control
10.1038/s41591-023-02478-2,fusion,internal,control
10.1002/cam4.5,fusion,internal,control
10.1371/journal.pone.0136142,fusion,internal,control
10.1038/onc.2010.327,fusion,internal,control
10.1038/onc.2010.329,fusion,internal,control
10.1186/bcr2788,fusion,internal,control
10.1016/j.ccell.2018.03.018,fusion,internal,control
10.1038/onc.2015.44,fusion,internal,control
10.1002/advs.202204514,fusion,internal,control
10.1038/onc.2017.281,fusion,internal,control
10.1172/jci42975,fusion,internal,control
10.2967/jnumed.121.261993,fusion,internal,control
10.3390/diagnostics12051031,fusion,internal,control
10.1007/s00330-023-10369-w,fusion,internal,control
10.1038/s41388-021-01680-1,fusion,internal,control
10.1186/s12929-016-0269-9,fusion,internal,control
10.1038/onc.2013.350,fusion,internal,control
10.1038/s41388-022-02537-x,fusion,internal,control
10.1016/j.euros.2022.04.013,fusion,internal,control
10.1186/1471-230x-10-51,fusion,internal,control
10.1038/s41388-023-02851-y,fusion,internal,control
10.1371/journal.pone.0002637,fusion,internal,control
10.18632/oncotarget.13006,fusion,internal,control
10.3390/molecules17043844,fusion,internal,control
10.1038/s41388-019-1125-7,fusion,internal,control
10.1097/md.0000000000005605,fusion,internal,control
10.1371/journal.pone.0014526,fusion,internal,control
10.1093/aje/kwab216,fusion,internal,control
10.1038/onc.2010.521,fusion,internal,control
10.1186/s12929-022-00824-z,fusion,internal,control
10.1097/md.0000000000005177,fusion,internal,control
10.1038/onc.2010.605,fusion,internal,control
10.1371/journal.pone.0044325,fusion,internal,control
10.3389/fvets.2023.1143986,fusion,internal,control
10.18632/oncotarget.4250,fusion,internal,control
10.1038/s41388-023-02835-y,fusion,internal,control
10.1097/md.0000000000004588,fusion,internal,control
10.1186/1748-717x-7-181,fusion,internal,control
10.15252/emmm.201404913,fusion,internal,control
10.18632/oncotarget.10458,fusion,internal,control
10.1371/journal.pone.0031864,fusion,internal,control
10.1007/s00345-018-2252-4,fusion,internal,control
10.1016/j.ccell.2015.06.001,fusion,internal,control
10.1371/journal.pone.0031587,fusion,internal,control
10.1038/srep32851,fusion,internal,control
10.1093/ajcp/aqad029,fusion,internal,control
10.1038/s41388-020-01636-x,fusion,internal,control
10.1038/s41388-022-02243-8,fusion,internal,control
10.1371/journal.pone.0070839,fusion,internal,control
10.1038/srep36650,fusion,internal,control
10.1038/s41591-021-01436-0,fusion,internal,control
10.1186/1477-7525-11-96,fusion,internal,control
10.1038/s41420-020-0272-5,fusion,internal,control
10.1097/md.0000000000001337,fusion,internal,control
10.1097/igc.0000000000000384,fusion,internal,control
10.1038/s41467-020-15315-8,fusion,internal,control
10.4236/psych.2017.811116,fusion,internal,control
10.18632/oncotarget.1631,fusion,internal,control
10.1038/onc.2016.376,fusion,internal,control
10.1038/nm.4045,fusion,internal,control
10.1038/onc.2011.312,fusion,internal,control
10.1016/j.cell.2023.05.028,fusion,internal,control
10.1021/jm500249n,fusion,internal,control
10.1038/onc.2013.23,fusion,internal,control
10.1007/s10549-013-2677-9,fusion,internal,control
10.1038/onc.2013.470,fusion,internal,control
10.1155/2011/659876,fusion,internal,control
10.1038/nm.4372,fusion,internal,control
10.1038/onc.2013.339,fusion,internal,control
10.1038/s41388-018-0228-x,fusion,internal,control
10.3390/molecules21070849,fusion,internal,control
10.1038/s41598-018-33927-5,fusion,internal,control
10.1038/s41525-018-0051-x,fusion,internal,control
10.1007/s10585-020-10028-0,fusion,internal,control
10.1007/s00520-022-06987-7,fusion,internal,control
10.1371/journal.pone.0162740,fusion,internal,control
10.1038/s41591-019-0582-4,fusion,internal,control
10.1007/s00198-020-05611-w,fusion,internal,control
10.3389/fphar.2019.01226,fusion,internal,control
10.1002/cncr.28774,fusion,internal,control
10.1016/j.molcel.2018.04.008,fusion,internal,control
10.1038/s41388-018-0534-3,fusion,internal,control
10.1038/s41591-024-03060-0,fusion,internal,control
10.3390/healthcare8030314,fusion,internal,control
10.1038/onc.2011.644,fusion,internal,control
10.1371/journal.pone.0061362,fusion,internal,control
10.1016/j.cell.2018.01.004,fusion,internal,control
10.1038/onc.2008.454,fusion,internal,control
10.1186/1472-6882-12-142,fusion,internal,control
10.3390/molecules26216452,fusion,internal,control
10.1038/s41591-022-01731-4,fusion,internal,control
10.1016/j.ccell.2024.09.009,fusion,internal,control
10.1038/s41598-018-27739-w,fusion,internal,control
10.1038/s41388-022-02253-6,fusion,internal,control
10.1038/onc.2016.394,fusion,internal,control
10.1371/journal.pone.0053014,fusion,internal,control
10.1016/j.ccell.2020.09.007,fusion,internal,control
10.1120/jacmp.v16i6.5673,fusion,internal,control
10.1038/s41388-022-02333-7,fusion,internal,control
10.1038/onc.2014.416,fusion,internal,control
10.1016/j.ccell.2024.10.015,fusion,internal,control
10.1038/onc.2015.409,fusion,internal,control
10.1038/s41388-019-0920-5,fusion,internal,control
10.1038/s41388-019-0755-0,fusion,internal,control
10.1371/journal.pone.0126547,fusion,internal,control
10.1002/cam4.773,fusion,internal,control
10.1186/s12885-016-2874-0,fusion,internal,control
10.1038/onc.2015.301,fusion,internal,control
10.18632/oncotarget.6641,fusion,internal,control
10.1186/1471-2458-10-67,fusion,internal,control
10.1002/path.4317,fusion,internal,control
10.1186/s12957-014-0429-x,fusion,internal,control
10.3389/fonc.2024.1383104,fusion,internal,control
10.1038/s41388-023-02901-5,fusion,internal,control
10.1002/cam4.3691,fusion,internal,control
10.1038/onc.2016.308,fusion,internal,control
10.1038/s41591-021-01541-0,fusion,internal,control
10.3892/ijo_00000705,fusion,internal,control
10.1038/ncomms13867,fusion,internal,control
10.1038/onc.2015.196,fusion,internal,control
10.1038/s41388-021-02058-z,fusion,internal,control
10.1038/s41388-018-0221-4,fusion,internal,control
10.1371/journal.pone.0109610,fusion,internal,control
10.1136/gutjnl-2015-310256,fusion,internal,control
10.1016/j.ccr.2008.02.010,fusion,internal,control
10.2196/47195,fusion,internal,control
10.1038/s41388-023-02813-4,fusion,internal,control
10.1007/s10549-014-3057-9,fusion,internal,control
10.4103/cytojournal.cytojournal_34_16,fusion,internal,control
10.1038/ncomms15507,fusion,internal,control
10.1038/s41598-023-31484-0,fusion,internal,control
10.15252/embj.2020107333,fusion,internal,control
10.1186/s12885-015-1114-3,fusion,internal,control
10.1038/onc.2013.563,fusion,internal,control
10.1038/onc.2014.32,fusion,internal,control
10.1038/s41388-018-0532-5,fusion,internal,control
10.1371/journal.pone.0119647,fusion,internal,control
10.1038/onc.2017.264,fusion,internal,control
10.1038/s41416-022-02063-3,fusion,internal,control
10.1038/bjc.2014.195,fusion,internal,control
10.1038/srep40003,fusion,internal,control
10.1001/jamanetworkopen.2022.2530,fusion,internal,control
10.1038/srep10420,fusion,internal,control
10.1177/02841851221140668,fusion,internal,control
10.1038/s41388-018-0273-5,fusion,internal,control
10.1016/j.redox.2015.08.008,fusion,internal,control
10.1038/srep00785,fusion,internal,control
10.1038/s41591-024-03235-9,fusion,internal,control
10.1016/j.ccell.2021.06.009,fusion,internal,control
10.1038/s41388-024-03135-9,fusion,internal,control
10.1038/s41467-018-04313-6,fusion,internal,control
10.1080/14796694.2024.2401309,fusion,internal,control
10.1371/journal.pone.0087027,fusion,internal,control
10.3390/jcm7120502,fusion,internal,control
10.1038/s41591-018-0115-6,fusion,internal,control
10.1371/journal.pone.0074538,fusion,internal,control
10.1371/journal.pone.0023756,fusion,internal,control
10.1038/s41388-019-0993-1,fusion,internal,control
10.1007/s10549-012-2376-y,fusion,internal,control
10.1186/s13048-020-00625-8,fusion,internal,control
10.7717/peerj.1386,fusion,internal,control
10.1136/jitc-2023-007990,fusion,internal,control
10.1038/s41598-020-80570-0,fusion,internal,control
10.1016/j.ccell.2014.12.002,fusion,internal,control
10.1038/s41598-021-81914-0,fusion,internal,control
10.1186/bcr3080,fusion,internal,control
10.1002/ctm2.106,fusion,internal,control
10.1002/nbm.3504,fusion,internal,control
10.1111/aogs.14710,fusion,internal,control
10.1038/s41388-017-0029-7,fusion,internal,control
10.1016/j.jpra.2024.10.014,fusion,internal,control
10.1038/s41388-021-01786-6,fusion,internal,control
10.1038/onc.2010.255,fusion,internal,control
10.1038/onc.2014.271,fusion,internal,control
10.1371/journal.pone.0113278,fusion,internal,control
10.1186/s12885-019-5449-z,fusion,internal,control
10.1038/s41388-021-01997-x,fusion,internal,control
10.1111/cts.12809,fusion,internal,control
10.1371/journal.pone.0084815,fusion,internal,control
10.1038/onc.2011.370,fusion,internal,control
10.1371/journal.pone.0117323,fusion,internal,control
10.1186/s13058-024-01897-4,fusion,internal,control
10.1038/bjc.2012.220,fusion,internal,control
10.1111/and.14410,fusion,internal,control
10.1038/onc.2011.543,fusion,internal,control
10.1002/cam4.634,fusion,internal,control
10.1016/j.ccell.2018.02.011,fusion,internal,control
10.1038/onc.2016.251,fusion,internal,control
10.1038/s41591-022-02189-0,fusion,internal,control
10.1371/journal.pone.0071983,fusion,internal,control
10.1038/onc.2009.203,fusion,internal,control
10.1016/j.ccell.2021.01.001,fusion,internal,control
10.15252/embj.2022112198,fusion,internal,control
10.3390/jpm12081283,fusion,internal,control
10.1038/cddis.2017.192,fusion,internal,control
10.1007/s00405-010-1417-6,fusion,internal,control
10.1155/2014/532161,fusion,internal,control
10.1002/jso.23967,fusion,internal,control
10.1038/s41388-020-01584-6,fusion,internal,control
10.1038/onc.2011.520,fusion,internal,control
10.1001/jamaoncol.2024.5356,fusion,internal,control
10.3892/or.2011.1388,fusion,internal,control
10.1186/s13014-016-0617-7,fusion,internal,control
10.1002/cam4.1135,fusion,internal,control
10.1038/s41388-021-01762-0,fusion,internal,control
10.1038/s41388-018-0263-7,fusion,internal,control
10.1038/onc.2015.344,fusion,internal,control
10.1016/j.ccell.2022.09.014,fusion,internal,control
10.1016/j.ccell.2023.07.010,fusion,internal,control
10.1038/onc.2012.311,fusion,internal,control
10.1001/jamainternmed.2023.2442,fusion,internal,control
10.1038/onc.2012.159,fusion,internal,control
10.1038/s41388-019-0959-3,fusion,internal,control
10.1038/onc.2009.31,fusion,internal,control
10.1371/journal.pone.0023452,fusion,internal,control
10.1186/s13014-015-0562-x,fusion,internal,control
10.1371/journal.pone.0248550,fusion,internal,control
10.3389/fimmu.2018.00412,fusion,internal,control
10.1186/s12885-018-4229-5,fusion,internal,control
10.3390/cancers14030746,fusion,internal,control
10.1038/srep19740,fusion,internal,control
10.1186/s12885-016-2923-8,fusion,internal,control
10.1038/s41388-021-01792-8,fusion,internal,control
10.1186/s12957-021-02308-0,fusion,internal,control
10.18632/oncotarget.9635,fusion,internal,control
10.15252/embj.2019104013,fusion,internal,control
10.1038/s41591-023-02324-5,fusion,internal,control
10.1172/jci.insight.169830,fusion,internal,control
10.1371/journal.pone.0024829,fusion,internal,control
10.1038/onc.2009.365,fusion,internal,control
10.1038/onc.2013.207,fusion,internal,control
10.5491/shaw.2012.3.3.166,fusion,internal,control
10.18632/oncotarget.3045,fusion,internal,control
10.1038/s41698-024-00594-x,fusion,internal,control
10.3389/fonc.2024.1399171,fusion,internal,control
10.1038/s41388-017-0043-9,fusion,internal,control
10.1371/journal.pone.0126390,fusion,internal,control
10.1016/j.cell.2009.12.040,fusion,internal,control
10.1016/j.omto.2020.03.003,fusion,internal,control
10.1038/s41388-018-0265-5,fusion,internal,control
10.1002/1878-0261.13262,fusion,internal,control
10.1038/onc.2012.231,fusion,internal,control
10.1136/jitc-2020-001072,fusion,internal,control
10.1016/j.ccell.2021.01.007,fusion,internal,control
10.1038/s41388-019-0873-8,fusion,internal,control
10.1001/jamainternmed.2021.7769,fusion,internal,control
10.1186/s12913-022-08719-3,fusion,internal,control
10.3389/fonc.2022.870863,fusion,internal,control
10.1038/s41388-018-0523-6,fusion,internal,control
10.3892/or.2012.1899,fusion,internal,control
10.1038/s41388-020-01435-4,fusion,internal,control
10.1038/onc.2015.2,fusion,internal,control
10.1186/s12885-015-1622-1,fusion,internal,control
10.1097/md.0000000000002861,fusion,internal,control
10.1002/ijc.34226,fusion,internal,control
10.1016/j.heliyon.2024.e37561,fusion,internal,control
10.15252/embj.2021107680,fusion,internal,control
10.7759/cureus.6553,fusion,internal,control
10.1016/j.jfda.2019.07.001,fusion,internal,control
10.3390/ijms22179254,fusion,internal,control
10.1038/onc.2009.206,fusion,internal,control
10.1186/s13014-019-1242-z,fusion,internal,control
10.1002/brb3.858,fusion,internal,control
10.3390/biom11111721,fusion,internal,control
10.1038/s41388-018-0553-0,fusion,internal,control
10.1038/onc.2016.58,fusion,internal,control
10.1038/s41598-017-04732-3,fusion,internal,control
10.1038/onc.2011.518,fusion,internal,control
10.1038/onc.2015.394,fusion,internal,control
10.1038/s41388-019-1136-4,fusion,internal,control
10.1038/sj.bjc.6601007,fusion,internal,control
10.1186/1471-2407-8-58,fusion,internal,control
10.1038/s41388-022-02223-y,fusion,internal,control
10.1016/j.neo.2018.06.004,fusion,internal,control
10.1038/s41598-019-40629-z,fusion,internal,control
10.1038/s41388-020-01450-5,fusion,internal,control
10.1038/onc.2013.553,fusion,internal,control
10.3389/fimmu.2024.1444007,fusion,internal,control
10.1186/1471-2407-13-599,fusion,internal,control
10.1038/onc.2011.259,fusion,internal,control
10.1186/s12904-016-0075-x,fusion,internal,control
10.3390/ijms21072360,fusion,internal,control
10.1038/s41591-023-02791-w,fusion,internal,control
10.1038/nm.3029,fusion,internal,control
10.1186/s13550-016-0173-z,fusion,internal,control
10.1080/02813432.2016.1183692,fusion,internal,control
10.1007/s11357-023-00783-9,fusion,internal,control
10.1038/sj.bjc.6602213,fusion,internal,control
10.1186/s12889-017-4819-1,fusion,internal,control
10.3389/fonc.2023.1079040,fusion,internal,control
10.15252/embj.2019103209,fusion,internal,control
10.1017/s1478951521000110,fusion,internal,control
10.1038/onc.2017.171,fusion,internal,control
10.3892/ijo.2014.2734,fusion,internal,control
10.1038/s41388-021-01782-w,fusion,internal,control
10.1186/s13058-018-1049-0,fusion,internal,control
10.1016/j.ccell.2021.02.015,fusion,internal,control
10.1186/bcr3337,fusion,internal,control
10.15252/embj.201693929,fusion,internal,control
10.1038/s41388-021-01774-w,fusion,internal,control
10.1038/s41388-021-01896-1,fusion,internal,control
10.1186/s13058-024-01812-x,fusion,internal,control
10.1007/s00455-017-9814-2,fusion,internal,control
10.1038/ncomms11371,fusion,internal,control
10.1038/s41388-018-0282-4,fusion,internal,control
10.1038/onc.2009.337,fusion,internal,control
10.1016/j.cell.2021.11.017,fusion,internal,control
10.1186/s12885-016-2296-z,fusion,internal,control
10.1186/s12916-015-0485-2,fusion,internal,control
10.1038/s41598-021-88177-9,fusion,internal,control
10.1186/1476-4598-13-218,fusion,internal,control
10.1038/s41388-017-0075-1,fusion,internal,control
10.1016/j.ccell.2019.08.003,fusion,internal,control
10.1186/s12885-016-2466-z,fusion,internal,control
10.1016/j.ccell.2016.02.003,fusion,internal,control
10.3892/etm.2016.3994,fusion,internal,control
10.1016/j.cell.2018.11.046,fusion,internal,control
10.1038/onc.2013.57,fusion,internal,control
10.1002/msb.145122,fusion,internal,control
10.3390/cancers13236103,fusion,internal,control
10.1038/onc.2016.522,fusion,internal,control
10.1097/md.0000000000001736,fusion,internal,control
10.1038/s41388-021-01711-x,fusion,internal,control
10.1038/s41388-021-01914-2,fusion,internal,control
10.1038/onc.2016.227,fusion,internal,control
10.1038/onc.2014.3,fusion,internal,control
10.3892/ijmm.2019.4429,fusion,internal,paper_mill
10.1155/2022/6116658,fusion,internal,paper_mill
10.2147/ott.s254662,fusion,internal,paper_mill
10.1177/0300060520904835,fusion,internal,paper_mill
10.2147/cmar.s250284,fusion,internal,paper_mill
10.1155/2021/5558369,fusion,internal,paper_mill
10.1155/2021/2680526,fusion,internal,paper_mill
10.1155/2022/3127058,fusion,internal,paper_mill
10.1111/jcmm.13760,fusion,internal,paper_mill
10.3892/etm.2017.5664,fusion,internal,paper_mill
10.1186/s13046-018-0875-3,fusion,internal,paper_mill
10.1186/1471-2091-13-25,fusion,internal,paper_mill
10.1155/2021/8985721,fusion,internal,paper_mill
10.3892/ol.2015.3587,fusion,internal,paper_mill
10.1177/0300060519883731,fusion,internal,paper_mill
10.1155/2022/8338137,fusion,internal,paper_mill
10.3892/ijo.2014.2577,fusion,internal,paper_mill
10.2147/ott.s208329,fusion,internal,paper_mill
10.1155/2021/7545091,fusion,internal,paper_mill
10.1155/2021/6648611,fusion,internal,paper_mill
10.1155/2021/4630934,fusion,internal,paper_mill
10.1155/2022/4376960,fusion,internal,paper_mill
10.1155/2022/1706585,fusion,internal,paper_mill
10.1155/2021/8635381,fusion,internal,paper_mill
10.1039/c7ra12520h,fusion,internal,paper_mill
10.1155/2022/3719857,fusion,internal,paper_mill
10.1155/2022/4959840,fusion,internal,paper_mill
10.31083/j.fbe1401002,fusion,internal,paper_mill
10.3892/mmr.2016.5127,fusion,internal,paper_mill
10.1155/2023/5746940,fusion,internal,paper_mill
10.1002/2211-5463.12933,fusion,internal,paper_mill
10.3727/096504016x14791726591124,fusion,internal,paper_mill
10.3892/mmr.2020.11634,fusion,internal,paper_mill
10.3892/or.2017.6157,fusion,internal,paper_mill
10.1155/2022/5949086,fusion,internal,paper_mill
10.3892/or.2019.7016,fusion,internal,paper_mill
10.3389/fmolb.2020.603701,fusion,internal,paper_mill
10.3892/mmr.2017.7828,fusion,internal,paper_mill
10.2147/ott.s237802,fusion,internal,paper_mill
10.2147/ott.s202309,fusion,internal,paper_mill
10.2147/ott.s278582,fusion,internal,paper_mill
10.3892/or.2017.5505,fusion,internal,paper_mill
10.2147/cmar.s242472,fusion,internal,paper_mill
10.1042/bsr20170837,fusion,internal,paper_mill
10.1155/2022/6918396,fusion,internal,paper_mill
10.1002/1878-0261.12603,fusion,internal,paper_mill
10.1155/2022/2929605,fusion,internal,paper_mill
10.3892/ol.2019.10985,fusion,internal,paper_mill
10.1042/bsr20200392,fusion,internal,paper_mill
10.1155/2023/2334675,fusion,internal,paper_mill
10.1155/2022/1941077,fusion,internal,paper_mill
10.1155/2021/9664195,fusion,internal,paper_mill
10.1155/2021/5972962,fusion,internal,paper_mill
10.1155/2020/2727060,fusion,internal,paper_mill
10.2147/ott.s233149,fusion,internal,paper_mill
10.1002/2211-5463.12676,fusion,internal,paper_mill
10.3892/mmr.2019.9826,fusion,internal,paper_mill
10.3892/or.2015.3832,fusion,internal,paper_mill
10.1371/journal.pone.0109138,fusion,internal,paper_mill
10.3892/mmr.2017.6995,fusion,internal,paper_mill
10.3892/ol.2016.4364,fusion,internal,paper_mill
10.1177/1533033819852990,fusion,internal,paper_mill
10.3892/or.2017.5979,fusion,internal,paper_mill
10.1155/2022/9694425,fusion,internal,paper_mill
10.2147/ott.s279798,fusion,internal,paper_mill
10.1155/2020/9567846,fusion,internal,paper_mill
10.1155/2020/8812923,fusion,internal,paper_mill
10.3892/or.2015.4251,fusion,internal,paper_mill
10.3892/ijo.2016.3708,fusion,internal,paper_mill
10.1155/2022/2702328,fusion,internal,paper_mill
10.3892/etm.2017.4477,fusion,internal,paper_mill
10.1155/2021/4171019,fusion,internal,paper_mill
10.1155/2021/6627562,fusion,internal,paper_mill
10.1098/rsob.190173,fusion,internal,paper_mill
10.1155/2021/6968194,fusion,internal,paper_mill
10.3892/mmr.2017.7282,fusion,internal,paper_mill
10.3892/etm.2019.7990,fusion,internal,paper_mill
10.1155/2022/1972516,fusion,internal,paper_mill
10.1016/j.omtn.2019.10.026,fusion,internal,paper_mill
10.3892/mmr.2017.6841,fusion,internal,paper_mill
10.3892/mmr.2017.7552,fusion,internal,paper_mill
10.3892/mmr.2017.7195,fusion,internal,paper_mill
10.1371/journal.pone.0115300,fusion,internal,paper_mill
10.1155/2023/3783631,fusion,internal,paper_mill
10.3892/ijo.2016.3628,fusion,internal,paper_mill
10.1155/2022/3655225,fusion,internal,paper_mill
10.1155/2022/3188992,fusion,internal,paper_mill
10.1155/2022/4486104,fusion,internal,paper_mill
10.1155/2022/5707504,fusion,internal,paper_mill
10.1155/2022/1280756,fusion,internal,paper_mill
10.3892/etm.2017.4733,fusion,internal,paper_mill
10.1155/2022/1721526,fusion,internal,paper_mill
10.3892/or.2015.4333,fusion,internal,paper_mill
10.3892/mmr.2015.4011,fusion,internal,paper_mill
10.1155/2021/4763944,fusion,internal,paper_mill
10.1155/2022/4416439,fusion,internal,paper_mill
10.1155/2021/6656080,fusion,internal,paper_mill
10.1155/2022/9602725,fusion,internal,paper_mill
10.3892/or.2021.8093,fusion,internal,paper_mill
10.1155/2019/7192798,fusion,internal,paper_mill
10.1155/2021/5212721,fusion,internal,paper_mill
10.12659/msm.910702,fusion,internal,paper_mill
10.1155/2022/9398823,fusion,internal,paper_mill
10.1177/1533033819876913,fusion,internal,paper_mill
10.2147/ott.s179866,fusion,internal,paper_mill
10.1111/cas.13575,fusion,internal,paper_mill
10.2147/ott.s224521,fusion,internal,paper_mill
10.1155/2021/6651236,fusion,internal,paper_mill
10.1155/2021/8814843,fusion,internal,paper_mill
10.1155/2022/3281039,fusion,internal,paper_mill
10.3892/etm.2016.3584,fusion,internal,paper_mill
10.1155/2022/7037497,fusion,internal,paper_mill
10.3892/or.2018.6302,fusion,internal,paper_mill
10.3892/ol.2018.9335,fusion,internal,paper_mill
10.3892/ol.2017.6745,fusion,internal,paper_mill
10.1155/2022/2807354,fusion,internal,paper_mill
10.1155/2022/6865472,fusion,internal,paper_mill
10.1155/2022/7052066,fusion,internal,paper_mill
10.1002/2211-5463.12215,fusion,internal,paper_mill
10.3892/etm.2017.4648,fusion,internal,paper_mill
10.1080/21655979.2021.1938497,fusion,internal,paper_mill
10.3892/mmr.2017.7664,fusion,internal,paper_mill
10.1155/2022/1091042,fusion,internal,paper_mill
10.1155/2022/8749999,fusion,internal,paper_mill
10.3892/or.2017.6114,fusion,internal,paper_mill
10.2147/ott.s240022,fusion,internal,paper_mill
10.3727/096504018x15195193936573,fusion,internal,paper_mill
10.1186/s13046-018-0846-8,fusion,internal,paper_mill
10.1016/j.fob.2015.10.009,fusion,internal,paper_mill
10.3892/or.2018.6424,fusion,internal,paper_mill
10.2147/cmar.s269774,fusion,internal,paper_mill
10.1155/2022/6392206,fusion,internal,paper_mill
10.1155/2022/7247549,fusion,internal,paper_mill
10.3892/mmr.2016.5572,fusion,internal,paper_mill
10.1155/2022/9022700,fusion,internal,paper_mill
10.1155/2022/4041550,fusion,internal,paper_mill
10.1039/c8ra02291g,fusion,internal,paper_mill
10.1155/2022/4558782,fusion,internal,paper_mill
10.1155/2022/2593844,fusion,internal,paper_mill
10.1155/2022/6365485,fusion,internal,paper_mill
10.3892/or.2020.7670,fusion,internal,paper_mill
10.3892/or.2017.5916,fusion,internal,paper_mill
10.3892/mmr.2014.2021,fusion,internal,paper_mill
10.1155/2022/9578307,fusion,internal,paper_mill
10.1155/2022/8311535,fusion,internal,paper_mill
10.3892/etm.2014.2149,fusion,internal,paper_mill
10.3892/ijmm.2014.1650,fusion,internal,paper_mill
10.1042/bsr20191571,fusion,internal,paper_mill
10.3892/mmr.2016.5477,fusion,internal,paper_mill
10.3892/ijmm.2020.4760,fusion,internal,paper_mill
10.1155/2022/4597087,fusion,internal,paper_mill
10.1155/2022/1776082,fusion,internal,paper_mill
10.1155/2021/8072126,fusion,internal,paper_mill
10.1186/s13046-016-0379-y,fusion,internal,paper_mill
10.1155/2022/1755460,fusion,internal,paper_mill
10.3892/mmr.2021.12362,fusion,internal,paper_mill
10.1155/2022/7155525,fusion,internal,paper_mill
10.1155/2023/2986379,fusion,internal,paper_mill
10.1042/bsr20160165,fusion,internal,paper_mill
10.1155/2022/4421418,fusion,internal,paper_mill
10.1155/2022/6835625,fusion,internal,paper_mill
10.1155/2022/6099872,fusion,internal,paper_mill
10.1155/2021/5771101,fusion,internal,paper_mill
10.3892/etm.2017.4435,fusion,internal,paper_mill
10.1155/2022/9266178,fusion,internal,paper_mill
10.1155/2022/4477099,fusion,internal,paper_mill
10.3892/mmr.2017.7103,fusion,internal,paper_mill
10.1155/2022/1954099,fusion,internal,paper_mill
10.1186/s12935-020-01365-x,fusion,internal,paper_mill
10.3892/ijmm.2020.4547,fusion,internal,paper_mill
10.1155/2022/8576768,fusion,internal,paper_mill
10.2147/ott.s168654,fusion,internal,paper_mill
10.3892/or.2015.4437,fusion,internal,paper_mill
10.3892/ol.2017.7201,fusion,internal,paper_mill
10.3892/ol.2020.12186,fusion,internal,paper_mill
10.1155/2022/4622877,fusion,internal,paper_mill
10.1155/2022/8281558,fusion,internal,paper_mill
10.1155/2022/1635446,fusion,internal,paper_mill
10.1155/2022/1864116,fusion,internal,paper_mill
10.1155/2021/7779693,fusion,internal,paper_mill
10.1155/2021/2057782,fusion,internal,paper_mill
10.1155/2022/5800575,fusion,internal,paper_mill
10.1155/2021/6091585,fusion,internal,paper_mill
10.1038/s41389-018-0078-y,fusion,internal,paper_mill
10.1155/2022/4968754,fusion,internal,paper_mill
10.1155/2021/3088723,fusion,internal,paper_mill
10.2147/ott.s190303,fusion,internal,paper_mill
10.2147/ott.s225661,fusion,internal,paper_mill
10.1042/bsr20170186,fusion,internal,paper_mill
10.1042/bsr20171615,fusion,internal,paper_mill
10.2147/cmar.s243869,fusion,internal,paper_mill
10.3892/mmr.2018.8887,fusion,internal,paper_mill
10.1155/2022/9539503,fusion,internal,paper_mill
10.1155/2022/4010947,fusion,internal,paper_mill
10.1155/2021/6618519,fusion,internal,paper_mill
10.3892/ijmm.2018.3531,fusion,internal,paper_mill
10.1155/2021/6299472,fusion,internal,paper_mill
10.1016/j.omtn.2019.06.003,fusion,internal,paper_mill
10.1155/2021/9972057,fusion,internal,paper_mill
10.1155/2021/5070099,fusion,internal,paper_mill
10.1042/bsr20160542,fusion,internal,paper_mill
10.3892/mmr.2021.12099,fusion,internal,paper_mill
10.3892/mmr.2015.3826,fusion,internal,paper_mill
10.3892/mmr.2016.5571,fusion,internal,paper_mill
10.3389/fonc.2020.620550,fusion,internal,paper_mill
10.3892/mmr.2017.7433,fusion,internal,paper_mill
10.1155/2022/3924400,fusion,internal,paper_mill
10.1155/2022/6198448,fusion,internal,paper_mill
10.2147/ott.s249392,fusion,internal,paper_mill
10.1155/2022/7168929,fusion,internal,paper_mill
10.1177/0394632017703274,fusion,internal,paper_mill
10.1155/2021/9959634,fusion,internal,paper_mill
10.1155/2021/1732176,fusion,internal,paper_mill
10.3389/fimmu.2021.699746,fusion,internal,paper_mill
10.1155/2021/6662114,fusion,internal,paper_mill
10.2147/cmar.s199818,fusion,internal,paper_mill
10.1155/2022/6229462,fusion,internal,paper_mill
10.1155/2022/1418232,fusion,internal,paper_mill
10.3892/or.2015.3895,fusion,internal,paper_mill
10.1155/2020/8824519,fusion,internal,paper_mill
10.1155/2022/7584481,fusion,internal,paper_mill
10.3892/ijo.2019.4922,fusion,internal,paper_mill
10.1155/2022/9554223,fusion,internal,paper_mill
10.3892/etm.2014.1708,fusion,internal,paper_mill
10.2147/cmar.s194073,fusion,internal,paper_mill
10.1155/2022/2629509,fusion,internal,paper_mill
10.1155/2021/3957738,fusion,internal,paper_mill
10.1155/2022/2880087,fusion,internal,paper_mill
10.3892/ol.2016.4688,fusion,internal,paper_mill
10.1002/2211-5463.12693,fusion,internal,paper_mill
10.1155/2022/8926221,fusion,internal,paper_mill
10.2147/cmar.s210845,fusion,internal,paper_mill
10.1155/2022/3440586,fusion,internal,paper_mill
10.1155/2021/5185075,fusion,internal,paper_mill
10.1155/2022/9380796,fusion,internal,paper_mill
10.3892/or.2018.6804,fusion,internal,paper_mill
10.1155/2021/3927828,fusion,internal,paper_mill
10.1155/2022/6451770,fusion,internal,paper_mill
10.1155/2023/9196583,fusion,internal,paper_mill
10.1155/2021/6659701,fusion,internal,paper_mill
10.1155/2022/3107965,fusion,internal,paper_mill
10.1155/2022/1940846,fusion,internal,paper_mill
10.1155/2022/6879566,fusion,internal,paper_mill
10.1155/2021/1619809,fusion,internal,paper_mill
10.1155/2022/3471447,fusion,internal,paper_mill
10.3892/ol.2017.6558,fusion,internal,paper_mill
10.1155/2022/2813521,fusion,internal,paper_mill
10.18632/aging.102628,fusion,internal,paper_mill
10.1155/2022/9708829,fusion,internal,paper_mill
10.3892/ijmm.2020.4637,fusion,internal,paper_mill
10.1155/2022/7969422,fusion,internal,paper_mill
10.1042/bsr20170109,fusion,internal,paper_mill
10.1155/2022/6958806,fusion,internal,paper_mill
10.1155/2021/7952922,fusion,internal,paper_mill
10.1155/2022/5450575,fusion,internal,paper_mill
10.1155/2022/3299336,fusion,internal,paper_mill
10.1155/2022/4237040,fusion,internal,paper_mill
10.1155/2022/5793912,fusion,internal,paper_mill
10.1155/2022/7587398,fusion,internal,paper_mill
10.1155/2022/4704107,fusion,internal,paper_mill
10.3892/ijo.2018.4647,fusion,internal,paper_mill
10.1155/2022/3877984,fusion,internal,paper_mill
10.1155/2022/7784921,fusion,internal,paper_mill
10.2147/ott.s233256,fusion,internal,paper_mill
10.1155/2022/9268206,fusion,internal,paper_mill
10.3892/or.2015.4406,fusion,internal,paper_mill
10.1016/j.omtn.2018.12.006,fusion,internal,paper_mill
10.3892/mmr.2017.6816,fusion,internal,paper_mill
10.1155/2023/5878402,fusion,internal,paper_mill
10.1080/21655979.2020.1754038,fusion,internal,paper_mill
10.1155/2022/2166605,fusion,internal,paper_mill
10.1155/2021/1221899,fusion,internal,paper_mill
10.1155/2022/3113857,fusion,internal,paper_mill
10.1155/2022/4094132,fusion,internal,paper_mill
10.1186/s12935-020-01636-7,fusion,internal,paper_mill
10.1186/s12885-018-5175-y,fusion,internal,paper_mill
10.3892/or.2016.5029,fusion,internal,paper_mill
10.18632/aging.103482,fusion,internal,paper_mill
10.1186/s13046-019-1239-3,fusion,internal,paper_mill
10.3892/mmr.2015.3757,fusion,internal,paper_mill
10.2147/ott.s213026,fusion,internal,paper_mill
10.1155/2022/9747880,fusion,internal,paper_mill
10.1155/2022/3436631,fusion,internal,paper_mill
10.1155/2022/7979523,fusion,internal,paper_mill
10.1155/2020/9825073,fusion,internal,paper_mill
10.1155/2022/8126672,fusion,internal,paper_mill
10.3892/ol.2020.11296,fusion,internal,paper_mill
10.1038/onc.2017.247,fusion,internal,control
10.1002/ijc.33902,fusion,internal,control
10.1017/s0007114511004934,fusion,internal,control
10.1371/journal.pone.0079926,fusion,internal,control
10.1038/s41591-023-02640-w,fusion,internal,control
10.1038/onc.2013.398,fusion,internal,control
10.1038/s41388-022-02263-4,fusion,internal,control
10.1038/onc.2012.60,fusion,internal,control
10.3390/ijms21020386,fusion,internal,control
10.1038/onc.2014.280,fusion,internal,control
10.1038/s41598-017-10717-z,fusion,internal,control
10.18632/oncotarget.7119,fusion,internal,control
10.1007/s10151-017-1637-5,fusion,internal,control
10.1177/0269216319825972,fusion,internal,control
10.1371/journal.pone.0108049,fusion,internal,control
10.1158/1055-9965.epi-21-0508,fusion,internal,control
10.1371/journal.pone.0049275,fusion,internal,control
10.1038/onc.2011.383,fusion,internal,control
10.1002/adhm.202301137,fusion,internal,control
10.1038/s41388-019-0692-y,fusion,internal,control
10.3748/wjg.v23.i7.1171,fusion,internal,control
10.1038/s41388-021-01740-6,fusion,internal,control
10.1038/onc.2009.402,fusion,internal,control
10.1038/onc.2014.366,fusion,internal,control
10.1038/s41598-021-02391-z,fusion,internal,control
10.3390/cancers11101576,fusion,internal,control
10.3389/fmicb.2018.00983,fusion,internal,control
10.1186/s12885-022-10058-9,fusion,internal,control
10.1155/2018/5912394,fusion,internal,control
10.1371/journal.pone.0189300,fusion,internal,control
10.1038/oncsis.2014.12,fusion,internal,control
10.1371/journal.pone.0047045,fusion,internal,control
10.1038/sj.emboj.7600969,fusion,internal,control
10.1038/s41591-018-0022-x,fusion,internal,control
10.1038/onc.2013.473,fusion,internal,control
10.1371/journal.pone.0116384,fusion,internal,control
10.1038/s41419-021-04231-4,fusion,internal,control
10.1038/s41388-024-03028-x,fusion,internal,control
10.1002/jcsm.12440,fusion,internal,control
10.1186/s12885-024-13236-z,fusion,internal,control
10.1080/2162402x.2022.2111906,fusion,internal,control
10.1371/journal.pone.0066128,fusion,internal,control
10.1007/s11239-016-1411-y,fusion,internal,control
10.1186/s12885-019-6485-4,fusion,internal,control
10.1038/onc.2013.363,fusion,internal,control
10.1054/bjoc.2000.1655,fusion,internal,control
10.1186/s12894-019-0539-4,fusion,internal,control
10.1155/2013/376123,fusion,internal,control
10.1016/j.cell.2017.09.042,fusion,internal,control
10.1371/journal.pone.0155242,fusion,internal,control
10.1038/sj.bjc.6604834,fusion,internal,control
10.1016/j.cell.2018.03.022,fusion,internal,control
10.1038/onc.2013.173,fusion,internal,control
10.1038/srep05574,fusion,internal,control
10.1186/bcr3242,fusion,internal,control
10.1186/bcr3042,fusion,internal,control
10.1186/1471-2407-13-9,fusion,internal,control
10.1136/bmjopen-2021-052121,fusion,internal,control
10.1097/cej.0000000000000311,fusion,internal,control
10.1038/srep15659,fusion,internal,control
10.1371/journal.pone.0308254,fusion,internal,control
10.1248/cpb.59.266,fusion,internal,control
10.1038/onc.2016.90,fusion,internal,control
10.1038/onc.2016.337,fusion,internal,control
10.1016/j.tranon.2020.100793,fusion,internal,control
10.1038/onc.2014.157,fusion,internal,control
10.1038/s41388-024-03166-2,fusion,internal,control
10.1038/s41388-018-0204-5,fusion,internal,control
10.1016/j.ccell.2021.06.002,fusion,internal,control
10.1038/onc.2016.60,fusion,internal,control
10.1038/s41388-021-02020-z,fusion,internal,control
10.1038/onc.2011.431,fusion,internal,control
10.1038/s41591-022-01937-6,fusion,internal,control
10.3324/haematol.2016.152025,fusion,internal,control
10.1002/acm2.14044,fusion,internal,control
10.1016/j.ccr.2007.11.014,fusion,internal,control
10.1093/fampra/cmac147,fusion,internal,control
10.1007/s00520-022-07359-x,fusion,internal,control
10.1038/onc.2013.589,fusion,internal,control
10.15252/embj.2022112806,fusion,internal,control
10.1038/s41388-024-03210-1,fusion,internal,control
10.1158/2767-9764.crc-21-0100,fusion,internal,control
10.1038/s41388-021-02039-2,fusion,internal,control
10.1371/journal.pone.0219206,fusion,internal,control
10.1371/journal.pone.0273711,fusion,internal,control
10.1038/onc.2015.319,fusion,internal,control
10.1038/nm.4038,fusion,internal,control
10.15252/embj.2019102147,fusion,internal,control
10.1371/journal.pone.0121398,fusion,internal,control
10.1016/j.tranon.2018.08.003,fusion,internal,control
10.1038/s41388-022-02209-w,fusion,internal,control
10.1038/s41388-020-01570-y,fusion,internal,control
10.3390/ijms19113303,fusion,internal,control
10.1038/sj.bjc.6604964,fusion,internal,control
10.1002/bjs5.50324,fusion,internal,control
10.1038/srep01675,fusion,internal,control
10.1186/s13148-014-0036-2,fusion,internal,control
10.1038/onc.2014.298,fusion,internal,control
10.1017/erm.2013.16,fusion,internal,control
10.3390/ijms161226089,fusion,internal,control
10.18632/oncotarget.7027,fusion,internal,control
10.1186/s12871-023-01988-3,fusion,internal,control
10.18632/oncotarget.9960,fusion,internal,control
10.1038/s41388-019-0700-2,fusion,internal,control
10.1038/onc.2013.415,fusion,internal,control
10.1038/s44318-024-00309-9,fusion,internal,control
10.1038/onc.2014.436,fusion,internal,control
10.1177/2050312117727444,fusion,internal,control
10.1186/s13058-024-01840-7,fusion,internal,control
10.1002/ijc.33963,fusion,internal,control
10.1038/onc.2016.389,fusion,internal,control
10.1038/s41388-018-0295-z,fusion,internal,control
10.1038/onc.2012.620,fusion,internal,control
10.1038/onc.2010.17,fusion,internal,control
10.1186/1471-2407-8-146,fusion,internal,control
10.1038/s41598-019-53509-3,fusion,internal,control
10.1371/journal.pone.0061901,fusion,internal,control
10.15252/embj.2022110620,fusion,internal,control
10.1038/onc.2015.470,fusion,internal,control
10.1038/s41419-024-07067-w,fusion,internal,control
10.1038/s41388-021-01787-5,fusion,internal,control
10.1002/bco2.474,fusion,internal,control
10.1038/onc.2011.371,fusion,internal,control
10.1038/onc.2014.97,fusion,internal,control
10.1186/s12885-021-09007-9,fusion,internal,control
10.1038/s41598-021-95007-5,fusion,internal,control
10.1186/1471-2407-13-408,fusion,internal,control
10.1038/s41388-021-01824-3,fusion,internal,control
10.1038/s41388-018-0652-y,fusion,internal,control
10.2340/17453674.2022.2044,fusion,internal,control
10.1038/s41388-021-02148-y,fusion,internal,control
10.1186/s13046-019-1256-2,fusion,internal,control
10.2147/tcrm.s251668,fusion,internal,control
10.1038/ncomms6917,fusion,internal,control
10.1016/j.cell.2015.04.042,fusion,internal,control
10.1371/journal.pmed.0030168,fusion,internal,control
10.1371/journal.pmed.1003178,fusion,internal,control
10.1002/emmm.201201569,fusion,internal,control
10.1136/bmjopen-2024-083895,fusion,internal,control
10.1038/sj.bjc.6604975,fusion,internal,control
10.1038/onc.2015.326,fusion,internal,control
10.1186/s12910-020-0447-x,fusion,internal,control
10.1038/onc.2013.493,fusion,internal,control
10.3390/cancers13184593,fusion,internal,control
10.2337/dc11-1449,fusion,internal,control
10.1038/onc.2012.260,fusion,internal,control
10.1038/s41388-019-1137-3,fusion,internal,control
10.1038/onc.2011.54,fusion,internal,control
10.1038/s41388-024-03091-4,fusion,internal,control
10.1038/onc.2016.424,fusion,internal,control
10.1177/1534735417716302,fusion,internal,control
10.1097/hs9.0000000000000785,fusion,internal,control
10.1038/onc.2014.211,fusion,internal,control
10.1038/s41388-020-01507-5,fusion,internal,control
10.1186/s12929-020-00644-z,fusion,internal,control
10.1038/onc.2011.486,fusion,internal,control
10.1038/onc.2013.332,fusion,internal,control
10.1038/onc.2015.345,fusion,internal,control
10.1186/1472-6890-14-38,fusion,internal,control
10.1016/j.ccell.2015.04.017,fusion,internal,control
10.1007/s00520-010-1051-2,fusion,internal,control
10.1038/sj.emboj.7601691,fusion,internal,control
10.1038/onc.2011.573,fusion,internal,control
10.1038/onc.2015.163,fusion,internal,control
10.1093/nar/gkz964,fusion,internal,control
10.1038/s41467-018-06178-1,fusion,internal,control
10.3390/cells11101639,fusion,internal,control
10.1371/journal.pone.0210465,fusion,internal,control
10.1038/sj.bjc.6603214,fusion,internal,control
10.18632/oncotarget.3481,fusion,internal,control
10.1186/bcr1140,fusion,internal,control
10.1002/cam4.1499,fusion,internal,control
10.1038/s41388-017-0042-x,fusion,internal,control
10.7150/jca.15703,fusion,internal,control
10.1016/j.molcel.2022.02.007,fusion,internal,control
10.1038/s41586-023-06102-8,fusion,internal,control
10.1186/s12929-019-0602-1,fusion,internal,control
10.21037/tau-22-78,fusion,internal,control
10.3892/or.2013.2673,fusion,internal,control
10.1002/bco2.190,fusion,internal,control
10.1038/s41388-021-01779-5,fusion,internal,control
10.1038/s41388-021-01724-6,fusion,internal,control
10.3892/ijo.2011.1194,fusion,internal,control
10.1038/onc.2014.282,fusion,internal,control
10.1186/2191-219x-1-18,fusion,internal,control
10.2967/jnumed.111.094771,fusion,internal,control
10.1038/onc.2015.38,fusion,internal,control
10.1016/j.breast.2021.06.012,fusion,internal,control
10.1371/journal.pone.0031055,fusion,internal,control
10.1186/s12913-024-11275-7,fusion,internal,control
10.1177/15330338231192902,fusion,internal,control
10.3390/ijms18071353,fusion,internal,control
10.1371/journal.pone.0101579,fusion,internal,control
10.1038/s41598-019-43740-3,fusion,internal,control
10.1038/onc.2010.586,fusion,internal,control
10.1038/onc.2012.1,fusion,internal,control
10.1038/s41388-022-02221-0,fusion,internal,control
10.1186/1742-4682-11-21,fusion,internal,control
10.3390/cancers16040709,fusion,internal,control
10.3892/ol.2020.11746,fusion,internal,control
10.1038/s41591-023-02601-3,fusion,internal,control
10.3390/cancers13164057,fusion,internal,control
10.1038/s41467-020-18244-8,fusion,internal,control
10.1038/s41388-018-0531-6,fusion,internal,control
10.1038/onc.2015.473,fusion,internal,control
10.1038/s41598-021-83102-6,fusion,internal,control
10.1016/j.cell.2018.12.038,fusion,internal,control
10.3390/cancers10080272,fusion,internal,control
10.1038/onc.2013.515,fusion,internal,control
10.1038/s41598-020-77322-5,fusion,internal,control
10.1038/onc.2014.25,fusion,internal,control
10.1038/bjc.2014.250,fusion,internal,control
10.3390/molecules18066584,fusion,internal,control
10.1038/s41591-022-02170-x,fusion,internal,control
10.1038/onc.2010.274,fusion,internal,control
10.1038/s41388-017-0026-x,fusion,internal,control
10.1038/s41388-023-02705-7,fusion,internal,control
10.3892/ijo.2014.2424,fusion,internal,control
10.1038/onc.2016.75,fusion,internal,control
10.3390/cancers13153891,fusion,internal,control
10.1038/onc.2013.585,fusion,internal,control
10.1186/s12937-015-0081-5,fusion,internal,control
10.1016/j.cell.2018.03.057,fusion,internal,control
10.1186/1471-2407-12-611,fusion,internal,control
10.1038/srep03219,fusion,internal,control
10.1186/s13045-017-0421-3,fusion,internal,control
10.1038/onc.2017.36,fusion,internal,control
10.3390/cancers11071003,fusion,internal,control
10.1038/srep39121,fusion,internal,control
10.4236/ojn.2016.65038,fusion,internal,control
10.1038/s41388-021-01956-6,fusion,internal,control
10.1038/onc.2013.263,fusion,internal,control
10.1186/s12957-017-1228-y,fusion,internal,control
10.3390/cancers13112631,fusion,internal,control
10.1038/onc.2012.392,fusion,internal,control
10.1038/s41467-024-47987-x,fusion,internal,control
10.1038/s41598-021-92347-0,fusion,internal,control
10.1186/1757-2215-6-41,fusion,internal,control
10.1136/jitc-2022-004832,fusion,internal,control
10.1038/onc.2017.35,fusion,internal,control
10.1038/s41388-020-1196-5,fusion,internal,control
10.18632/oncotarget.16914,fusion,internal,control
10.1038/s41523-022-00423-z,fusion,internal,control
10.1038/s41416-021-01480-0,fusion,internal,control
10.4061/2011/191274,fusion,internal,control
10.1038/s41388-019-0712-y,fusion,internal,control
10.1186/1897-4287-12-14,fusion,internal,control
10.3389/fphys.2017.00634,fusion,internal,control
10.1186/1471-2407-14-458,fusion,internal,control
10.1038/s41388-018-0430-x,fusion,internal,control
10.1016/j.ccell.2020.08.016,fusion,internal,control
10.1038/cddis.2017.459,fusion,internal,control
10.1186/s12916-020-01839-9,fusion,internal,control
10.1038/s41388-019-0871-x,fusion,internal,control
10.1186/1475-2867-8-1,fusion,internal,control
10.1007/s00428-020-02888-4,fusion,internal,control
10.1038/s41598-022-16077-7,fusion,internal,control
10.1186/s12943-015-0301-9,fusion,internal,control
10.1038/s41388-020-01424-7,fusion,internal,control
10.1007/s10689-014-9728-1,fusion,internal,control
10.1111/jdv.18436,fusion,internal,control
10.1016/j.cell.2020.10.036,fusion,internal,control
10.1038/s41388-021-01860-z,fusion,internal,control
10.1084/jem.20141702,fusion,internal,control
10.1371/journal.pone.0056667,fusion,internal,control
10.12688/f1000research.19260.1,fusion,internal,control
10.1038/ncomms10974,fusion,internal,control
10.1371/journal.pone.0026595,fusion,internal,control
10.1186/s13014-017-0829-5,fusion,internal,control
10.1038/s41388-021-01814-5,fusion,internal,control
10.1371/journal.pone.0017193,fusion,internal,control
10.1016/j.ccr.2013.05.014,fusion,internal,control
10.1038/s41388-018-0419-5,fusion,internal,control
10.1038/onc.2013.334,fusion,internal,control
10.1371/journal.pone.0037764,fusion,internal,control
10.1001/jamanetworkopen.2023.54577,fusion,internal,control
10.1038/onc.2015.328,fusion,internal,control
10.3390/biomedicines11071838,fusion,internal,control
10.1136/bmjopen-2018-027816,fusion,internal,control
10.1371/journal.ppat.0030140,fusion,internal,control
10.1016/j.ccell.2023.09.008,fusion,internal,control
10.1038/s41591-022-01754-x,fusion,internal,control
10.3390/metabo13030417,fusion,internal,control
10.1038/bjc.2011.151,fusion,internal,control
10.3389/fonc.2020.00268,fusion,internal,control
10.1080/2162402x.2020.1783046,fusion,internal,control
10.1186/1471-2164-13-s1-s13,fusion,internal,control
10.3892/etm.2020.8540,fusion,internal,paper_mill
10.1155/2021/9174055,fusion,internal,paper_mill
10.1038/s41419-018-0960-8,fusion,internal,paper_mill
10.3892/ijo.2018.4637,fusion,internal,paper_mill
10.1155/2022/1562511,fusion,internal,paper_mill
10.1155/2022/7380324,fusion,internal,paper_mill
10.1155/2021/6636891,fusion,internal,paper_mill
10.1016/j.omtn.2019.10.041,fusion,internal,paper_mill
10.3892/ol.2017.6811,fusion,internal,paper_mill
10.1155/2022/5356069,fusion,internal,paper_mill
10.1002/2211-5463.12500,fusion,internal,paper_mill
10.1155/2022/3268773,fusion,internal,paper_mill
10.3892/ol.2018.9439,fusion,internal,paper_mill
10.1155/2022/9565136,fusion,internal,paper_mill
10.18632/oncotarget.22151,fusion,internal,paper_mill
10.1155/2022/2318170,fusion,internal,paper_mill
10.1155/2021/4468140,fusion,internal,paper_mill
10.1242/bio.049478,fusion,internal,paper_mill
10.3892/mmr.2015.3749,fusion,internal,paper_mill
10.18632/oncotarget.23416,fusion,internal,paper_mill
10.1155/2022/5314225,fusion,internal,paper_mill
10.1155/2020/8386936,fusion,internal,paper_mill
10.3892/or.2016.5275,fusion,internal,paper_mill
10.3892/mmr.2018.9295,fusion,internal,paper_mill
10.1155/2022/2645528,fusion,internal,paper_mill
10.1155/2022/8381559,fusion,internal,paper_mill
10.18632/oncotarget.21167,fusion,internal,paper_mill
10.1155/2022/5160748,fusion,internal,paper_mill
10.1155/2021/6622342,fusion,internal,paper_mill
10.3727/096504018x15150662230295,fusion,internal,paper_mill
10.1016/j.omtn.2019.12.029,fusion,internal,paper_mill
10.1155/2021/3533608,fusion,internal,paper_mill
10.1155/2022/3714422,fusion,internal,paper_mill
10.1042/bsr20181882,fusion,internal,paper_mill
10.1515/med-2022-0418,fusion,internal,paper_mill
10.2147/ott.s245537,fusion,internal,paper_mill
10.18632/aging.103762,fusion,internal,paper_mill
10.1155/2022/4132989,fusion,internal,paper_mill
10.1155/2022/7671169,fusion,internal,paper_mill
10.1155/2022/8202975,fusion,internal,paper_mill
10.1155/2022/4016081,fusion,internal,paper_mill
10.3892/ol.2019.11222,fusion,internal,paper_mill
10.3892/mmr.2019.9990,fusion,internal,paper_mill
10.3892/etm.2017.4590,fusion,internal,paper_mill
10.3892/mmr.2015.4163,fusion,internal,paper_mill
10.1155/2020/1974506,fusion,internal,paper_mill
10.1155/2022/7803001,fusion,internal,paper_mill
10.3892/mmr.2015.3545,fusion,internal,paper_mill
10.2147/ott.s280912,fusion,internal,paper_mill
10.1155/2021/8585887,fusion,internal,paper_mill
10.1155/2022/7832618,fusion,internal,paper_mill
10.3892/etm.2021.10528,fusion,internal,paper_mill
10.1155/2022/5490644,fusion,internal,paper_mill
10.3892/or.2019.7061,fusion,internal,paper_mill
10.1002/cam4.2860,fusion,internal,paper_mill
10.1155/2021/8583118,fusion,internal,paper_mill
10.1155/2022/8036763,fusion,internal,paper_mill
10.1155/2021/2710231,fusion,internal,paper_mill
10.1155/2022/2791464,fusion,internal,paper_mill
10.1155/2022/2368155,fusion,internal,paper_mill
10.18632/oncotarget.13747,fusion,internal,paper_mill
10.1371/journal.pone.0092230,fusion,internal,paper_mill
10.3892/mmr.2015.3937,fusion,internal,paper_mill
10.1155/2021/8875503,fusion,internal,paper_mill
10.3892/etm.2018.6226,fusion,internal,paper_mill
10.1186/s12906-016-1341-4,fusion,internal,paper_mill
10.18632/aging.103564,fusion,internal,paper_mill
10.1155/2021/3207328,fusion,internal,paper_mill
10.1155/2021/1971048,fusion,internal,paper_mill
10.3892/or.2017.5794,fusion,internal,paper_mill
10.1155/2022/4022896,fusion,internal,paper_mill
10.1155/2022/9304392,fusion,internal,paper_mill
10.1155/2022/1263812,fusion,internal,paper_mill
10.1371/journal.pone.0121175,fusion,internal,paper_mill
10.1155/2022/9490827,fusion,internal,paper_mill
10.1155/2022/3110330,fusion,internal,paper_mill
10.1155/2020/6364801,fusion,internal,paper_mill
10.1042/bsr20140124,fusion,internal,paper_mill
10.1155/2022/1162218,fusion,internal,paper_mill
10.1155/2023/2759679,fusion,internal,paper_mill
10.1155/2022/6738959,fusion,internal,paper_mill
10.1007/s13277-016-4858-8,fusion,internal,paper_mill
10.1155/2022/5642529,fusion,internal,paper_mill
10.1155/2021/2105176,fusion,internal,paper_mill
10.1155/2022/9000331,fusion,internal,paper_mill
10.1186/s13046-019-1210-3,fusion,internal,paper_mill
10.1042/bsr20191348,fusion,internal,paper_mill
10.3892/ol.2017.5709,fusion,internal,paper_mill
10.1155/2022/2023159,fusion,internal,paper_mill
10.1002/cam4.3726,fusion,internal,paper_mill
10.3892/mmr.2015.3425,fusion,internal,paper_mill
10.1155/2022/2143510,fusion,internal,paper_mill
10.1155/2021/8218043,fusion,internal,paper_mill
10.1016/j.omtn.2019.10.036,fusion,internal,paper_mill
10.1155/2022/7095423,fusion,internal,paper_mill
10.1155/2022/7896218,fusion,internal,paper_mill
10.3727/096504017x15144748428127,fusion,internal,paper_mill
10.1042/bsr20191050,fusion,internal,paper_mill
10.1039/c7ra12042g,fusion,internal,paper_mill
10.1155/2022/9089365,fusion,internal,paper_mill
10.1155/2021/8689873,fusion,internal,paper_mill
10.1155/2022/6878783,fusion,internal,paper_mill
10.1155/2021/2804521,fusion,internal,paper_mill
10.2147/ott.s193675,fusion,internal,paper_mill
10.3892/ol.2017.7557,fusion,internal,paper_mill
10.1155/2021/6640652,fusion,internal,paper_mill
10.1371/journal.pone.0114585,fusion,internal,paper_mill
10.1155/2022/5032172,fusion,internal,paper_mill
10.1155/2022/2363410,fusion,internal,paper_mill
10.1155/2023/3560340,fusion,internal,paper_mill
10.3892/mmr.2017.7000,fusion,internal,paper_mill
10.1155/2021/4896106,fusion,internal,paper_mill
10.3389/fbioe.2021.705886,fusion,internal,paper_mill
10.1155/2021/3422393,fusion,internal,paper_mill
10.1155/2021/6697597,fusion,internal,paper_mill
10.1155/2022/2864170,fusion,internal,paper_mill
10.1155/2022/1948657,fusion,internal,paper_mill
10.1371/journal.pone.0127682,fusion,internal,paper_mill
10.3892/or.2018.6774,fusion,internal,paper_mill
10.1155/2022/4299919,fusion,internal,paper_mill
10.12659/msm.898740,fusion,internal,paper_mill
10.1155/2022/3768880,fusion,internal,paper_mill
10.1155/2022/6441179,fusion,internal,paper_mill
10.1155/2021/3727794,fusion,internal,paper_mill
10.1155/2022/5113447,fusion,internal,paper_mill
10.2147/ott.s184118,fusion,internal,paper_mill
10.1155/2022/3541403,fusion,internal,paper_mill
10.3892/or.2016.5242,fusion,internal,paper_mill
10.1155/2022/3374655,fusion,internal,paper_mill
10.2147/cmar.s229083,fusion,internal,paper_mill
10.1042/bsr20160053,fusion,internal,paper_mill
10.1155/2022/8263986,fusion,internal,paper_mill
10.1155/2021/2677696,fusion,internal,paper_mill
10.1155/2021/1001446,fusion,internal,paper_mill
10.1155/2021/4623850,fusion,internal,paper_mill
10.2147/cmar.s308071,fusion,internal,paper_mill
10.1155/2022/1251388,fusion,internal,paper_mill
10.1177/2058738418824521,fusion,internal,paper_mill
10.3892/ijo.2015.3112,fusion,internal,paper_mill
10.1155/2022/4880151,fusion,internal,paper_mill
10.1186/s12935-021-01885-0,fusion,internal,paper_mill
10.1155/2021/9917060,fusion,internal,paper_mill
10.1155/2021/9968907,fusion,internal,paper_mill
10.1155/2021/8402517,fusion,internal,paper_mill
10.3892/etm.2017.4685,fusion,internal,paper_mill
10.3892/ijo.2016.3398,fusion,internal,paper_mill
10.1155/2022/9054266,fusion,internal,paper_mill
10.2147/ott.s184337,fusion,internal,paper_mill
10.1155/2022/9896490,fusion,internal,paper_mill
10.3892/mmr.2017.8350,fusion,internal,paper_mill
10.1155/2021/9809990,fusion,internal,paper_mill
10.1155/2022/9618193,fusion,internal,paper_mill
10.3892/or.2018.6624,fusion,internal,paper_mill
10.2147/cmar.s267665,fusion,internal,paper_mill
10.1155/2022/4541918,fusion,internal,paper_mill
10.3892/ijmm.2015.2217,fusion,internal,paper_mill
10.1155/2022/3546795,fusion,internal,paper_mill
10.2147/cmar.s264681,fusion,internal,paper_mill
10.3892/or.2017.5997,fusion,internal,paper_mill
10.3892/or.2014.3591,fusion,internal,paper_mill
10.2147/cmar.s200566,fusion,internal,paper_mill
10.1155/2022/6232264,fusion,internal,paper_mill
10.3892/ol.2015.2904,fusion,internal,paper_mill
10.1155/2022/1926605,fusion,internal,paper_mill
10.3389/fchem.2022.928047,fusion,internal,paper_mill
10.1155/2021/9059116,fusion,internal,paper_mill
10.3892/etm.2021.9949,fusion,internal,paper_mill
10.1155/2022/6428796,fusion,internal,paper_mill
10.2147/ott.s183847,fusion,internal,paper_mill
10.1039/c9ra07332a,fusion,internal,paper_mill
10.3892/or.2017.5835,fusion,internal,paper_mill
10.1155/2022/1620802,fusion,internal,paper_mill
10.1042/bsr20191357,fusion,internal,paper_mill
10.3892/or.2015.4495,fusion,internal,paper_mill
10.1155/2022/6140727,fusion,internal,paper_mill
10.1155/2022/8402732,fusion,internal,paper_mill
10.3892/ol.2013.1546,fusion,internal,paper_mill
10.3389/fphar.2018.00543,fusion,internal,paper_mill
10.1177/1533033819870209,fusion,internal,paper_mill
10.1016/j.omtn.2019.06.009,fusion,internal,paper_mill
10.1155/2022/8024700,fusion,internal,paper_mill
10.1155/2023/6222324,fusion,internal,paper_mill
10.3892/mmr.2017.7273,fusion,internal,paper_mill
10.1155/2021/1163250,fusion,internal,paper_mill
10.1155/2021/3309944,fusion,internal,paper_mill
10.1016/j.omtn.2019.11.002,fusion,internal,paper_mill
10.1155/2022/9223400,fusion,internal,paper_mill
10.3389/fchem.2021.722990,fusion,internal,paper_mill
10.1155/2022/2012457,fusion,internal,paper_mill
10.1002/jgm.3330,fusion,internal,paper_mill
10.1155/2022/8979404,fusion,internal,paper_mill
10.1155/2022/3140070,fusion,internal,paper_mill
10.1155/2022/1127146,fusion,internal,paper_mill
10.3892/mmr.2018.9572,fusion,internal,paper_mill
10.1155/2021/5953881,fusion,internal,paper_mill
10.1155/2022/6120337,fusion,internal,paper_mill
10.1186/s12935-019-0812-3,fusion,internal,paper_mill
10.1155/2022/6830366,fusion,internal,paper_mill
10.1155/2022/8131531,fusion,internal,paper_mill
10.1155/2022/4370341,fusion,internal,paper_mill
10.2147/ott.s192137,fusion,internal,paper_mill
10.1016/j.fob.2015.11.001,fusion,internal,paper_mill
10.1155/2021/1090698,fusion,internal,paper_mill
10.1155/2022/3826080,fusion,internal,paper_mill
10.3892/or.2017.5705,fusion,internal,paper_mill
10.1038/s41388-023-02638-1,fusion,internal,control
10.3892/ol.2022.13510,fusion,internal,control
10.3390/nano9010014,fusion,internal,control
10.1038/s41388-021-02114-8,fusion,internal,control
10.3390/ijms222413386,fusion,internal,control
10.1136/gutjnl-2015-309675,fusion,internal,control
10.1038/bjc.2012.595,fusion,internal,control
10.3390/cancers16122261,fusion,internal,control
10.1038/onc.2016.342,fusion,internal,control
10.1038/onc.2017.227,fusion,internal,control
10.1038/s41388-020-01431-8,fusion,internal,control
10.1038/onc.2014.318,fusion,internal,control
10.1186/s12943-015-0449-3,fusion,internal,control
10.15252/embj.2019102808,fusion,internal,control
10.15252/embj.2021108599,fusion,internal,control
10.1371/journal.pone.0045382,fusion,internal,control
10.1093/carcin/bgs023,fusion,internal,control
10.1038/s41388-020-1270-z,fusion,internal,control
10.1007/s12105-024-01680-z,fusion,internal,control
10.1038/s44318-024-00113-5,fusion,internal,control
10.1097/md.0000000000003268,fusion,internal,control
10.1038/s41388-023-02694-7,fusion,internal,control
10.18632/oncotarget.7571,fusion,internal,control
10.3390/cancers11030347,fusion,internal,control
10.1016/j.ccell.2019.02.009,fusion,internal,control
10.1186/1476-4598-9-309,fusion,internal,control
10.1038/s41388-023-02747-x,fusion,internal,control
10.1038/s41388-024-03211-0,fusion,internal,control
10.1038/s41388-022-02179-z,fusion,internal,control
10.1038/s41388-020-1293-5,fusion,internal,control
10.4236/jct.2021.126031,fusion,internal,control
10.1097/md.0000000000000462,fusion,internal,control
10.1002/cjp2.71,fusion,internal,control
10.1038/s41388-018-0672-7,fusion,internal,control
10.1002/cam4.187,fusion,internal,control
10.1371/journal.pone.0186852,fusion,internal,control
10.1038/onc.2017.89,fusion,internal,control
10.1186/s13046-019-1196-x,fusion,internal,control
10.1038/modpathol.2008.172,fusion,internal,control
10.1038/s41388-021-02003-0,fusion,internal,control
10.1186/1471-2407-14-210,fusion,internal,control
10.1038/cddis.2017.333,fusion,internal,control
10.1038/srep12870,fusion,internal,control
10.3892/ijmm_00000153,fusion,internal,control
10.1097/jom.0000000000000258,fusion,internal,control
10.1111/cas.14441,fusion,internal,control
10.15252/embj.201798359,fusion,internal,control
10.1038/s41388-020-01532-4,fusion,internal,control
10.1038/nm.2377,fusion,internal,control
10.1038/s41388-022-02395-7,fusion,internal,control
10.1177/1178223418792247,fusion,internal,control
10.1038/s41388-018-0307-z,fusion,internal,control
10.1371/journal.pcbi.1008898,fusion,internal,control
10.1016/j.phro.2021.03.004,fusion,internal,control
10.1038/onc.2009.409,fusion,internal,control
10.7150/jca.12490,fusion,internal,control
10.18632/oncotarget.17665,fusion,internal,control
10.1038/nm.3480,fusion,internal,control
10.1136/gutjnl-2012-302240,fusion,internal,control
10.4137/grsb.s562,fusion,internal,control
10.1038/s41419-022-05512-2,fusion,internal,control
10.18632/oncotarget.8629,fusion,internal,control
10.1002/ijc.34025,fusion,internal,control
10.1111/hel.12368,fusion,internal,control
10.1245/s10434-020-08649-6,fusion,internal,control
10.1038/s41388-020-1292-6,fusion,internal,control
10.3390/pharmaceutics14020304,fusion,internal,control
10.1016/j.ccell.2022.08.014,fusion,internal,control
10.3802/jgo.2017.28.e69,fusion,internal,control
10.1038/onc.2014.447,fusion,internal,control
10.1155/2013/590393,fusion,internal,control
10.1038/onc.2016.257,fusion,internal,control
10.1038/onc.2010.563,fusion,internal,control
10.1245/s10434-015-4675-0,fusion,internal,control
10.1038/s41591-018-0230-4,fusion,internal,control
10.1177/1534735416683807,fusion,internal,control
10.1186/1472-6831-14-99,fusion,internal,control
10.1002/hep.29781,fusion,internal,control
10.3892/or.2011.1360,fusion,internal,control
10.1155/2011/504034,fusion,internal,control
10.1371/journal.pone.0074982,fusion,internal,control
10.1186/s12957-019-1771-9,fusion,internal,control
10.1002/ijc.33242,fusion,internal,control
10.1186/s13045-019-0698-5,fusion,internal,control
10.1371/journal.pone.0103206,fusion,internal,control
10.1186/s12885-015-1446-z,fusion,internal,control
10.1016/j.cell.2019.03.005,fusion,internal,control
10.1038/onc.2012.404,fusion,internal,control
10.1186/1476-4598-9-100,fusion,internal,control
10.1111/cas.14135,fusion,internal,control
10.1038/s41379-018-0010-1,fusion,internal,control
10.1038/s41388-020-1349-6,fusion,internal,control
10.1038/s41388-018-0386-x,fusion,internal,control
10.3390/nu7075065,fusion,internal,control
10.1002/hed.27945,fusion,internal,control
10.1371/journal.pone.0148076,fusion,internal,control
10.1016/j.ccell.2023.10.004,fusion,internal,control
10.1038/s41388-021-01859-6,fusion,internal,control
10.1038/onc.2011.5,fusion,internal,control
10.1002/cam4.1638,fusion,internal,control
10.1186/s12874-018-0628-1,fusion,internal,control
10.1038/s41388-019-0728-3,fusion,internal,control
10.1038/ncomms3175,fusion,internal,control
10.1371/journal.pone.0053096,fusion,internal,control
10.7150/ijms.20336,fusion,internal,control
10.1371/journal.pone.0199038,fusion,internal,control
10.1016/j.molcel.2017.01.021,fusion,internal,control
10.1371/journal.pone.0089389,fusion,internal,control
10.1186/1477-5751-13-3,fusion,internal,control
10.1016/j.cell.2019.02.012,fusion,internal,control
10.1016/j.molcel.2021.03.019,fusion,internal,control
10.1038/s41388-021-02133-5,fusion,internal,control
10.1038/s41388-021-01826-1,fusion,internal,control
10.1038/sj.bjc.6604097,fusion,internal,control
10.1016/j.neo.2019.04.007,fusion,internal,control
10.1038/onc.2015.497,fusion,internal,control
10.1038/onc.2011.243,fusion,internal,control
10.1007/s00384-014-1932-9,fusion,internal,control
10.1038/onc.2010.536,fusion,internal,control
10.3390/cancers12010182,fusion,internal,control
10.1007/s10549-024-07303-z,fusion,internal,control
10.1371/journal.pone.0224728,fusion,internal,control
10.1038/s41388-020-01465-y,fusion,internal,control
10.1016/j.tipsro.2021.07.001,fusion,internal,control
10.1016/j.omtn.2019.06.017,fusion,internal,control
10.1186/1471-230x-14-67,fusion,internal,control
10.1038/onc.2008.405,fusion,internal,control
10.18632/oncotarget.3389,fusion,internal,control
10.1186/s12916-017-0915-4,fusion,internal,control
10.1016/j.ypmed.2021.106622,fusion,internal,control
10.1016/j.euros.2022.12.004,fusion,internal,control
10.3390/cancers12010056,fusion,internal,control
10.1186/s12894-020-00593-7,fusion,internal,control
10.1002/cncr.28174,fusion,internal,control
10.1515/med-2021-0264,fusion,internal,control
10.1371/journal.pone.0179363,fusion,internal,control
10.1093/bjsopen/zrab067,fusion,internal,control
10.1371/journal.pone.0012724,fusion,internal,control
10.1177/20584601241258675,fusion,internal,control
10.1177/02841851211058929,fusion,internal,control
10.1038/onc.2014.199,fusion,internal,control
10.1186/1476-4598-13-155,fusion,internal,control
10.1186/s12985-021-01613-0,fusion,internal,control
10.1016/j.molcel.2017.09.024,fusion,internal,control
10.1038/sj.bjc.6604244,fusion,internal,control
10.1016/j.ccell.2024.02.004,fusion,internal,control
10.1038/onc.2014.412,fusion,internal,control
10.7554/elife.71035,fusion,internal,control
10.1186/1471-2407-9-67,fusion,internal,control
10.1186/s13073-023-01177-4,fusion,internal,control
10.1007/s00330-021-07907-9,fusion,internal,control
10.1038/s41388-018-0657-6,fusion,internal,control
10.1038/onc.2013.271,fusion,internal,control
10.1186/bcr1129,fusion,internal,control
10.1038/s41591-018-0135-2,fusion,internal,control
10.1007/s10549-016-3983-9,fusion,internal,control
10.15252/embj.2020106777,fusion,internal,control
10.1038/s41388-017-0119-6,fusion,internal,control
10.1038/onc.2014.34,fusion,internal,control
10.1038/onc.2012.528,fusion,internal,control
10.3389/fphar.2023.1141669,fusion,internal,control
10.1038/s41598-017-18266-1,fusion,internal,control
10.1038/s41591-023-02568-1,fusion,internal,control
10.1038/onc.2013.583,fusion,internal,control
10.1371/journal.pone.0112839,fusion,internal,control
10.1245/s10434-023-13964-9,fusion,internal,control
10.1186/s12957-022-02568-4,fusion,internal,control
10.1117/1.jmi.9.3.033503,fusion,internal,control
10.1038/onc.2008.389,fusion,internal,control
10.1038/s41388-019-0747-0,fusion,internal,control
10.1371/journal.pone.0023003,fusion,internal,control
10.1016/j.ctro.2021.01.013,fusion,internal,control
10.2147/ott.s70922,fusion,internal,control
10.7150/ijbs.85443,fusion,internal,control
10.1186/1471-2407-11-20,fusion,internal,control
10.1038/onc.2011.422,fusion,internal,control
10.1038/s41598-019-45588-z,fusion,internal,control
10.1371/journal.pone.0153745,fusion,internal,control
10.1186/s12864-024-10168-7,fusion,internal,control
10.1155/2011/978319,fusion,internal,control
10.1371/journal.pone.0040767,fusion,internal,control
10.1038/onc.2015.483,fusion,internal,control
10.1002/1878-0261.12410,fusion,internal,control
10.1038/onc.2010.245,fusion,internal,control
10.1038/s41591-022-01720-7,fusion,internal,control
10.1186/s13148-015-0139-4,fusion,internal,control
10.1371/journal.pone.0180844,fusion,internal,control
10.1038/emboj.2012.132,fusion,internal,control
10.3390/cancers16112099,fusion,internal,control
10.1038/s41591-023-02496-0,fusion,internal,control
10.1038/onc.2011.450,fusion,internal,control
10.1002/nop2.1594,fusion,internal,control
10.3390/jpm13091355,fusion,internal,control
10.1038/onc.2016.161,fusion,internal,control
10.1002/pros.23885,fusion,internal,control
10.32607/20758251-2013-5-1-85-89,fusion,internal,control
10.1093/narcan/zcab026,fusion,internal,control
10.1200/jco.19.00457,fusion,internal,control
10.1038/sj.bjc.6600126,fusion,internal,control
10.1038/s41598-017-04952-7,fusion,internal,control
10.1038/s41388-020-01429-2,fusion,internal,control
10.1186/1471-2407-9-241,fusion,internal,control
10.1186/s13045-018-0557-9,fusion,internal,control
10.1002/advs.201700339,fusion,internal,control
10.1038/s41388-018-0286-0,fusion,internal,control
10.1002/1878-0261.12629,fusion,external,paper_mill
10.1002/2211-5463.12404,fusion,external,paper_mill
10.1002/cam4.1281,fusion,external,paper_mill
10.1002/cam4.1682,fusion,external,paper_mill
10.1002/cam4.1860,fusion,external,paper_mill
10.1002/cam4.1960,fusion,external,paper_mill
10.1002/cam4.2494,fusion,external,paper_mill
10.1002/cam4.2611,fusion,external,paper_mill
10.1002/iub.2366,fusion,external,paper_mill
10.1002/jcla.23116,fusion,external,paper_mill
10.1002/jcla.24424,fusion,external,paper_mill
10.1002/kjm2.12284,fusion,external,paper_mill
10.1002/kjm2.12582,fusion,external,paper_mill
10.1002/mgg3.1091,fusion,external,paper_mill
10.1002/mgg3.1112,fusion,external,paper_mill
10.1007/s10528-020-10007-w,fusion,external,paper_mill
10.1007/s10565-021-09597-x,fusion,external,paper_mill
10.1007/s13577-017-0170-1,fusion,external,paper_mill
10.1016/j.ajur.2021.12.007,fusion,external,paper_mill
10.1016/j.heliyon.2022.e10085,fusion,external,paper_mill
10.1016/j.omtn.2020.05.032,fusion,external,paper_mill
10.1016/j.omto.2021.06.009,fusion,external,paper_mill
10.1016/j.redox.2019.101120,fusion,external,paper_mill
10.1016/j.reth.2019.07.007,fusion,external,paper_mill
10.1016/j.tranon.2021.101036,fusion,external,paper_mill
10.1016/j.tranon.2021.101088,fusion,external,paper_mill
10.1016/j.tranon.2022.101468,fusion,external,paper_mill
10.1038/s41419-018-0497-x,fusion,external,paper_mill
10.1038/s41419-018-0881-6,fusion,external,paper_mill
10.1038/s41419-018-1170-0,fusion,external,paper_mill
10.1038/s41419-019-1439-y,fusion,external,paper_mill
10.1038/s41419-019-1660-8,fusion,external,paper_mill
10.1038/s41419-019-1922-5,fusion,external,paper_mill
10.1038/s41419-019-2170-4,fusion,external,paper_mill
10.1038/s41419-020-2247-0,fusion,external,paper_mill
10.1038/s41419-020-2416-1,fusion,external,paper_mill
10.1038/s41419-021-03612-z,fusion,external,paper_mill
10.1038/s41419-021-03637-4,fusion,external,paper_mill
10.1038/s41419-021-03700-0,fusion,external,paper_mill
10.1038/s41419-021-04186-6,fusion,external,paper_mill
10.1038/s41419-022-04723-x,fusion,external,paper_mill
10.1038/s41419-022-04908-4,fusion,external,paper_mill
10.1038/s41420-019-0164-8,fusion,external,paper_mill
10.1038/s41598-017-01832-y,fusion,external,paper_mill
10.1038/s41598-017-06472-w,fusion,external,paper_mill
10.1038/srep26679,fusion,external,paper_mill
10.1038/srep33676,fusion,external,paper_mill
10.1038/srep40464,fusion,external,paper_mill
10.1039/c8ra01231h,fusion,external,paper_mill
10.1042/bsr20181147,fusion,external,paper_mill
10.1042/bsr20191182,fusion,external,paper_mill
10.1042/bsr20193867,fusion,external,paper_mill
10.1042/bsr20194309,fusion,external,paper_mill
10.1080/10717544.2020.1754528,fusion,external,paper_mill
10.1080/13880209.2022.2112963,fusion,external,paper_mill
10.1080/15384047.2022.2102360,fusion,external,paper_mill
10.1080/21655979.2020.1809922,fusion,external,paper_mill
10.1080/21655979.2021.2024653,fusion,external,paper_mill
10.1080/21655979.2022.2054755,fusion,external,paper_mill
10.1080/21655979.2022.2081463,fusion,external,paper_mill
10.1111/1440-1681.13271,fusion,external,paper_mill
10.1111/1440-1681.13320,fusion,external,paper_mill
10.1111/1759-7714.13051,fusion,external,paper_mill
10.1111/1759-7714.14300,fusion,external,paper_mill
10.1111/cpr.12548,fusion,external,paper_mill
10.1111/cpr.12640,fusion,external,paper_mill
10.1111/cpr.12739,fusion,external,paper_mill
10.1111/cpr.12833,fusion,external,paper_mill
10.1111/jcmm.12852,fusion,external,paper_mill
10.1111/jcmm.13483,fusion,external,paper_mill
10.1111/jcmm.13497,fusion,external,paper_mill
10.1111/jcmm.13620,fusion,external,paper_mill
10.1111/jcmm.13658,fusion,external,paper_mill
10.1111/jcmm.14062,fusion,external,paper_mill
10.1111/jcmm.14148,fusion,external,paper_mill
10.1111/jcmm.14384,fusion,external,paper_mill
10.1111/jcmm.14386,fusion,external,paper_mill
10.1111/jcmm.15114,fusion,external,paper_mill
10.1111/jcmm.15133,fusion,external,paper_mill
10.1111/jcmm.15156,fusion,external,paper_mill
10.1111/jcmm.15414,fusion,external,paper_mill
10.1111/jcmm.15415,fusion,external,paper_mill
10.1111/jcmm.15751,fusion,external,paper_mill
10.1111/jcmm.16003,fusion,external,paper_mill
10.1111/jcmm.16989,fusion,external,paper_mill
10.1111/os.12796,fusion,external,paper_mill
10.1155/2014/624573,fusion,external,paper_mill
10.1155/2014/827989,fusion,external,paper_mill
10.1155/2015/134027,fusion,external,paper_mill
10.1155/2015/172165,fusion,external,paper_mill
10.1155/2019/3909102,fusion,external,paper_mill
10.1155/2019/4586405,fusion,external,paper_mill
10.1155/2019/4824902,fusion,external,paper_mill
10.1155/2019/8186091,fusion,external,paper_mill
10.1155/2019/9436047,fusion,external,paper_mill
10.1155/2020/4027627,fusion,external,paper_mill
10.1155/2020/5654380,fusion,external,paper_mill
10.1155/2020/8450606,fusion,external,paper_mill
10.1155/2021/2804478,fusion,external,paper_mill
10.1155/2021/5572402,fusion,external,paper_mill
10.1155/2021/8249293,fusion,external,paper_mill
10.1155/2021/9652420,fusion,external,paper_mill
10.1155/2021/9964159,fusion,external,paper_mill
10.1155/2022/6426800,fusion,external,paper_mill
10.1167/iovs.61.6.41,fusion,external,paper_mill
10.1167/iovs.63.9.20,fusion,external,paper_mill
10.1177/1533034617735931,fusion,external,paper_mill
10.1186/1471-2407-14-378,fusion,external,paper_mill
10.1186/1476-4598-13-137,fusion,external,paper_mill
10.1186/1476-4598-13-206,fusion,external,paper_mill
10.1186/1476-4598-13-252,fusion,external,paper_mill
10.1186/1746-1596-9-96,fusion,external,paper_mill
10.1186/s11658-020-00229-6,fusion,external,paper_mill
10.1186/s11658-021-00251-2,fusion,external,paper_mill
10.1186/s11671-021-03640-w,fusion,external,paper_mill
10.1186/s12885-015-1119-y,fusion,external,paper_mill
10.1186/s12885-020-07767-4,fusion,external,paper_mill
10.1186/s12885-021-08528-7,fusion,external,paper_mill
10.1186/s12885-021-08779-4,fusion,external,paper_mill
10.1186/s12890-020-01276-7,fusion,external,paper_mill
10.1186/s12935-016-0349-7,fusion,external,paper_mill
10.1186/s12935-018-0543-x,fusion,external,paper_mill
10.1186/s12935-018-0671-3,fusion,external,paper_mill
10.1186/s12935-018-0694-9,fusion,external,paper_mill
10.1186/s12935-019-0823-0,fusion,external,paper_mill
10.1186/s12935-019-0838-6,fusion,external,paper_mill
10.1186/s12935-020-01231-w,fusion,external,paper_mill
10.1186/s12935-020-01580-6,fusion,external,paper_mill
10.1186/s12935-020-01717-7,fusion,external,paper_mill
10.1186/s12935-020-1154-x,fusion,external,paper_mill
10.1186/s12943-018-0849-2,fusion,external,paper_mill
10.1186/s12943-018-0931-9,fusion,external,paper_mill
10.1186/s12943-019-0981-7,fusion,external,paper_mill
10.1186/s12943-019-1116-x,fusion,external,paper_mill
10.1186/s12943-019-1128-6,fusion,external,paper_mill
10.1186/s12943-020-01248-9,fusion,external,paper_mill
10.1186/s12943-020-1145-5,fusion,external,paper_mill
10.1186/s12957-015-0607-5,fusion,external,paper_mill
10.1186/s12957-016-0784-x,fusion,external,paper_mill
10.1186/s12964-018-0244-z,fusion,external,paper_mill
10.1186/s12964-020-0518-0,fusion,external,paper_mill
10.1186/s12964-021-00729-8,fusion,external,paper_mill
10.1186/s12967-015-0595-9,fusion,external,paper_mill
10.1186/s12967-021-02872-9,fusion,external,paper_mill
10.1186/s13000-014-0198-4,fusion,external,paper_mill
10.1186/s13000-015-0255-7,fusion,external,paper_mill
10.1186/s13046-015-0177-y,fusion,external,paper_mill
10.1186/s13046-015-0197-7,fusion,external,paper_mill
10.1186/s13046-015-0229-3,fusion,external,paper_mill
10.1186/s13046-015-0245-3,fusion,external,paper_mill
10.1186/s13046-016-0371-6,fusion,external,paper_mill
10.1186/s13046-017-0666-2,fusion,external,paper_mill
10.1186/s13046-019-1069-3,fusion,external,paper_mill
10.1186/s13046-019-1504-5,fusion,external,paper_mill
10.1186/s13046-020-01720-w,fusion,external,paper_mill
10.1186/s13046-020-01779-5,fusion,external,paper_mill
10.1186/s13048-019-0593-2,fusion,external,paper_mill
10.1186/s13048-020-00639-2,fusion,external,paper_mill
10.1186/s13048-020-00646-3,fusion,external,paper_mill
10.1186/s13568-020-01035-1,fusion,external,paper_mill
10.1186/s13568-020-01060-0,fusion,external,paper_mill
10.1186/s13568-020-01072-w,fusion,external,paper_mill
10.1186/s13568-020-01107-2,fusion,external,paper_mill
10.1186/s13578-019-0359-y,fusion,external,paper_mill
10.1186/s40659-016-0086-3,fusion,external,paper_mill
10.1186/s40659-018-0162-y,fusion,external,paper_mill
10.1186/s40659-019-0214-y,fusion,external,paper_mill
10.1186/s40659-019-0243-6,fusion,external,paper_mill
10.1242/bio.015552,fusion,external,paper_mill
10.12659/msm.904892,fusion,external,paper_mill
10.12659/msm.905450,fusion,external,paper_mill
10.12659/msm.909669,fusion,external,paper_mill
10.12659/msm.910998,fusion,external,paper_mill
10.12659/msm.912643,fusion,external,paper_mill
10.12659/msm.913915,fusion,external,paper_mill
10.12659/msm.913974,fusion,external,paper_mill
10.12659/msm.915463,fusion,external,paper_mill
10.12659/msm.916635,fusion,external,paper_mill
10.12659/msm.918454,fusion,external,paper_mill
10.12659/msm.920095,fusion,external,paper_mill
10.1302/2046-3758.76.bjr-2017-0138.r1,fusion,external,paper_mill
10.1371/journal.pone.0054081,fusion,external,paper_mill
10.1371/journal.pone.0066999,fusion,external,paper_mill
10.1371/journal.pone.0073213,fusion,external,paper_mill
10.1371/journal.pone.0087806,fusion,external,paper_mill
10.1371/journal.pone.0149120,fusion,external,paper_mill
10.14336/ad.2019.0512,fusion,external,paper_mill
10.1515/tnsci-2018-0026,fusion,external,paper_mill
10.1536/ihj.18-048,fusion,external,paper_mill
10.1590/1414-431x20176793,fusion,external,paper_mill
10.1590/1414-431x20176803,fusion,external,paper_mill
10.1590/1414-431x20186452,fusion,external,paper_mill
10.1590/1414-431x20186839,fusion,external,paper_mill
10.1590/1414-431x20187665,fusion,external,paper_mill
10.1590/1414-431x20197728,fusion,external,paper_mill
10.1590/1414-431x20198834,fusion,external,paper_mill
10.1590/acb370606,fusion,external,paper_mill
10.1620/tjem.223.137,fusion,external,paper_mill
10.17179/excli2017-690,fusion,external,paper_mill
10.17179/excli2017-932,fusion,external,paper_mill
10.17305/bjbms.2020.4538,fusion,external,paper_mill
10.18632/aging.101418,fusion,external,paper_mill
10.18632/aging.102109,fusion,external,paper_mill
10.18632/aging.102505,fusion,external,paper_mill
10.18632/aging.102673,fusion,external,paper_mill
10.18632/aging.103300,fusion,external,paper_mill
10.18632/aging.103386,fusion,external,paper_mill
10.18632/aging.103476,fusion,external,paper_mill
10.18632/aging.104037,fusion,external,paper_mill
10.18632/aging.104130,fusion,external,paper_mill
10.18632/aging.104187,fusion,external,paper_mill
10.18632/aging.202847,fusion,external,paper_mill
10.18632/aging.203114,fusion,external,paper_mill
10.18632/aging.203521,fusion,external,paper_mill
10.18632/oncotarget.11351,fusion,external,paper_mill
10.18632/oncotarget.12329,fusion,external,paper_mill
10.18632/oncotarget.13131,fusion,external,paper_mill
10.18632/oncotarget.13182,fusion,external,paper_mill
10.18632/oncotarget.14854,fusion,external,paper_mill
10.18632/oncotarget.15199,fusion,external,paper_mill
10.18632/oncotarget.15318,fusion,external,paper_mill
10.18632/oncotarget.15519,fusion,external,paper_mill
10.18632/oncotarget.16587,fusion,external,paper_mill
10.18632/oncotarget.17045,fusion,external,paper_mill
10.18632/oncotarget.17189,fusion,external,paper_mill
10.18632/oncotarget.17783,fusion,external,paper_mill
10.18632/oncotarget.20487,fusion,external,paper_mill
10.18632/oncotarget.20785,fusion,external,paper_mill
10.18632/oncotarget.21069,fusion,external,paper_mill
10.18632/oncotarget.3185,fusion,external,paper_mill
10.18632/oncotarget.3265,fusion,external,paper_mill
10.18632/oncotarget.3713,fusion,external,paper_mill
10.18632/oncotarget.3889,fusion,external,paper_mill
10.18632/oncotarget.4291,fusion,external,paper_mill
10.18632/oncotarget.4705,fusion,external,paper_mill
10.18632/oncotarget.4862,fusion,external,paper_mill
10.18632/oncotarget.5309,fusion,external,paper_mill
10.18632/oncotarget.7559,fusion,external,paper_mill
10.18632/oncotarget.9068,fusion,external,paper_mill
10.21037/atm-20-4558,fusion,external,paper_mill
10.21037/atm-20-4987,fusion,external,paper_mill
10.21037/atm-20-5556,fusion,external,paper_mill
10.21037/atm-20-5842,fusion,external,paper_mill
10.21037/atm-20-6109,fusion,external,paper_mill
10.21037/atm-20-6331,fusion,external,paper_mill
10.21037/atm-20-7201,fusion,external,paper_mill
10.21037/atm-20-7365,fusion,external,paper_mill
10.21037/atm-21-6123,fusion,external,paper_mill
10.21037/jtd-20-1555,fusion,external,paper_mill
10.21037/tcr-19-2967b,fusion,external,paper_mill
10.21037/tcr.2020.02.24,fusion,external,paper_mill
10.2147/cmar.s180418,fusion,external,paper_mill
10.2147/cmar.s180754,fusion,external,paper_mill
10.2147/cmar.s183085,fusion,external,paper_mill
10.2147/cmar.s184392,fusion,external,paper_mill
10.2147/cmar.s199239,fusion,external,paper_mill
10.2147/cmar.s230171,fusion,external,paper_mill
10.2147/cmar.s237285,fusion,external,paper_mill
10.2147/cmar.s239981,fusion,external,paper_mill
10.2147/cmar.s260866,fusion,external,paper_mill
10.2147/cmar.s263619,fusion,external,paper_mill
10.2147/cmar.s265545,fusion,external,paper_mill
10.2147/cmar.s267355,fusion,external,paper_mill
10.2147/cmar.s270515,fusion,external,paper_mill
10.2147/cmar.s277524,fusion,external,paper_mill
10.2147/cmar.s284277,fusion,external,paper_mill
10.2147/cmar.s333416,fusion,external,paper_mill
10.2147/dddt.s222694,fusion,external,paper_mill
10.2147/dddt.s97614,fusion,external,paper_mill
10.2147/ijgm.s275016,fusion,external,paper_mill
10.2147/ott.s107214,fusion,external,paper_mill
10.2147/ott.s116509,fusion,external,paper_mill
10.2147/ott.s127872,fusion,external,paper_mill
10.2147/ott.s156810,fusion,external,paper_mill
10.2147/ott.s158355,fusion,external,paper_mill
10.2147/ott.s173750,fusion,external,paper_mill
10.2147/ott.s182525,fusion,external,paper_mill
10.2147/ott.s184078,fusion,external,paper_mill
10.2147/ott.s186923,fusion,external,paper_mill
10.2147/ott.s192377,fusion,external,paper_mill
10.2147/ott.s193787,fusion,external,paper_mill
10.2147/ott.s196142,fusion,external,paper_mill
10.2147/ott.s202941,fusion,external,paper_mill
10.2147/ott.s205688,fusion,external,paper_mill
10.2147/ott.s206180,fusion,external,paper_mill
10.2147/ott.s207542,fusion,external,paper_mill
10.2147/ott.s208988,fusion,external,paper_mill
10.2147/ott.s214514,fusion,external,paper_mill
10.2147/ott.s222564,fusion,external,paper_mill
10.2147/ott.s225023,fusion,external,paper_mill
10.2147/ott.s227467,fusion,external,paper_mill
10.2147/ott.s227644,fusion,external,paper_mill
10.2147/ott.s227831,fusion,external,paper_mill
10.2147/ott.s230795,fusion,external,paper_mill
10.2147/ott.s230847,fusion,external,paper_mill
10.2147/ott.s233906,fusion,external,paper_mill
10.2147/ott.s238070,fusion,external,paper_mill
10.2147/ott.s245254,fusion,external,paper_mill
10.2147/ott.s249853,fusion,external,paper_mill
10.2147/ott.s251714,fusion,external,paper_mill
10.2147/ott.s253470,fusion,external,paper_mill
10.2147/ott.s263728,fusion,external,paper_mill
10.2147/ott.s282350,fusion,external,paper_mill
10.30498/ijb.2019.85193,fusion,external,paper_mill
10.3233/cbm-190534,fusion,external,paper_mill
10.3389/fcell.2020.620603,fusion,external,paper_mill
10.3389/fcell.2021.607001,fusion,external,paper_mill
10.3389/fcell.2021.650999,fusion,external,paper_mill
10.3389/fcell.2021.653808,fusion,external,paper_mill
10.3389/fcell.2021.709490,fusion,external,paper_mill
10.3389/fonc.2020.00116,fusion,external,paper_mill
10.3389/fonc.2021.711735,fusion,external,paper_mill
10.3390/ijms140714171,fusion,external,paper_mill
10.3727/096504016x14519995067562,fusion,external,paper_mill
10.3727/096504016x14685034103275,fusion,external,paper_mill
10.3727/096504016x14821952695683,fusion,external,paper_mill
10.3727/096504016x14826089198805,fusion,external,paper_mill
10.3727/096504017x14886679715637,fusion,external,paper_mill
10.3727/096504017x14920318811712,fusion,external,paper_mill
10.3727/096504018x15179680859017,fusion,external,paper_mill
10.3727/096504018x15188352857437,fusion,external,paper_mill
10.3892/br.2013.98,fusion,external,paper_mill
10.3892/etm.2011.278,fusion,external,paper_mill
10.3892/etm.2012.787,fusion,external,paper_mill
10.3892/etm.2013.926,fusion,external,paper_mill
10.3892/etm.2013.988,fusion,external,paper_mill
10.3892/etm.2015.2656,fusion,external,paper_mill
10.3892/etm.2017.4255,fusion,external,paper_mill
10.3892/etm.2017.4426,fusion,external,paper_mill
10.3892/etm.2017.4586,fusion,external,paper_mill
10.3892/etm.2017.5016,fusion,external,paper_mill
10.3892/etm.2017.5169,fusion,external,paper_mill
10.3892/etm.2018.6083,fusion,external,paper_mill
10.3892/etm.2021.10662,fusion,external,paper_mill
10.3892/ijmm.2012.884,fusion,external,paper_mill
10.3892/ijmm.2018.3533,fusion,external,paper_mill
10.3892/ijmm.2018.3860,fusion,external,paper_mill
10.3892/ijmm.2020.4666,fusion,external,paper_mill
10.3892/ijmm.2020.4671,fusion,external,paper_mill
10.3892/ijmm.2020.4750,fusion,external,paper_mill
10.3892/ijmm.2021.5044,fusion,external,paper_mill
10.3892/ijo.2017.4122,fusion,external,paper_mill
10.3892/ijo.2022.5304,fusion,external,paper_mill
10.3892/mmr.2014.2301,fusion,external,paper_mill
10.3892/mmr.2014.2819,fusion,external,paper_mill
10.3892/mmr.2015.3477,fusion,external,paper_mill
10.3892/mmr.2015.4014,fusion,external,paper_mill
10.3892/mmr.2015.4423,fusion,external,paper_mill
10.3892/mmr.2015.4659,fusion,external,paper_mill
10.3892/mmr.2016.4800,fusion,external,paper_mill
10.3892/mmr.2016.5136,fusion,external,paper_mill
10.3892/mmr.2017.6956,fusion,external,paper_mill
10.3892/mmr.2017.6975,fusion,external,paper_mill
10.3892/mmr.2017.7840,fusion,external,paper_mill
10.3892/mmr.2017.8006,fusion,external,paper_mill
10.3892/mmr.2017.8282,fusion,external,paper_mill
10.3892/mmr.2018.8650,fusion,external,paper_mill
10.3892/mmr.2018.8769,fusion,external,paper_mill
10.3892/mmr.2018.9085,fusion,external,paper_mill
10.3892/mmr.2018.9096,fusion,external,paper_mill
10.3892/mmr.2018.9524,fusion,external,paper_mill
10.3892/mmr.2018.9616,fusion,external,paper_mill
10.3892/mmr.2018.9630,fusion,external,paper_mill
10.3892/mmr.2018.9651,fusion,external,paper_mill
10.3892/mmr.2019.10325,fusion,external,paper_mill
10.3892/mmr.2019.10381,fusion,external,paper_mill
10.3892/mmr.2019.10652,fusion,external,paper_mill
10.3892/mmr.2019.9934,fusion,external,paper_mill
10.3892/mmr.2021.11902,fusion,external,paper_mill
10.3892/ol.2012.1058,fusion,external,paper_mill
10.3892/ol.2012.1084,fusion,external,paper_mill
10.3892/ol.2015.2865,fusion,external,paper_mill
10.3892/ol.2016.4143,fusion,external,paper_mill
10.3892/ol.2017.6429,fusion,external,paper_mill
10.3892/ol.2018.8038,fusion,external,paper_mill
10.3892/ol.2018.8268,fusion,external,paper_mill
10.3892/ol.2018.9391,fusion,external,paper_mill
10.3892/ol.2019.10700,fusion,external,paper_mill
10.3892/ol.2020.11547,fusion,external,paper_mill
10.3892/ol.2020.11687,fusion,external,paper_mill
10.3892/ol.2020.12127,fusion,external,paper_mill
10.3892/ol.2022.13220,fusion,external,paper_mill
10.3892/or.2014.3483,fusion,external,paper_mill
10.3892/or.2015.3861,fusion,external,paper_mill
10.3892/or.2016.4833,fusion,external,paper_mill
10.3892/or.2016.5020,fusion,external,paper_mill
10.3892/or.2016.5290,fusion,external,paper_mill
10.3892/or.2016.5320,fusion,external,paper_mill
10.3892/or.2017.5805,fusion,external,paper_mill
10.3892/or.2018.6204,fusion,external,paper_mill
10.3892/or.2018.6736,fusion,external,paper_mill
10.3892/or.2018.6821,fusion,external,paper_mill
10.5114/aoms.2017.71420,fusion,external,paper_mill
10.5114/aoms.2018.73711,fusion,external,paper_mill
10.5114/aoms.2018.79429,fusion,external,paper_mill
10.5114/aoms.2019.85152,fusion,external,paper_mill
10.5114/aoms.2019.86798,fusion,external,paper_mill
10.5114/aoms.2019.90913,fusion,external,paper_mill
10.5230/jgc.2021.21.e40,fusion,external,paper_mill
10.5230/jgc.2022.22.e26,fusion,external,paper_mill
10.5650/jos.ess20087,fusion,external,paper_mill
10.5650/jos.ess21013,fusion,external,paper_mill
10.7150/jca.51253,fusion,external,paper_mill
10.7150/thno.44688,fusion,external,paper_mill
10.1186/s12910-020-0447-x,fusion,external,control
10.1186/bcr3242,fusion,external,control
10.1002/pros.23885,fusion,external,control
10.3389/fonc.2023.1121872,fusion,external,control
10.1186/1897-4287-12-14,fusion,external,control
10.1038/s41379-018-0010-1,fusion,external,control
10.3892/ijo_00000824,fusion,external,control
10.1136/bmjopen-2013-004648,fusion,external,control
10.1158/2767-9764.crc-21-0100,fusion,external,control
10.1136/bmjopen-2021-050930,fusion,external,control
10.3892/ol.2019.10224,fusion,external,control
10.1186/2191-219x-1-18,fusion,external,control
10.1186/1477-7827-8-35,fusion,external,control
10.1007/s00384-016-2628-0,fusion,external,control
10.1002/nop2.1594,fusion,external,control
10.1038/s41467-024-52980-5,fusion,external,control
10.1371/journal.pone.0047045,fusion,external,control
10.1007/s00330-012-2687-8,fusion,external,control
10.1186/s13058-024-01882-x,fusion,external,control
10.1371/journal.pone.0053014,fusion,external,control
10.1016/j.tranon.2018.08.003,fusion,external,control
10.1038/s41598-017-18266-1,fusion,external,control
10.3892/or.17.6.1501,fusion,external,control
10.1186/s12885-015-1446-z,fusion,external,control
10.1038/sj.bjc.6605188,fusion,external,control
10.1016/j.heliyon.2024.e37561,fusion,external,control
10.1038/s41598-022-12519-4,fusion,external,control
10.1007/s00268-020-05941-0,fusion,external,control
10.1186/s13104-023-06376-1,fusion,external,control
10.1002/ijc.33963,fusion,external,control
10.1371/journal.pone.0308254,fusion,external,control
10.2147/clep.s466029,fusion,external,control
10.1093/bjsopen/zrab067,fusion,external,control
10.1371/journal.pmed.1003903,fusion,external,control
10.1038/ncomms3175,fusion,external,control
10.1155/2018/5912394,fusion,external,control
10.1186/bcr1072,fusion,external,control
10.1007/s10549-014-3057-9,fusion,external,control
10.1155/2013/413783,fusion,external,control
10.1016/j.celrep.2019.02.025,fusion,external,control
10.1371/journal.pone.0189300,fusion,external,control
10.1038/s41420-020-0272-5,fusion,external,control
10.1007/s00345-016-1952-x,fusion,external,control
10.1093/jncics/pky067,fusion,external,control
10.1001/jamainternmed.2023.2442,fusion,external,control
10.2196/47195,fusion,external,control
10.1371/journal.pone.0029671,fusion,external,control
10.1515/med-2021-0264,fusion,external,control
10.1136/jmedgenet-2018-105610,fusion,external,control
10.3389/fonc.2024.1399171,fusion,external,control
10.3390/cells11132035,fusion,external,control
10.3390/biom11020263,fusion,external,control
10.1371/journal.pmed.0030168,fusion,external,control
10.1007/s10585-024-10278-2,fusion,external,control
10.1172/jci67280,fusion,external,control
10.1186/s12875-024-02669-x,fusion,external,control
10.3892/or.2013.2673,fusion,external,control
10.3390/cancers12113110,fusion,external,control
10.1002/ueg2.12204,fusion,external,control
10.1007/s00520-024-08736-4,fusion,external,control
10.1054/bjoc.2000.1655,fusion,external,control
10.3389/fvets.2023.1143986,fusion,external,control
10.1038/s41598-021-88177-9,fusion,external,control
10.1172/jci159181,fusion,external,control
10.1038/bjc.2012.461,fusion,external,control
10.1371/journal.pone.0136142,fusion,external,control
10.1186/1476-4598-9-100,fusion,external,control
10.1136/bmjgast-2023-001247,fusion,external,control
10.1038/s41523-022-00423-z,fusion,external,control
10.1038/modpathol.3880256,fusion,external,control
10.1002/cam4.1135,fusion,external,control
10.3390/ijms222413386,fusion,external,control
10.1038/sj.bjc.6605058,fusion,external,control
10.1186/s12885-018-4676-z,fusion,external,control
10.1186/1471-2407-14-413,fusion,external,control
10.1371/journal.pone.0121398,fusion,external,control
10.5603/rpor.99673,fusion,external,control
10.1038/s41598-021-83102-6,fusion,external,control
10.1136/bmjopen-2021-056396,fusion,external,control
10.1177/0269216319825972,fusion,external,control
10.3390/cancers11121981,fusion,external,control
10.1038/s41467-019-12652-1,fusion,external,control
10.1002/brb3.858,fusion,external,control
10.1186/1471-2407-13-1,fusion,external,control
10.2967/jnumed.111.094771,fusion,external,control
10.1245/s10434-017-5818-2,fusion,external,control
10.1186/s12885-024-12070-7,fusion,external,control
10.1111/cts.12809,fusion,external,control
10.1097/cej.0000000000000311,fusion,external,control
10.1080/2162402x.2020.1783046,fusion,external,control
10.1186/s12957-014-0429-x,fusion,external,control
10.3390/cancers11030347,fusion,external,control
10.1371/journal.pone.0112839,fusion,external,control
10.1186/s12885-016-2466-z,fusion,external,control
10.1117/1.jmi.9.3.033503,fusion,external,control
10.1007/s00330-012-2669-x,fusion,external,control
10.1002/adhm.202301137,fusion,external,control
10.1038/s41598-022-09698-5,fusion,external,control
10.1007/s00394-017-1526-8,fusion,external,control
10.1371/journal.pone.0039445,fusion,external,control
10.1097/md.0000000000004588,fusion,external,control
10.1186/s12885-022-09315-8,fusion,external,control
10.1038/s41598-018-36036-5,fusion,external,control
10.1186/s13058-024-01879-6,fusion,external,control
10.1016/j.tipsro.2021.07.001,fusion,external,control
10.1038/sj.bjc.6603961,fusion,external,control
10.3892/ijo.28.5.1031,fusion,external,control
10.1002/1878-0261.13159,fusion,external,control
10.1038/s41467-020-15315-8,fusion,external,control
10.1080/1354750x.2023.2168063,fusion,external,control
10.1186/s12885-019-6485-4,fusion,external,control
10.1007/s11357-023-00783-9,fusion,external,control
10.1186/s13058-017-0911-9,fusion,external,control
10.1016/j.phro.2021.03.004,fusion,external,control
10.1245/s10434-020-08649-6,fusion,external,control
10.1186/s13053-016-0062-5,fusion,external,control
10.1177/11795549221086578,fusion,external,control
10.1007/s00268-021-06426-4,fusion,external,control
10.1038/sj.bjc.6602543,fusion,external,control
10.1186/1471-2407-14-872,fusion,external,control
10.1371/journal.pone.0199038,fusion,external,control
10.3390/cancers10120518,fusion,external,control
10.1111/cpf.12785,fusion,external,control
10.1080/03009730802688835,fusion,external,control
10.1186/s12967-017-1256-y,fusion,external,control
10.1038/bjc.2015.207,fusion,external,control
10.1007/s10549-020-06022-5,fusion,external,control
10.1186/s13014-017-0829-5,fusion,external,control
10.2340/1651-226x.2024.40003,fusion,external,control
10.1007/s10549-013-2677-9,fusion,external,control
10.1186/s12957-021-02308-0,fusion,external,control
10.7554/elife.71035,fusion,external,control
10.1371/journal.pone.0026539,fusion,external,control
10.4161/cc.29339,fusion,external,control
10.1002/acm2.14044,fusion,external,control
10.1186/s12957-019-1771-9,fusion,external,control
10.1007/s10549-024-07564-8,fusion,external,control
10.1371/journal.pone.0208115,fusion,external,control
10.1107/s2059798322004132,fusion,external,control
10.1186/1471-2407-9-67,fusion,external,control
10.2967/jnumed.121.261993,fusion,external,control
10.1136/jclinpath-2015-202888,fusion,external,control
10.1136/gutjnl-2015-309675,fusion,external,control
10.1186/1471-2407-13-408,fusion,external,control
10.1186/s13058-023-01719-z,fusion,external,control
10.3390/children11010095,fusion,external,control
10.1002/ijc.34226,fusion,external,control
10.1371/journal.pone.0012724,fusion,external,control
10.1016/j.euros.2022.12.004,fusion,external,control
10.3389/fphar.2012.00151,fusion,external,control
10.1186/s13058-018-1065-0,fusion,external,control
10.1371/journal.pcbi.1008898,fusion,external,control
10.2147/ott.s70922,fusion,external,control
10.1016/j.euros.2022.04.013,fusion,external,control
10.1007/s00384-014-1932-9,fusion,external,control
10.1186/s12885-018-4568-2,fusion,external,control
10.1371/journal.pone.0186852,fusion,external,control
10.1371/journal.pone.0248550,fusion,external,control
10.3390/ijms19124123,fusion,external,control
10.1186/s12885-016-2874-0,fusion,external,control
10.1186/s12905-021-01242-3,fusion,external,control
10.1007/s10549-012-2376-y,fusion,external,control
10.3390/cancers14040913,fusion,external,control
10.1371/journal.pone.0155402,fusion,external,control
10.1186/s13058-024-01812-x,fusion,external,control
10.1002/cncr.28174,fusion,external,control
10.3390/diagnostics12051031,fusion,external,control
10.3390/biom11111721,fusion,external,control
10.1186/s12885-019-5827-6,fusion,external,control
10.4137/grsb.s562,fusion,external,control
10.1371/journal.pone.0005231,fusion,external,control
10.1073/pnas.1910722117,fusion,external,control
10.3390/cancers15071972,fusion,external,control
10.4236/ojn.2016.65038,fusion,external,control
10.1016/j.adro.2019.11.007,fusion,external,control
10.3892/ijo_00000705,fusion,external,control
10.1002/bco2.337,fusion,external,control
10.1371/journal.pone.0155242,fusion,external,control
10.1186/1471-2407-8-98,fusion,external,control
10.1007/s00467-020-04546-y,fusion,external,control
10.1002/cjp2.238,fusion,external,control
10.1177/15347354221118328,fusion,external,control
10.1186/s12885-022-09384-9,fusion,external,control
10.3390/jpm13091355,fusion,external,control
10.3390/cancers15143571,fusion,external,control
10.1186/s12885-023-11147-z,fusion,external,control
10.1016/j.tranon.2020.100793,fusion,external,control
10.1002/ijc.33242,fusion,external,control
10.1001/jamanetworkopen.2023.54577,fusion,external,control
10.4103/2153-3539.175378,fusion,external,control
10.3390/ijms21176220,fusion,external,control
10.1002/ijc.33902,fusion,external,control
10.1186/1472-6793-1-1,fusion,external,control
10.1038/bjc.2011.112,fusion,external,control
10.1038/ncomms10974,fusion,external,control
10.1016/j.euros.2024.12.007,fusion,external,control
10.1177/0284185119900436,fusion,external,control
10.3109/0284186x.2014.923934,fusion,external,control
10.1016/j.celrep.2018.03.114,fusion,external,control
10.1038/s41598-019-52914-y,fusion,external,control
10.1038/sj.bjc.6604834,fusion,external,control
10.1136/bmjopen-2024-083895,fusion,external,control
10.1038/onc.2015.497,fusion,external,control
10.1038/onc.2010.151,fusion,external,control
10.1038/onc.2011.325,fusion,external,control
10.1038/s41388-021-01684-x,fusion,external,control
10.1016/j.cell.2020.06.036,fusion,external,control
10.1038/onc.2011.480,fusion,external,control
10.1038/onc.2010.385,fusion,external,control
10.1038/s41388-019-0702-0,fusion,external,control
10.1038/s44318-024-00188-0,fusion,external,control
10.1038/nm.3480,fusion,external,control
10.1016/j.ccr.2008.02.010,fusion,external,control
10.1038/s41591-023-02589-w,fusion,external,control
10.1038/s41388-019-0901-8,fusion,external,control
10.1038/s41388-018-0295-z,fusion,external,control
10.1038/onc.2014.298,fusion,external,control
10.1016/j.molcel.2021.03.019,fusion,external,control
10.1038/s41388-024-03028-x,fusion,external,control
10.1038/s41591-022-01937-6,fusion,external,control
10.1038/s41591-024-03077-5,fusion,external,control
10.1016/j.ccr.2014.03.006,fusion,external,control
10.1016/j.ccell.2021.01.007,fusion,external,control
10.1038/onc.2009.402,fusion,external,control
10.1038/onc.2013.585,fusion,external,control
10.1038/onc.2010.199,fusion,external,control
10.1038/onc.2015.2,fusion,external,control
10.1038/onc.2009.130,fusion,external,control
10.1038/onc.2010.586,fusion,external,control
10.1038/s41591-018-0115-6,fusion,external,control
10.1038/s41388-021-01914-2,fusion,external,control
10.1038/s41591-021-01541-0,fusion,external,control
10.1038/s41388-020-01429-2,fusion,external,control
10.1016/j.cell.2022.09.005,fusion,external,control
10.1038/onc.2013.553,fusion,external,control
10.1038/onc.2011.450,fusion,external,control
10.1038/onc.2010.170,fusion,external,control
10.1038/s41388-024-03135-9,fusion,external,control
10.1038/s41388-021-01782-w,fusion,external,control
10.1038/onc.2015.97,fusion,external,control
10.1038/s41388-023-02694-7,fusion,external,control
10.1038/s41388-021-01787-5,fusion,external,control
10.15252/embj.2019104013,fusion,external,control
10.1038/s41591-022-01731-4,fusion,external,control
10.1038/onc.2010.536,fusion,external,control
10.1016/j.ccell.2023.07.010,fusion,external,control
10.1038/s41388-019-0940-1,fusion,external,control
10.1038/onc.2009.409,fusion,external,control
10.1038/s41591-024-03244-8,fusion,external,control
10.1038/onc.2015.394,fusion,external,control
10.1038/onc.2015.280,fusion,external,control
10.1038/onc.2015.187,fusion,external,control
10.1038/s41388-023-02925-x,fusion,external,control
10.1038/onc.2010.560,fusion,external,control
10.1038/onc.2016.223,fusion,external,control
10.1038/s41388-018-0368-z,fusion,external,control
10.1038/s44318-024-00113-5,fusion,external,control
10.1038/onc.2014.143,fusion,external,control
10.1038/s41388-017-0115-x,fusion,external,control
10.1016/j.ccell.2022.09.014,fusion,external,control
10.1016/j.ccr.2013.05.014,fusion,external,control
10.1038/s41388-018-0636-y,fusion,external,control
10.1038/s41388-024-03210-1,fusion,external,control
10.1038/sj.emboj.7601886,fusion,external,control
10.1038/s41388-020-01399-5,fusion,external,control
10.1038/onc.2009.463,fusion,external,control
10.1038/onc.2012.355,fusion,external,control
10.1038/s41591-022-01694-6,fusion,external,control
10.1038/onc.2016.75,fusion,external,control
10.1016/j.ccell.2019.02.009,fusion,external,control
10.1038/nm.3029,fusion,external,control
10.1038/s41591-022-01720-7,fusion,external,control
10.1038/s41388-020-01433-6,fusion,external,control
10.1038/s41388-023-02638-1,fusion,external,control
10.1038/s41388-018-0292-2,fusion,external,control
10.1038/onc.2015.409,fusion,external,control
10.1038/s41388-020-1214-7,fusion,external,control
10.1038/onc.2011.370,fusion,external,control
10.1038/s41388-021-02003-0,fusion,external,control
10.1038/s41388-018-0439-1,fusion,external,control
10.1038/s41388-020-01563-x,fusion,external,control
10.1038/s41388-024-03231-w,fusion,external,control
10.1038/onc.2015.282,fusion,external,control
10.1038/s41388-020-1370-9,fusion,external,control
10.1016/j.ccr.2011.11.017,fusion,external,control
10.1038/s41591-023-02758-x,fusion,external,control
10.1038/nm.4120,fusion,external,control
10.1038/onc.2012.620,fusion,external,control
10.1038/onc.2015.345,fusion,external,control
10.1038/onc.2010.17,fusion,external,control
10.1038/s44318-024-00040-5,fusion,external,control
10.1016/j.cell.2020.10.036,fusion,external,control
10.1038/s41388-019-0712-y,fusion,external,control
10.1038/s41388-020-01507-5,fusion,external,control
10.1038/onc.2011.94,fusion,external,control
10.1016/j.molcel.2017.01.021,fusion,external,control
10.1038/s41388-021-01724-6,fusion,external,control
10.1038/s41388-018-0546-z,fusion,external,control
10.15252/embj.201695553,fusion,external,control
10.1038/s41388-018-0289-x,fusion,external,control
10.1038/onc.2017.318,fusion,external,control
10.1038/onc.2015.344,fusion,external,control
10.1016/j.ccell.2021.06.002,fusion,external,control
10.1016/j.ccr.2007.11.014,fusion,external,control
10.1016/j.molcel.2014.01.029,fusion,external,control
10.1038/onc.2013.398,fusion,external,control
10.1038/s41388-023-02705-7,fusion,external,control
10.1038/onc.2015.301,fusion,external,control
10.1038/onc.2013.363,fusion,external,control
10.1016/j.ccell.2019.12.012,fusion,external,control
10.1038/s41388-021-01824-3,fusion,external,control
10.1016/j.ccell.2023.06.006,fusion,external,control
10.1038/s41591-021-01553-w,fusion,external,control
10.1038/s41591-023-02600-4,fusion,external,control
10.1038/onc.2017.247,fusion,external,control
10.1038/onc.2011.243,fusion,external,control
10.1016/j.ccell.2022.08.014,fusion,external,control
10.1038/s41388-022-02223-y,fusion,external,control
10.1038/onc.2012.260,fusion,external,control
10.1038/onc.2014.199,fusion,external,control
10.1038/s41388-022-02475-8,fusion,external,control
10.15252/embj.2021108125,fusion,external,control
10.1038/onc.2011.496,fusion,external,control
10.1038/s41388-020-01515-5,fusion,external,control
10.1038/onc.2011.520,fusion,external,control
10.1038/s41388-019-0885-4,fusion,external,control
10.1038/s41388-021-01754-0,fusion,external,control
10.1038/s41388-021-01680-1,fusion,external,control
10.1016/j.ccell.2023.04.002,fusion,external,control
10.1038/onc.2014.94,fusion,external,control
10.1038/s41388-018-0286-0,fusion,external,control
10.1038/s41388-023-02835-y,fusion,external,control
10.1016/j.cell.2019.05.047,fusion,external,control
10.1038/onc.2014.97,fusion,external,control
10.1016/j.ccell.2015.12.002,fusion,external,control
10.1038/s41388-019-0694-9,fusion,external,control
10.15252/embj.2022110844,fusion,external,control
10.1038/nm.2401,fusion,external,control
10.1038/onc.2009.452,fusion,external,control
10.1038/onc.2015.163,fusion,external,control
10.1038/onc.2010.327,fusion,external,control
10.1038/onc.2016.454,fusion,external,control
10.1038/onc.2010.605,fusion,external,control
10.1038/onc.2016.307,fusion,external,control
10.1038/onc.2015.487,fusion,external,control
10.1038/onc.2010.496,fusion,external,control
10.1038/onc.2016.218,fusion,external,control
10.1038/s44318-024-00262-7,fusion,external,control
10.1038/onc.2010.563,fusion,external,control
10.1038/s41591-023-02601-3,fusion,external,control
10.1038/s41388-021-01874-7,fusion,external,control
10.1038/s41388-022-02289-8,fusion,external,control
10.1038/s41388-022-02199-9,fusion,external,control
10.1038/s41591-023-02372-x,fusion,external,control
10.1038/onc.2011.505,fusion,external,control
10.1038/s41388-019-0692-y,fusion,external,control
10.1038/onc.2016.376,fusion,external,control
10.1038/s41591-024-03235-9,fusion,external,control
10.1038/s41388-020-01389-7,fusion,external,control
10.15252/embj.201592409,fusion,external,control
10.1038/s41591-022-01754-x,fusion,external,control
10.1038/onc.2011.383,fusion,external,control
10.1038/s41388-019-1111-0,fusion,external,control
10.1038/onc.2015.91,fusion,external,control
10.1038/onc.2010.329,fusion,external,control
10.1038/onc.2011.5,fusion,external,control
10.1038/s41388-024-03148-4,fusion,external,control
10.1038/onc.2015.94,fusion,external,control
10.15252/embj.2022112806,fusion,external,control
10.1038/s41591-021-01436-0,fusion,external,control
10.1038/onc.2014.207,fusion,external,control
10.1038/onc.2013.470,fusion,external,control
10.1038/s41591-022-02189-0,fusion,external,control
10.15252/embj.201899735,fusion,external,control
10.1016/j.ccell.2023.12.005,fusion,external,control
10.1038/onc.2016.522,fusion,external,control
10.1038/onc.2009.116,fusion,external,control
10.1038/s41388-017-0060-8,fusion,external,control
10.1038/s41388-020-1289-1,fusion,external,control
10.1038/s41388-020-1195-6,fusion,external,control
10.1038/onc.2015.117,fusion,external,control
10.1016/j.cell.2018.11.046,fusion,external,control
10.1038/onc.2017.305,fusion,external,control
10.1038/onc.2014.211,fusion,external,control
10.1038/onc.2015.483,fusion,external,control
10.1038/s41388-021-02039-2,fusion,external,control
10.1038/s41388-022-02209-w,fusion,external,control
10.1038/s41591-023-02478-2,fusion,external,control
10.1016/j.ccr.2014.07.027,fusion,external,control
10.1038/onc.2014.34,fusion,external,control
10.1016/j.cell.2009.12.040,fusion,external,control
10.1038/onc.2014.318,fusion,external,control
10.1038/onc.2011.430,fusion,external,control
10.15252/embj.2019102147,fusion,external,control
10.1038/s41388-023-02709-3,fusion,external,control
10.15252/embj.2019103209,fusion,external,control
10.1016/j.ccr.2013.08.013,fusion,external,control
10.1038/onc.2017.352,fusion,external,control
10.1038/onc.2013.399,fusion,external,control
10.1016/j.ccell.2016.02.003,fusion,external,control
10.1038/s41591-023-02332-5,fusion,external,control
10.1038/s41591-023-02568-1,fusion,external,control
10.1038/s41388-018-0307-z,fusion,external,control
10.1038/s44318-024-00309-9,fusion,external,control
